--
-- PostgreSQL database dump
--

-- Dumped from database version 16.9 (Ubuntu 16.9-0ubuntu0.24.04.1)
-- Dumped by pg_dump version 16.9 (Ubuntu 16.9-0ubuntu0.24.04.1)

SET statement_timeout = 0;
SET lock_timeout = 0;
SET idle_in_transaction_session_timeout = 0;
SET client_encoding = 'UTF8';
SET standard_conforming_strings = on;
SELECT pg_catalog.set_config('search_path', '', false);
SET check_function_bodies = false;
SET xmloption = content;
SET client_min_messages = warning;
SET row_security = off;

SET default_tablespace = '';

SET default_table_access_method = heap;

--
-- Name: auth_group; Type: TABLE; Schema: public; Owner: dbadmin
--

CREATE TABLE public.auth_group (
    id integer NOT NULL,
    name character varying(150) NOT NULL
);


ALTER TABLE public.auth_group OWNER TO dbadmin;

--
-- Name: auth_group_id_seq; Type: SEQUENCE; Schema: public; Owner: dbadmin
--

ALTER TABLE public.auth_group ALTER COLUMN id ADD GENERATED BY DEFAULT AS IDENTITY (
    SEQUENCE NAME public.auth_group_id_seq
    START WITH 1
    INCREMENT BY 1
    NO MINVALUE
    NO MAXVALUE
    CACHE 1
);


--
-- Name: auth_group_permissions; Type: TABLE; Schema: public; Owner: dbadmin
--

CREATE TABLE public.auth_group_permissions (
    id bigint NOT NULL,
    group_id integer NOT NULL,
    permission_id integer NOT NULL
);


ALTER TABLE public.auth_group_permissions OWNER TO dbadmin;

--
-- Name: auth_group_permissions_id_seq; Type: SEQUENCE; Schema: public; Owner: dbadmin
--

ALTER TABLE public.auth_group_permissions ALTER COLUMN id ADD GENERATED BY DEFAULT AS IDENTITY (
    SEQUENCE NAME public.auth_group_permissions_id_seq
    START WITH 1
    INCREMENT BY 1
    NO MINVALUE
    NO MAXVALUE
    CACHE 1
);


--
-- Name: auth_permission; Type: TABLE; Schema: public; Owner: dbadmin
--

CREATE TABLE public.auth_permission (
    id integer NOT NULL,
    name character varying(255) NOT NULL,
    content_type_id integer NOT NULL,
    codename character varying(100) NOT NULL
);


ALTER TABLE public.auth_permission OWNER TO dbadmin;

--
-- Name: auth_permission_id_seq; Type: SEQUENCE; Schema: public; Owner: dbadmin
--

ALTER TABLE public.auth_permission ALTER COLUMN id ADD GENERATED BY DEFAULT AS IDENTITY (
    SEQUENCE NAME public.auth_permission_id_seq
    START WITH 1
    INCREMENT BY 1
    NO MINVALUE
    NO MAXVALUE
    CACHE 1
);


--
-- Name: auth_user; Type: TABLE; Schema: public; Owner: dbadmin
--

CREATE TABLE public.auth_user (
    id integer NOT NULL,
    password character varying(128) NOT NULL,
    last_login timestamp with time zone,
    is_superuser boolean NOT NULL,
    username character varying(150) NOT NULL,
    first_name character varying(150) NOT NULL,
    last_name character varying(150) NOT NULL,
    email character varying(254) NOT NULL,
    is_staff boolean NOT NULL,
    is_active boolean NOT NULL,
    date_joined timestamp with time zone NOT NULL
);


ALTER TABLE public.auth_user OWNER TO dbadmin;

--
-- Name: auth_user_groups; Type: TABLE; Schema: public; Owner: dbadmin
--

CREATE TABLE public.auth_user_groups (
    id bigint NOT NULL,
    user_id integer NOT NULL,
    group_id integer NOT NULL
);


ALTER TABLE public.auth_user_groups OWNER TO dbadmin;

--
-- Name: auth_user_groups_id_seq; Type: SEQUENCE; Schema: public; Owner: dbadmin
--

ALTER TABLE public.auth_user_groups ALTER COLUMN id ADD GENERATED BY DEFAULT AS IDENTITY (
    SEQUENCE NAME public.auth_user_groups_id_seq
    START WITH 1
    INCREMENT BY 1
    NO MINVALUE
    NO MAXVALUE
    CACHE 1
);


--
-- Name: auth_user_id_seq; Type: SEQUENCE; Schema: public; Owner: dbadmin
--

ALTER TABLE public.auth_user ALTER COLUMN id ADD GENERATED BY DEFAULT AS IDENTITY (
    SEQUENCE NAME public.auth_user_id_seq
    START WITH 1
    INCREMENT BY 1
    NO MINVALUE
    NO MAXVALUE
    CACHE 1
);


--
-- Name: auth_user_user_permissions; Type: TABLE; Schema: public; Owner: dbadmin
--

CREATE TABLE public.auth_user_user_permissions (
    id bigint NOT NULL,
    user_id integer NOT NULL,
    permission_id integer NOT NULL
);


ALTER TABLE public.auth_user_user_permissions OWNER TO dbadmin;

--
-- Name: auth_user_user_permissions_id_seq; Type: SEQUENCE; Schema: public; Owner: dbadmin
--

ALTER TABLE public.auth_user_user_permissions ALTER COLUMN id ADD GENERATED BY DEFAULT AS IDENTITY (
    SEQUENCE NAME public.auth_user_user_permissions_id_seq
    START WITH 1
    INCREMENT BY 1
    NO MINVALUE
    NO MAXVALUE
    CACHE 1
);


--
-- Name: django_admin_log; Type: TABLE; Schema: public; Owner: dbadmin
--

CREATE TABLE public.django_admin_log (
    id integer NOT NULL,
    action_time timestamp with time zone NOT NULL,
    object_id text,
    object_repr character varying(200) NOT NULL,
    action_flag smallint NOT NULL,
    change_message text NOT NULL,
    content_type_id integer,
    user_id integer NOT NULL,
    CONSTRAINT django_admin_log_action_flag_check CHECK ((action_flag >= 0))
);


ALTER TABLE public.django_admin_log OWNER TO dbadmin;

--
-- Name: django_admin_log_id_seq; Type: SEQUENCE; Schema: public; Owner: dbadmin
--

ALTER TABLE public.django_admin_log ALTER COLUMN id ADD GENERATED BY DEFAULT AS IDENTITY (
    SEQUENCE NAME public.django_admin_log_id_seq
    START WITH 1
    INCREMENT BY 1
    NO MINVALUE
    NO MAXVALUE
    CACHE 1
);


--
-- Name: django_content_type; Type: TABLE; Schema: public; Owner: dbadmin
--

CREATE TABLE public.django_content_type (
    id integer NOT NULL,
    app_label character varying(100) NOT NULL,
    model character varying(100) NOT NULL
);


ALTER TABLE public.django_content_type OWNER TO dbadmin;

--
-- Name: django_content_type_id_seq; Type: SEQUENCE; Schema: public; Owner: dbadmin
--

ALTER TABLE public.django_content_type ALTER COLUMN id ADD GENERATED BY DEFAULT AS IDENTITY (
    SEQUENCE NAME public.django_content_type_id_seq
    START WITH 1
    INCREMENT BY 1
    NO MINVALUE
    NO MAXVALUE
    CACHE 1
);


--
-- Name: django_migrations; Type: TABLE; Schema: public; Owner: dbadmin
--

CREATE TABLE public.django_migrations (
    id bigint NOT NULL,
    app character varying(255) NOT NULL,
    name character varying(255) NOT NULL,
    applied timestamp with time zone NOT NULL
);


ALTER TABLE public.django_migrations OWNER TO dbadmin;

--
-- Name: django_migrations_id_seq; Type: SEQUENCE; Schema: public; Owner: dbadmin
--

ALTER TABLE public.django_migrations ALTER COLUMN id ADD GENERATED BY DEFAULT AS IDENTITY (
    SEQUENCE NAME public.django_migrations_id_seq
    START WITH 1
    INCREMENT BY 1
    NO MINVALUE
    NO MAXVALUE
    CACHE 1
);


--
-- Name: django_session; Type: TABLE; Schema: public; Owner: dbadmin
--

CREATE TABLE public.django_session (
    session_key character varying(40) NOT NULL,
    session_data text NOT NULL,
    expire_date timestamp with time zone NOT NULL
);


ALTER TABLE public.django_session OWNER TO dbadmin;

--
-- Name: django_site; Type: TABLE; Schema: public; Owner: dbadmin
--

CREATE TABLE public.django_site (
    id integer NOT NULL,
    domain character varying(100) NOT NULL,
    name character varying(50) NOT NULL
);


ALTER TABLE public.django_site OWNER TO dbadmin;

--
-- Name: django_site_id_seq; Type: SEQUENCE; Schema: public; Owner: dbadmin
--

ALTER TABLE public.django_site ALTER COLUMN id ADD GENERATED BY DEFAULT AS IDENTITY (
    SEQUENCE NAME public.django_site_id_seq
    START WITH 1
    INCREMENT BY 1
    NO MINVALUE
    NO MAXVALUE
    CACHE 1
);


--
-- Name: finance_category; Type: TABLE; Schema: public; Owner: dbadmin
--

CREATE TABLE public.finance_category (
    id bigint NOT NULL,
    name character varying(100) NOT NULL,
    description text NOT NULL,
    type character varying(10) NOT NULL,
    site_id integer NOT NULL
);


ALTER TABLE public.finance_category OWNER TO dbadmin;

--
-- Name: finance_category_id_seq; Type: SEQUENCE; Schema: public; Owner: dbadmin
--

ALTER TABLE public.finance_category ALTER COLUMN id ADD GENERATED BY DEFAULT AS IDENTITY (
    SEQUENCE NAME public.finance_category_id_seq
    START WITH 1
    INCREMENT BY 1
    NO MINVALUE
    NO MAXVALUE
    CACHE 1
);


--
-- Name: finance_financetransaction; Type: TABLE; Schema: public; Owner: dbadmin
--

CREATE TABLE public.finance_financetransaction (
    id bigint NOT NULL,
    type character varying(20) NOT NULL,
    amount numeric(12,2) NOT NULL,
    date date NOT NULL,
    description text NOT NULL,
    payment_method character varying(10) NOT NULL,
    reference character varying(50) NOT NULL,
    recurring boolean NOT NULL,
    frequency character varying(10) NOT NULL,
    created_at timestamp with time zone NOT NULL,
    document character varying(100),
    auto_generated boolean NOT NULL,
    source_type character varying(20) NOT NULL,
    source_id integer,
    category_id bigint NOT NULL,
    created_by_id integer NOT NULL,
    site_id integer NOT NULL,
    CONSTRAINT finance_financetransaction_source_id_check CHECK ((source_id >= 0))
);


ALTER TABLE public.finance_financetransaction OWNER TO dbadmin;

--
-- Name: finance_financetransaction_id_seq; Type: SEQUENCE; Schema: public; Owner: dbadmin
--

ALTER TABLE public.finance_financetransaction ALTER COLUMN id ADD GENERATED BY DEFAULT AS IDENTITY (
    SEQUENCE NAME public.finance_financetransaction_id_seq
    START WITH 1
    INCREMENT BY 1
    NO MINVALUE
    NO MAXVALUE
    CACHE 1
);


--
-- Name: finance_financialsummary; Type: TABLE; Schema: public; Owner: dbadmin
--

CREATE TABLE public.finance_financialsummary (
    id bigint NOT NULL,
    year integer NOT NULL,
    month integer NOT NULL,
    total_sales numeric(15,2) NOT NULL,
    total_invoices integer NOT NULL,
    average_sale_value numeric(12,2) NOT NULL,
    total_purchases numeric(15,2) NOT NULL,
    total_purchase_orders integer NOT NULL,
    total_purchase_payments numeric(15,2) NOT NULL,
    gross_profit numeric(15,2) NOT NULL,
    profit_margin numeric(5,2) NOT NULL,
    cash_inflow numeric(15,2) NOT NULL,
    cash_outflow numeric(15,2) NOT NULL,
    net_cash_flow numeric(15,2) NOT NULL,
    updated_at timestamp with time zone NOT NULL,
    site_id integer NOT NULL
);


ALTER TABLE public.finance_financialsummary OWNER TO dbadmin;

--
-- Name: finance_financialsummary_id_seq; Type: SEQUENCE; Schema: public; Owner: dbadmin
--

ALTER TABLE public.finance_financialsummary ALTER COLUMN id ADD GENERATED BY DEFAULT AS IDENTITY (
    SEQUENCE NAME public.finance_financialsummary_id_seq
    START WITH 1
    INCREMENT BY 1
    NO MINVALUE
    NO MAXVALUE
    CACHE 1
);


--
-- Name: finance_inventorytransaction; Type: TABLE; Schema: public; Owner: dbadmin
--

CREATE TABLE public.finance_inventorytransaction (
    id bigint NOT NULL,
    type character varying(20) NOT NULL,
    quantity integer NOT NULL,
    unit_cost numeric(10,2) NOT NULL,
    unit_price numeric(10,2),
    total_cost numeric(12,2) NOT NULL,
    total_revenue numeric(12,2),
    date timestamp with time zone NOT NULL,
    notes text NOT NULL,
    invoice_id bigint,
    product_id bigint NOT NULL,
    purchase_order_id bigint,
    site_id integer NOT NULL
);


ALTER TABLE public.finance_inventorytransaction OWNER TO dbadmin;

--
-- Name: finance_inventorytransaction_id_seq; Type: SEQUENCE; Schema: public; Owner: dbadmin
--

ALTER TABLE public.finance_inventorytransaction ALTER COLUMN id ADD GENERATED BY DEFAULT AS IDENTITY (
    SEQUENCE NAME public.finance_inventorytransaction_id_seq
    START WITH 1
    INCREMENT BY 1
    NO MINVALUE
    NO MAXVALUE
    CACHE 1
);


--
-- Name: portal_cart; Type: TABLE; Schema: public; Owner: dbadmin
--

CREATE TABLE public.portal_cart (
    id bigint NOT NULL,
    created_at timestamp with time zone NOT NULL,
    updated_at timestamp with time zone NOT NULL,
    user_id integer NOT NULL,
    site_id integer NOT NULL
);


ALTER TABLE public.portal_cart OWNER TO dbadmin;

--
-- Name: portal_cart_id_seq; Type: SEQUENCE; Schema: public; Owner: dbadmin
--

ALTER TABLE public.portal_cart ALTER COLUMN id ADD GENERATED BY DEFAULT AS IDENTITY (
    SEQUENCE NAME public.portal_cart_id_seq
    START WITH 1
    INCREMENT BY 1
    NO MINVALUE
    NO MAXVALUE
    CACHE 1
);


--
-- Name: portal_cartitem; Type: TABLE; Schema: public; Owner: dbadmin
--

CREATE TABLE public.portal_cartitem (
    id bigint NOT NULL,
    quantity integer NOT NULL,
    requested_delivery_date date,
    special_instructions text,
    cart_id bigint NOT NULL,
    product_id bigint NOT NULL,
    site_id integer NOT NULL,
    CONSTRAINT portal_cartitem_quantity_check CHECK ((quantity >= 0))
);


ALTER TABLE public.portal_cartitem OWNER TO dbadmin;

--
-- Name: portal_cartitem_id_seq; Type: SEQUENCE; Schema: public; Owner: dbadmin
--

ALTER TABLE public.portal_cartitem ALTER COLUMN id ADD GENERATED BY DEFAULT AS IDENTITY (
    SEQUENCE NAME public.portal_cartitem_id_seq
    START WITH 1
    INCREMENT BY 1
    NO MINVALUE
    NO MAXVALUE
    CACHE 1
);


--
-- Name: portal_category; Type: TABLE; Schema: public; Owner: dbadmin
--

CREATE TABLE public.portal_category (
    id bigint NOT NULL,
    name character varying(100) NOT NULL,
    description text NOT NULL,
    icon character varying(50) NOT NULL,
    site_id integer NOT NULL,
    parent_id bigint
);


ALTER TABLE public.portal_category OWNER TO dbadmin;

--
-- Name: portal_category_id_seq; Type: SEQUENCE; Schema: public; Owner: dbadmin
--

ALTER TABLE public.portal_category ALTER COLUMN id ADD GENERATED BY DEFAULT AS IDENTITY (
    SEQUENCE NAME public.portal_category_id_seq
    START WITH 1
    INCREMENT BY 1
    NO MINVALUE
    NO MAXVALUE
    CACHE 1
);


--
-- Name: portal_customer; Type: TABLE; Schema: public; Owner: dbadmin
--

CREATE TABLE public.portal_customer (
    id bigint NOT NULL,
    customer_id character varying(10) NOT NULL,
    full_name character varying(100) NOT NULL,
    phone character varying(20) NOT NULL,
    company_name character varying(100),
    address text,
    tax_number character varying(50),
    created_at timestamp with time zone NOT NULL,
    updated_at timestamp with time zone NOT NULL,
    preferred_contact_method character varying(10) NOT NULL,
    site_id integer NOT NULL
);


ALTER TABLE public.portal_customer OWNER TO dbadmin;

--
-- Name: portal_customer_id_seq; Type: SEQUENCE; Schema: public; Owner: dbadmin
--

ALTER TABLE public.portal_customer ALTER COLUMN id ADD GENERATED BY DEFAULT AS IDENTITY (
    SEQUENCE NAME public.portal_customer_id_seq
    START WITH 1
    INCREMENT BY 1
    NO MINVALUE
    NO MAXVALUE
    CACHE 1
);


--
-- Name: portal_invoice; Type: TABLE; Schema: public; Owner: dbadmin
--

CREATE TABLE public.portal_invoice (
    id bigint NOT NULL,
    payment_mode character varying(10) NOT NULL,
    split_details jsonb,
    invoice_number character varying(50),
    date date NOT NULL,
    due_date date NOT NULL,
    status character varying(20) NOT NULL,
    notes text NOT NULL,
    subtotal numeric(12,2) NOT NULL,
    tax numeric(12,2) NOT NULL,
    total numeric(12,2) NOT NULL,
    discount_type character varying(10) NOT NULL,
    discount_value numeric(10,2) NOT NULL,
    discount_amount numeric(10,2) NOT NULL,
    grand_total numeric(12,2) NOT NULL,
    customer_id bigint,
    cash_amount numeric(10,2) NOT NULL,
    other_amount numeric(10,2) NOT NULL,
    other_method character varying(50) NOT NULL,
    pos_amount numeric(10,2) NOT NULL,
    site_id integer NOT NULL
);


ALTER TABLE public.portal_invoice OWNER TO dbadmin;

--
-- Name: portal_invoice_id_seq; Type: SEQUENCE; Schema: public; Owner: dbadmin
--

ALTER TABLE public.portal_invoice ALTER COLUMN id ADD GENERATED BY DEFAULT AS IDENTITY (
    SEQUENCE NAME public.portal_invoice_id_seq
    START WITH 1
    INCREMENT BY 1
    NO MINVALUE
    NO MAXVALUE
    CACHE 1
);


--
-- Name: portal_invoiceitem; Type: TABLE; Schema: public; Owner: dbadmin
--

CREATE TABLE public.portal_invoiceitem (
    id bigint NOT NULL,
    quantity integer NOT NULL,
    unit_price numeric(10,2),
    invoice_id bigint NOT NULL,
    product_id bigint NOT NULL,
    site_id integer NOT NULL,
    CONSTRAINT portal_invoiceitem_quantity_check CHECK ((quantity >= 0))
);


ALTER TABLE public.portal_invoiceitem OWNER TO dbadmin;

--
-- Name: portal_invoiceitem_id_seq; Type: SEQUENCE; Schema: public; Owner: dbadmin
--

ALTER TABLE public.portal_invoiceitem ALTER COLUMN id ADD GENERATED BY DEFAULT AS IDENTITY (
    SEQUENCE NAME public.portal_invoiceitem_id_seq
    START WITH 1
    INCREMENT BY 1
    NO MINVALUE
    NO MAXVALUE
    CACHE 1
);


--
-- Name: portal_order; Type: TABLE; Schema: public; Owner: dbadmin
--

CREATE TABLE public.portal_order (
    id bigint NOT NULL,
    order_number character varying(20) NOT NULL,
    total_price numeric(12,2) NOT NULL,
    order_date timestamp with time zone NOT NULL,
    status character varying(20) NOT NULL,
    payment_status boolean NOT NULL,
    delivery_address text NOT NULL,
    preferred_contact character varying(100) NOT NULL,
    user_id integer NOT NULL,
    site_id integer NOT NULL
);


ALTER TABLE public.portal_order OWNER TO dbadmin;

--
-- Name: portal_order_id_seq; Type: SEQUENCE; Schema: public; Owner: dbadmin
--

ALTER TABLE public.portal_order ALTER COLUMN id ADD GENERATED BY DEFAULT AS IDENTITY (
    SEQUENCE NAME public.portal_order_id_seq
    START WITH 1
    INCREMENT BY 1
    NO MINVALUE
    NO MAXVALUE
    CACHE 1
);


--
-- Name: portal_order_items; Type: TABLE; Schema: public; Owner: dbadmin
--

CREATE TABLE public.portal_order_items (
    id bigint NOT NULL,
    order_id bigint NOT NULL,
    cartitem_id bigint NOT NULL
);


ALTER TABLE public.portal_order_items OWNER TO dbadmin;

--
-- Name: portal_order_items_id_seq; Type: SEQUENCE; Schema: public; Owner: dbadmin
--

ALTER TABLE public.portal_order_items ALTER COLUMN id ADD GENERATED BY DEFAULT AS IDENTITY (
    SEQUENCE NAME public.portal_order_items_id_seq
    START WITH 1
    INCREMENT BY 1
    NO MINVALUE
    NO MAXVALUE
    CACHE 1
);


--
-- Name: portal_product; Type: TABLE; Schema: public; Owner: dbadmin
--

CREATE TABLE public.portal_product (
    id bigint NOT NULL,
    name character varying(200) NOT NULL,
    sku character varying(50) NOT NULL,
    description text NOT NULL,
    cost_price numeric(10,2) NOT NULL,
    unit_price numeric(10,2) NOT NULL,
    stock integer NOT NULL,
    image character varying(100),
    is_active boolean NOT NULL,
    warranty_period integer NOT NULL,
    barcode character varying(50),
    category_id bigint NOT NULL,
    site_id integer NOT NULL,
    CONSTRAINT portal_product_stock_check CHECK ((stock >= 0)),
    CONSTRAINT portal_product_warranty_period_check CHECK ((warranty_period >= 0))
);


ALTER TABLE public.portal_product OWNER TO dbadmin;

--
-- Name: portal_product_id_seq; Type: SEQUENCE; Schema: public; Owner: dbadmin
--

ALTER TABLE public.portal_product ALTER COLUMN id ADD GENERATED BY DEFAULT AS IDENTITY (
    SEQUENCE NAME public.portal_product_id_seq
    START WITH 1
    INCREMENT BY 1
    NO MINVALUE
    NO MAXVALUE
    CACHE 1
);


--
-- Name: portal_productenquiry; Type: TABLE; Schema: public; Owner: dbadmin
--

CREATE TABLE public.portal_productenquiry (
    id bigint NOT NULL,
    name character varying(100) NOT NULL,
    company character varying(100) NOT NULL,
    email character varying(254) NOT NULL,
    phone character varying(20) NOT NULL,
    product_interest character varying(20) NOT NULL,
    subject character varying(200) NOT NULL,
    message text NOT NULL,
    submitted_at timestamp with time zone NOT NULL,
    is_contacted boolean NOT NULL,
    site_id integer NOT NULL
);


ALTER TABLE public.portal_productenquiry OWNER TO dbadmin;

--
-- Name: portal_productenquiry_id_seq; Type: SEQUENCE; Schema: public; Owner: dbadmin
--

ALTER TABLE public.portal_productenquiry ALTER COLUMN id ADD GENERATED BY DEFAULT AS IDENTITY (
    SEQUENCE NAME public.portal_productenquiry_id_seq
    START WITH 1
    INCREMENT BY 1
    NO MINVALUE
    NO MAXVALUE
    CACHE 1
);


--
-- Name: procurement_purchaseitem; Type: TABLE; Schema: public; Owner: dbadmin
--

CREATE TABLE public.procurement_purchaseitem (
    id bigint NOT NULL,
    quantity integer NOT NULL,
    unit_cost numeric(10,2) NOT NULL,
    total numeric(10,2) NOT NULL,
    product_id bigint NOT NULL,
    purchase_order_id bigint NOT NULL,
    CONSTRAINT procurement_purchaseitem_quantity_check CHECK ((quantity >= 0))
);


ALTER TABLE public.procurement_purchaseitem OWNER TO dbadmin;

--
-- Name: procurement_purchaseitem_id_seq; Type: SEQUENCE; Schema: public; Owner: dbadmin
--

ALTER TABLE public.procurement_purchaseitem ALTER COLUMN id ADD GENERATED BY DEFAULT AS IDENTITY (
    SEQUENCE NAME public.procurement_purchaseitem_id_seq
    START WITH 1
    INCREMENT BY 1
    NO MINVALUE
    NO MAXVALUE
    CACHE 1
);


--
-- Name: procurement_purchaseorder; Type: TABLE; Schema: public; Owner: dbadmin
--

CREATE TABLE public.procurement_purchaseorder (
    id bigint NOT NULL,
    order_date date NOT NULL,
    delivery_date date NOT NULL,
    reference character varying(50) NOT NULL,
    notes text NOT NULL,
    subtotal numeric(12,2) NOT NULL,
    tax numeric(12,2) NOT NULL,
    total numeric(12,2) NOT NULL,
    payment_mode character varying(10) NOT NULL,
    payment_due date,
    status character varying(20) NOT NULL,
    created_at timestamp with time zone NOT NULL,
    updated_at timestamp with time zone NOT NULL,
    site_id integer NOT NULL,
    supplier_id bigint NOT NULL
);


ALTER TABLE public.procurement_purchaseorder OWNER TO dbadmin;

--
-- Name: procurement_purchaseorder_id_seq; Type: SEQUENCE; Schema: public; Owner: dbadmin
--

ALTER TABLE public.procurement_purchaseorder ALTER COLUMN id ADD GENERATED BY DEFAULT AS IDENTITY (
    SEQUENCE NAME public.procurement_purchaseorder_id_seq
    START WITH 1
    INCREMENT BY 1
    NO MINVALUE
    NO MAXVALUE
    CACHE 1
);


--
-- Name: procurement_purchasepayment; Type: TABLE; Schema: public; Owner: dbadmin
--

CREATE TABLE public.procurement_purchasepayment (
    id bigint NOT NULL,
    amount numeric(10,2) NOT NULL,
    amount_due numeric(12,2) NOT NULL,
    payment_date date NOT NULL,
    due_date date,
    payment_method character varying(20) NOT NULL,
    reference character varying(100) NOT NULL,
    status character varying(10) NOT NULL,
    notes text NOT NULL,
    created_at timestamp with time zone NOT NULL,
    updated_at timestamp with time zone NOT NULL,
    purchase_order_id bigint NOT NULL
);


ALTER TABLE public.procurement_purchasepayment OWNER TO dbadmin;

--
-- Name: procurement_purchasepayment_id_seq; Type: SEQUENCE; Schema: public; Owner: dbadmin
--

ALTER TABLE public.procurement_purchasepayment ALTER COLUMN id ADD GENERATED BY DEFAULT AS IDENTITY (
    SEQUENCE NAME public.procurement_purchasepayment_id_seq
    START WITH 1
    INCREMENT BY 1
    NO MINVALUE
    NO MAXVALUE
    CACHE 1
);


--
-- Name: procurement_supplier; Type: TABLE; Schema: public; Owner: dbadmin
--

CREATE TABLE public.procurement_supplier (
    id bigint NOT NULL,
    name character varying(100) NOT NULL,
    contact_person character varying(100) NOT NULL,
    phone character varying(20) NOT NULL,
    email character varying(254) NOT NULL,
    address text NOT NULL,
    tax_id character varying(50) NOT NULL,
    is_active boolean NOT NULL,
    created_at timestamp with time zone NOT NULL,
    updated_at timestamp with time zone NOT NULL,
    site_id integer NOT NULL
);


ALTER TABLE public.procurement_supplier OWNER TO dbadmin;

--
-- Name: procurement_supplier_id_seq; Type: SEQUENCE; Schema: public; Owner: dbadmin
--

ALTER TABLE public.procurement_supplier ALTER COLUMN id ADD GENERATED BY DEFAULT AS IDENTITY (
    SEQUENCE NAME public.procurement_supplier_id_seq
    START WITH 1
    INCREMENT BY 1
    NO MINVALUE
    NO MAXVALUE
    CACHE 1
);


--
-- Name: rbac_emailverification; Type: TABLE; Schema: public; Owner: dbadmin
--

CREATE TABLE public.rbac_emailverification (
    id bigint NOT NULL,
    token character varying(64) NOT NULL,
    created_at timestamp with time zone NOT NULL,
    verified boolean NOT NULL,
    user_id integer NOT NULL
);


ALTER TABLE public.rbac_emailverification OWNER TO dbadmin;

--
-- Name: rbac_emailverification_id_seq; Type: SEQUENCE; Schema: public; Owner: dbadmin
--

ALTER TABLE public.rbac_emailverification ALTER COLUMN id ADD GENERATED BY DEFAULT AS IDENTITY (
    SEQUENCE NAME public.rbac_emailverification_id_seq
    START WITH 1
    INCREMENT BY 1
    NO MINVALUE
    NO MAXVALUE
    CACHE 1
);


--
-- Name: rbac_sitepermissionlog; Type: TABLE; Schema: public; Owner: dbadmin
--

CREATE TABLE public.rbac_sitepermissionlog (
    id bigint NOT NULL,
    action character varying(100) NOT NULL,
    old_value jsonb,
    new_value jsonb,
    "timestamp" timestamp with time zone NOT NULL,
    ip_address inet,
    user_agent text NOT NULL,
    changed_by_id integer,
    site_id integer NOT NULL,
    user_id integer NOT NULL
);


ALTER TABLE public.rbac_sitepermissionlog OWNER TO dbadmin;

--
-- Name: rbac_sitepermissionlog_id_seq; Type: SEQUENCE; Schema: public; Owner: dbadmin
--

ALTER TABLE public.rbac_sitepermissionlog ALTER COLUMN id ADD GENERATED BY DEFAULT AS IDENTITY (
    SEQUENCE NAME public.rbac_sitepermissionlog_id_seq
    START WITH 1
    INCREMENT BY 1
    NO MINVALUE
    NO MAXVALUE
    CACHE 1
);


--
-- Name: rbac_siterole; Type: TABLE; Schema: public; Owner: dbadmin
--

CREATE TABLE public.rbac_siterole (
    id bigint NOT NULL,
    name character varying(100) NOT NULL,
    role_type character varying(20) NOT NULL,
    description text NOT NULL,
    is_active boolean NOT NULL,
    created_at timestamp with time zone NOT NULL,
    updated_at timestamp with time zone NOT NULL,
    can_view_dashboard boolean NOT NULL,
    can_manage_products boolean NOT NULL,
    can_manage_customers boolean NOT NULL,
    can_manage_orders boolean NOT NULL,
    can_view_reports boolean NOT NULL,
    can_manage_users boolean NOT NULL,
    can_manage_settings boolean NOT NULL,
    can_access_admin boolean NOT NULL,
    can_manage_finance boolean NOT NULL,
    can_manage_procurement boolean NOT NULL,
    site_id integer NOT NULL
);


ALTER TABLE public.rbac_siterole OWNER TO dbadmin;

--
-- Name: rbac_siterole_id_seq; Type: SEQUENCE; Schema: public; Owner: dbadmin
--

ALTER TABLE public.rbac_siterole ALTER COLUMN id ADD GENERATED BY DEFAULT AS IDENTITY (
    SEQUENCE NAME public.rbac_siterole_id_seq
    START WITH 1
    INCREMENT BY 1
    NO MINVALUE
    NO MAXVALUE
    CACHE 1
);


--
-- Name: rbac_siteuserprofile; Type: TABLE; Schema: public; Owner: dbadmin
--

CREATE TABLE public.rbac_siteuserprofile (
    id bigint NOT NULL,
    department character varying(100) NOT NULL,
    employee_id character varying(50) NOT NULL,
    phone character varying(20) NOT NULL,
    is_site_active boolean NOT NULL,
    last_login_site timestamp with time zone,
    created_at timestamp with time zone NOT NULL,
    updated_at timestamp with time zone NOT NULL,
    permission_overrides jsonb NOT NULL,
    role_id bigint,
    site_id integer NOT NULL,
    user_id integer NOT NULL
);


ALTER TABLE public.rbac_siteuserprofile OWNER TO dbadmin;

--
-- Name: rbac_siteuserprofile_id_seq; Type: SEQUENCE; Schema: public; Owner: dbadmin
--

ALTER TABLE public.rbac_siteuserprofile ALTER COLUMN id ADD GENERATED BY DEFAULT AS IDENTITY (
    SEQUENCE NAME public.rbac_siteuserprofile_id_seq
    START WITH 1
    INCREMENT BY 1
    NO MINVALUE
    NO MAXVALUE
    CACHE 1
);


--
-- Data for Name: auth_group; Type: TABLE DATA; Schema: public; Owner: dbadmin
--

COPY public.auth_group (id, name) FROM stdin;
3	al_malika_trading_&_services_accountant
4	al_malika_trading_&_services_customer_service
5	al_malika_trading_&_services_inventory_manager
6	al_malika_trading_&_services_sales_representative
7	al_malika_trading_&_services_site_administrator
8	al_malika_trading_&_services_site_manager
9	al_malika_trading_&_services_viewer
10	trendz_trading_&_services_accountant
11	trendz_trading_&_services_customer_service
12	trendz_trading_&_services_inventory_manager
13	trendz_trading_&_services_sales_representative
14	trendz_trading_&_services_site_administrator
15	trendz_trading_&_services_site_manager
16	trendz_trading_&_services_viewer
18	Dashboard Users
19	Reports Users
20	Managers
21	Report Users
17	Trendz
\.


--
-- Data for Name: auth_group_permissions; Type: TABLE DATA; Schema: public; Owner: dbadmin
--

COPY public.auth_group_permissions (id, group_id, permission_id) FROM stdin;
69	3	32
70	3	65
71	3	66
72	3	67
73	3	68
74	3	69
75	3	70
76	3	71
77	3	72
78	3	45
79	3	46
80	3	47
81	3	48
82	3	49
83	3	50
84	3	51
85	3	52
86	3	56
87	4	32
88	4	45
89	4	46
90	4	47
91	4	48
92	4	49
93	4	50
94	4	51
95	4	52
96	4	56
97	4	29
98	4	30
99	4	31
100	5	32
101	5	45
102	5	46
103	5	47
104	5	48
105	5	49
106	5	50
107	5	51
108	5	52
109	5	53
110	5	54
111	5	55
112	5	56
113	5	73
114	5	74
115	5	75
116	5	76
117	5	77
118	5	78
119	5	79
120	5	80
121	5	81
122	5	82
123	5	83
124	5	84
125	5	85
126	5	86
127	5	87
128	5	88
129	6	32
130	6	45
131	6	46
132	6	47
133	6	48
134	6	49
135	6	50
136	6	51
137	6	52
138	6	56
139	6	29
140	6	30
141	6	31
142	7	13
143	7	14
144	7	15
145	7	16
146	7	29
147	7	30
148	7	31
149	7	32
150	7	45
151	7	46
152	7	47
153	7	48
154	7	49
155	7	50
156	7	51
157	7	52
158	7	53
159	7	54
160	7	55
161	7	56
162	7	65
163	7	66
164	7	67
165	7	68
166	7	69
167	7	70
168	7	71
169	7	72
170	7	73
171	7	74
172	7	75
173	7	76
174	7	77
175	7	78
176	7	79
177	7	80
178	7	81
179	7	82
180	7	83
181	7	84
182	7	85
183	7	86
184	7	87
185	7	88
186	8	29
187	8	30
188	8	31
189	8	32
190	8	45
191	8	46
192	8	47
193	8	48
194	8	49
195	8	50
196	8	51
197	8	52
198	8	53
199	8	54
200	8	55
201	8	56
202	8	73
203	8	74
204	8	75
205	8	76
206	8	77
207	8	78
208	8	79
209	8	80
210	8	81
211	8	82
212	8	83
213	8	84
214	8	85
215	8	86
216	8	87
217	8	88
218	9	32
219	9	56
220	9	52
221	10	32
222	10	65
223	10	66
224	10	67
225	10	68
226	10	69
227	10	70
228	10	71
229	10	72
230	10	45
231	10	46
232	10	47
233	10	48
234	10	49
235	10	50
236	10	51
237	10	52
238	10	56
239	11	32
240	11	45
241	11	46
242	11	47
243	11	48
244	11	49
245	11	50
246	11	51
247	11	52
248	11	56
249	11	29
250	11	30
251	11	31
252	12	32
253	12	45
254	12	46
255	12	47
256	12	48
257	12	49
258	12	50
259	12	51
260	12	52
261	12	53
262	12	54
263	12	55
264	12	56
265	12	73
266	12	74
267	12	75
268	12	76
269	12	77
270	12	78
271	12	79
272	12	80
273	12	81
274	12	82
275	12	83
276	12	84
277	12	85
278	12	86
279	12	87
280	12	88
281	13	32
282	13	45
283	13	46
284	13	47
285	13	48
286	13	49
287	13	50
288	13	51
289	13	52
290	13	56
291	13	29
292	13	30
293	13	31
294	14	13
295	14	14
296	14	15
297	14	16
298	14	29
299	14	30
300	14	31
301	14	32
302	14	45
303	14	46
304	14	47
305	14	48
306	14	49
307	14	50
308	14	51
309	14	52
310	14	53
311	14	54
312	14	55
313	14	56
314	14	65
315	14	66
316	14	67
317	14	68
318	14	69
319	14	70
320	14	71
321	14	72
322	14	73
323	14	74
324	14	75
325	14	76
326	14	77
327	14	78
328	14	79
329	14	80
330	14	81
331	14	82
332	14	83
333	14	84
334	14	85
335	14	86
336	14	87
337	14	88
338	15	29
339	15	30
340	15	31
341	15	32
342	15	45
343	15	46
344	15	47
345	15	48
346	15	49
347	15	50
348	15	51
349	15	52
350	15	53
351	15	54
352	15	55
353	15	56
354	15	73
355	15	74
356	15	75
357	15	76
358	15	77
359	15	78
360	15	79
361	15	80
362	15	81
363	15	82
364	15	83
365	15	84
366	15	85
367	15	86
368	15	87
369	15	88
370	16	32
371	16	56
372	16	52
412	17	28
413	17	29
414	17	30
415	17	32
416	17	33
417	17	36
418	17	45
419	17	46
420	17	48
421	17	53
422	17	56
423	17	58
424	17	60
425	17	69
426	17	70
427	17	72
428	17	73
429	17	76
430	17	77
431	17	80
432	17	81
433	17	84
434	17	85
435	17	88
436	18	117
437	18	119
438	19	118
439	19	119
440	20	117
441	20	118
442	20	119
443	21	118
444	17	82
445	17	54
446	17	120
447	17	57
448	17	123
\.


--
-- Data for Name: auth_permission; Type: TABLE DATA; Schema: public; Owner: dbadmin
--

COPY public.auth_permission (id, name, content_type_id, codename) FROM stdin;
1	Can add log entry	1	add_logentry
2	Can change log entry	1	change_logentry
3	Can delete log entry	1	delete_logentry
4	Can view log entry	1	view_logentry
5	Can add permission	2	add_permission
6	Can change permission	2	change_permission
7	Can delete permission	2	delete_permission
8	Can view permission	2	view_permission
9	Can add group	3	add_group
10	Can change group	3	change_group
11	Can delete group	3	delete_group
12	Can view group	3	view_group
13	Can add user	4	add_user
14	Can change user	4	change_user
15	Can delete user	4	delete_user
16	Can view user	4	view_user
17	Can add content type	5	add_contenttype
18	Can change content type	5	change_contenttype
19	Can delete content type	5	delete_contenttype
20	Can view content type	5	view_contenttype
21	Can add session	6	add_session
22	Can change session	6	change_session
23	Can delete session	6	delete_session
24	Can view session	6	view_session
25	Can add category	7	add_category
26	Can change category	7	change_category
27	Can delete category	7	delete_category
28	Can view category	7	view_category
29	Can add customer	8	add_customer
30	Can change customer	8	change_customer
31	Can delete customer	8	delete_customer
32	Can view customer	8	view_customer
33	Can add product enquiry	9	add_productenquiry
34	Can change product enquiry	9	change_productenquiry
35	Can delete product enquiry	9	delete_productenquiry
36	Can view product enquiry	9	view_productenquiry
37	Can add cart	10	add_cart
38	Can change cart	10	change_cart
39	Can delete cart	10	delete_cart
40	Can view cart	10	view_cart
41	Can add cart item	11	add_cartitem
42	Can change cart item	11	change_cartitem
43	Can delete cart item	11	delete_cartitem
44	Can view cart item	11	view_cartitem
45	Can add invoice	12	add_invoice
46	Can change invoice	12	change_invoice
47	Can delete invoice	12	delete_invoice
48	Can view invoice	12	view_invoice
49	Can add order	13	add_order
50	Can change order	13	change_order
51	Can delete order	13	delete_order
52	Can view order	13	view_order
53	Can add product	14	add_product
54	Can change product	14	change_product
55	Can delete product	14	delete_product
56	Can view product	14	view_product
57	Can add invoice item	15	add_invoiceitem
58	Can change invoice item	15	change_invoiceitem
59	Can delete invoice item	15	delete_invoiceitem
60	Can view invoice item	15	view_invoiceitem
61	Can add review	16	add_review
62	Can change review	16	change_review
63	Can delete review	16	delete_review
64	Can view review	16	view_review
65	Can add category	17	add_category
66	Can change category	17	change_category
67	Can delete category	17	delete_category
68	Can view category	17	view_category
69	Can add finance transaction	18	add_financetransaction
70	Can change finance transaction	18	change_financetransaction
71	Can delete finance transaction	18	delete_financetransaction
72	Can view finance transaction	18	view_financetransaction
73	Can add purchase order	19	add_purchaseorder
74	Can change purchase order	19	change_purchaseorder
75	Can delete purchase order	19	delete_purchaseorder
76	Can view purchase order	19	view_purchaseorder
77	Can add supplier	20	add_supplier
78	Can change supplier	20	change_supplier
79	Can delete supplier	20	delete_supplier
80	Can view supplier	20	view_supplier
81	Can add purchase item	21	add_purchaseitem
82	Can change purchase item	21	change_purchaseitem
83	Can delete purchase item	21	delete_purchaseitem
84	Can view purchase item	21	view_purchaseitem
85	Can add purchase payment	22	add_purchasepayment
86	Can change purchase payment	22	change_purchasepayment
87	Can delete purchase payment	22	delete_purchasepayment
88	Can view purchase payment	22	view_purchasepayment
89	Can add site	23	add_site
90	Can change site	23	change_site
91	Can delete site	23	delete_site
92	Can view site	23	view_site
93	Can add Site User Profile	24	add_siteuserprofile
94	Can change Site User Profile	24	change_siteuserprofile
95	Can delete Site User Profile	24	delete_siteuserprofile
96	Can view Site User Profile	24	view_siteuserprofile
97	Can add Site Role	25	add_siterole
98	Can change Site Role	25	change_siterole
99	Can delete Site Role	25	delete_siterole
100	Can view Site Role	25	view_siterole
101	Can add Permission Log	26	add_sitepermissionlog
102	Can change Permission Log	26	change_sitepermissionlog
103	Can delete Permission Log	26	delete_sitepermissionlog
104	Can view Permission Log	26	view_sitepermissionlog
105	Can add Permission Log	27	add_sitepermissionlog
106	Can change Permission Log	27	change_sitepermissionlog
107	Can delete Permission Log	27	delete_sitepermissionlog
108	Can view Permission Log	27	view_sitepermissionlog
109	Can add Site Role	28	add_siterole
110	Can change Site Role	28	change_siterole
111	Can delete Site Role	28	delete_siterole
112	Can view Site Role	28	view_siterole
113	Can add Site User Profile	29	add_siteuserprofile
114	Can change Site User Profile	29	change_siteuserprofile
115	Can delete Site User Profile	29	delete_siteuserprofile
116	Can view Site User Profile	29	view_siteuserprofile
117	Can view dashboard	8	view_dashboard
118	Can view reports	8	view_reports
119	Can access analytics API	8	access_analytics
120	Can add Inventory Transaction	30	add_inventorytransaction
121	Can change Inventory Transaction	30	change_inventorytransaction
122	Can delete Inventory Transaction	30	delete_inventorytransaction
123	Can view Inventory Transaction	30	view_inventorytransaction
124	Can add Financial Summary	31	add_financialsummary
125	Can change Financial Summary	31	change_financialsummary
126	Can delete Financial Summary	31	delete_financialsummary
127	Can view Financial Summary	31	view_financialsummary
128	Can add email verification	32	add_emailverification
129	Can change email verification	32	change_emailverification
130	Can delete email verification	32	delete_emailverification
131	Can view email verification	32	view_emailverification
\.


--
-- Data for Name: auth_user; Type: TABLE DATA; Schema: public; Owner: dbadmin
--

COPY public.auth_user (id, password, last_login, is_superuser, username, first_name, last_name, email, is_staff, is_active, date_joined) FROM stdin;
11	pbkdf2_sha256$1000000$9Oh5lXBPwzE6CMdOXID1pU$ZWvgt1iDEu/Kxi0SJOTfKYK8Ei4+P5T7dXfhQPzaHq4=	\N	f	dashboard_user	Dashboard User		dashboard_user@trendzqtr.com	t	t	2025-07-05 18:36:18.42864+00
12	pbkdf2_sha256$1000000$smjrm0clkkEOKp9JDxd1wh$eUNOlxpU87h3k+4h17jSC8QglPwsuG21OBkuoM8u3ik=	\N	f	reports_user	Reports User		reports_user@trendzqtr.com	t	t	2025-07-05 18:36:19.29159+00
13	pbkdf2_sha256$1000000$3oV5Nl3ClzKmtQ3adguCu2$PeZApGvdy4/gYlFfiWVH09BI5N+P+jxkZ4Na1EP3Mco=	\N	f	manager_user	Manager User		manager_user@trendzqtr.com	t	t	2025-07-05 18:36:20.038275+00
14	pbkdf2_sha256$1000000$aZnetQFWxpmCuHnjaYPpZY$UOpZWMBfuoL+YA5UlgwwLCA4JWjhnWBpPKU4rkakAbg=	2025-07-05 19:07:16.043944+00	t	testsuperuser			test@example.com	t	t	2025-07-05 19:06:17.449068+00
9	pbkdf2_sha256$1000000$WcZjFpydR0HTvtb9uR951G$t34rTFMA963CaBt2Mxi/njOXS6Rd9Q+XNXs29hrowvI=	2025-07-04 13:14:01+00	t	sadique			essyem@outlook.com	t	t	2025-07-03 14:49:35+00
15	pbkdf2_sha256$1000000$QbqlE09r6Za0xzbxrtwbab$g1BUwGvfVSsP9Frfd9nBPtBGJlvp1W8j+w8B9bc8Kx8=	2025-07-05 19:09:00.349288+00	t	testsuper			test@test.com	t	t	2025-07-05 19:08:58.738644+00
16		\N	f	system_finance	System	Finance	system@finance.local	f	t	2025-07-10 13:17:00.138376+00
7	pbkdf2_sha256$1000000$Vq2ucUXWfv26eWJkDDQcUz$7367mvs5ReiVEYFd7G7HsIBMAsVJ/jIl5ta8vSxb/Y8=	2025-07-06 14:34:43.373743+00	f	testuser			test@example.com	f	f	2025-07-03 08:52:31+00
3	pbkdf2_sha256$1000000$53s42h6vVbbUelAg8ZMi2O$M7YLwZQdshjX8GwQYkrzdQUmOdky3hY2dPfv3fZ4MOU=	2025-07-06 17:13:30.488936+00	f	admin			admin@example.com	f	f	2025-07-01 14:26:39+00
6	pbkdf2_sha256$1000000$CmhY6rkRDi5ZKv9W2jkZ76$p1ZNwggSn182Hb+CGJmbyJNLvhOsomeBAfX7r4ILoxQ=	\N	f	almalikaa				f	f	2025-07-03 08:35:33+00
8	pbkdf2_sha256$1000000$Cv4Pb1X3Ck6NI4zEmywgxe$6OAUi5fXiLcqGewaXZbctxWHzrwFIKRPWlSKEYaafDU=	\N	f	testadmin			test@example.com	f	f	2025-07-03 12:47:15+00
2	pbkdf2_sha256$1000000$DGgEUm4CD3mcam4POzA7il$tGJKX5AnjU/5BxYRpw3C35Rbf8cRvZ7DUkPQnzWMQIE=	2025-07-12 08:26:01.283191+00	f	manesh				t	t	2025-06-28 17:17:44+00
4	pbkdf2_sha256$1000000$oirVlkcLEjBAqVVds09Mns$Av2yidmFJY5n8x7GnJpVl8DAN5Z5bVhHmf5+FMWpMek=	2025-07-12 15:05:19+00	f	riyas	Riyas			t	t	2025-07-02 07:34:46+00
5	pbkdf2_sha256$1000000$nNo5ymozVCjheQY0qzEhh2$uTCLSo88Rq4Nlvhd/1pIriozJAKI9Lg4Y68m8hSEXeo=	2025-07-23 10:09:48.726652+00	t	firoz	Firoz	Bava		t	t	2025-07-02 07:35:59+00
1	pbkdf2_sha256$1000000$NvfD6u1dh6P5TDI7Azw70k$ogjMg5G5zqCG02AfiXcR54g/Bb453MM8k6vWbCovnj8=	2025-07-24 09:22:20.837475+00	t	essyem			essyem@outlook.com	t	t	2025-06-28 15:22:42+00
\.


--
-- Data for Name: auth_user_groups; Type: TABLE DATA; Schema: public; Owner: dbadmin
--

COPY public.auth_user_groups (id, user_id, group_id) FROM stdin;
33	7	3
34	7	4
35	7	5
36	7	6
37	7	7
38	7	8
39	7	9
40	1	3
41	1	4
42	1	5
43	1	6
44	1	7
45	1	8
46	1	9
47	1	10
48	1	11
49	1	12
50	1	13
51	1	14
52	1	15
53	1	16
66	4	17
67	2	17
68	11	18
69	12	19
70	13	20
71	2	20
72	4	18
\.


--
-- Data for Name: auth_user_user_permissions; Type: TABLE DATA; Schema: public; Owner: dbadmin
--

COPY public.auth_user_user_permissions (id, user_id, permission_id) FROM stdin;
293	1	1
294	1	2
295	1	3
296	1	4
297	1	5
298	1	6
299	1	7
300	1	8
301	1	9
302	1	10
303	1	11
304	1	12
305	1	13
306	1	14
307	1	15
308	1	16
309	1	17
310	1	18
311	1	19
312	1	20
313	1	21
314	1	22
315	1	23
316	1	24
317	1	25
318	1	26
319	1	27
320	1	28
321	1	29
322	1	30
323	1	31
324	1	32
325	1	33
326	1	34
327	1	35
328	1	36
329	1	37
330	1	38
331	1	39
332	1	40
333	1	41
334	1	42
335	1	43
336	1	44
337	1	45
338	1	46
339	1	47
340	1	48
341	1	49
342	1	50
343	1	51
344	1	52
345	1	53
346	1	54
347	1	55
348	1	56
349	1	57
350	1	58
351	1	59
352	1	60
353	1	61
354	1	62
355	1	63
356	1	64
357	1	65
358	1	66
359	1	67
360	1	68
361	1	69
362	1	70
363	1	71
364	1	72
365	1	73
366	1	74
367	1	75
368	1	76
369	1	77
370	1	78
371	1	79
372	1	80
373	1	81
374	1	82
375	1	83
376	1	84
377	1	85
378	1	86
379	1	87
380	1	88
381	1	89
382	1	90
383	1	91
384	1	92
385	1	93
386	1	94
387	1	95
388	1	96
389	1	97
390	1	98
391	1	99
392	1	100
393	1	101
394	1	102
395	1	103
396	1	104
397	1	105
398	1	106
399	1	107
400	1	108
401	1	109
402	1	110
403	1	111
404	1	112
405	1	113
406	1	114
407	1	115
408	1	116
236	7	28
237	7	29
238	7	30
240	7	32
241	7	33
242	7	34
244	7	36
253	7	45
254	7	46
256	7	48
257	7	49
258	7	50
260	7	52
261	7	53
262	7	54
264	7	56
265	7	57
266	7	58
268	7	60
269	7	65
270	7	66
272	7	68
273	7	69
274	7	70
276	7	72
277	7	73
278	7	74
280	7	76
281	7	77
282	7	78
284	7	80
285	7	81
286	7	82
288	7	84
289	7	85
290	7	86
292	7	88
\.


--
-- Data for Name: django_admin_log; Type: TABLE DATA; Schema: public; Owner: dbadmin
--

COPY public.django_admin_log (id, action_time, object_id, object_repr, action_flag, change_message, content_type_id, user_id) FROM stdin;
1	2025-06-28 17:15:39.858546+00	1	Walk In (12345678)	1	[{"added": {}}]	8	1
2	2025-06-28 17:16:05.408246+00	2	Al Malika (12345678)	1	[{"added": {}}]	8	1
3	2025-06-28 17:17:44.780021+00	2	manesh	1	[{"added": {}}]	4	1
4	2025-06-28 17:19:50.732571+00	1	Sales	1	[{"added": {}}]	3	1
5	2025-06-28 17:20:38.316074+00	2	manesh	2	[{"changed": {"fields": ["Staff status", "Groups"]}}]	4	1
6	2025-06-28 17:22:00.834873+00	1	Services - Computer	1	[{"added": {}}]	7	2
7	2025-06-28 17:23:14.73802+00	1	Computer Service (123456789) - Services - Computer	1	[{"added": {}}]	14	2
8	2025-06-28 17:23:36.01725+00	1	Computer Service (123456789) - Services - Computer	2	[{"changed": {"fields": ["Cost price"]}}]	14	2
9	2025-06-29 10:43:03.688323+00	1	Invoice #1dd6aef4-de59-43e5-8e67-4669871baa84 - Al Malika (12345678)	1	[{"added": {}}, {"added": {"name": "invoice item", "object": "InvoiceItem object (1)"}}]	12	1
10	2025-06-29 10:43:28.9202+00	1	Invoice #1dd6aef4-de59-43e5-8e67-4669871baa84 - Al Malika (12345678)	2	[]	12	1
11	2025-06-29 11:03:39.861214+00	2	manesh	2	[{"changed": {"fields": ["password"]}}]	4	1
12	2025-06-29 11:03:47.632567+00	2	manesh	2	[]	4	1
13	2025-06-29 11:07:44.1591+00	2	Accessories - Computer	1	[{"added": {}}]	7	2
14	2025-06-29 11:08:13.325841+00	3	Accessories - Printer	1	[{"added": {}}]	7	2
15	2025-06-29 11:08:32.605245+00	4	Accessories - Network	1	[{"added": {}}]	7	2
16	2025-06-29 11:08:51.096084+00	5	Accessories - Mobile	1	[{"added": {}}]	7	2
17	2025-06-29 11:11:42.11237+00	2	UNITEK 2 METER USB 3.0 TO TYPE C (4894160047717) - Accessories - Computer	1	[{"added": {}}]	14	2
18	2025-06-29 11:13:17.517942+00	3	UNITEK 2 METER CAT 6 STP EXTENSION CABLE (4894160046918) - Accessories - Computer	1	[{"added": {}}]	14	2
19	2025-06-29 11:16:59.551235+00	4	UNITEK 1.5 METER VGA MALE TO MALE CABLE (4894160022202) - Accessories - Computer	1	[{"added": {}}]	14	2
20	2025-06-29 11:18:51.017813+00	5	UNITEK 5 METER 8K HDMI CABLE (4894160047540) - Accessories - Computer	1	[{"added": {}}]	14	2
21	2025-06-29 11:21:31.170457+00	6	UNITEK 25 METER 4K 60HZ HDMI FIBER OPTIC CABLE (4894160049544) - Accessories - Computer	1	[{"added": {}}]	14	2
22	2025-06-29 11:23:18.252296+00	7	UNITEK 30 METER 4K 60HZ HDMI FIBER OPTIC CABLE (4894160049551) - Accessories - Computer	1	[{"added": {}}]	14	2
23	2025-06-29 11:39:45.570591+00	8	HOCO EA5 OPEN EAR TRUE WIERLESS HEADSET (6942007639316) - Accessories - Mobile	1	[{"added": {}}]	14	2
24	2025-06-29 11:42:49.491026+00	9	ANKER SOUND CORE A30i (194644042776) - Accessories - Mobile	1	[{"added": {}}]	14	2
25	2025-06-29 11:43:46.744355+00	10	ANKER SOUND CORE A20i (194644043599) - Accessories - Mobile	1	[{"added": {}}]	14	2
26	2025-06-29 11:48:56.849652+00	11	HOCO EQ26 ANC ENC BT HEADSET (6942007652155) - Accessories - Mobile	1	[{"added": {}}]	14	2
27	2025-06-29 12:07:48.245976+00	12	CELLULARLINE WIRELESS POWER BASE (8018080376542) - Accessories - Mobile	1	[{"added": {}}]	14	2
28	2025-06-29 12:11:31.779856+00	13	HOCO  EM51 EARPHONE WITH MIC (6942007627122) - Accessories - Mobile	1	[{"added": {}}]	14	2
29	2025-06-29 12:14:37.401294+00	14	APPLE 20W USB C POWER ADAPTER (195949121319) - Accessories - Mobile	1	[{"added": {}}]	14	2
30	2025-06-29 12:22:13.408856+00	15	SAMSUNG 25W POWER ADAPTER (8806095111995) - Accessories - Mobile	1	[{"added": {}}]	14	2
31	2025-06-29 12:23:36.904946+00	16	APPLE EARPODS USB C TYPE (195949121487) - Accessories - Mobile	1	[{"added": {}}]	14	2
32	2025-06-29 12:25:09.10001+00	17	APPLE EARPODS LIGHTNING TYPE (190198001733) - Accessories - Mobile	1	[{"added": {}}]	14	2
33	2025-06-29 12:27:00.250606+00	18	APPLE 1 METER 60W TYPE C CHARGE CABLE (195949371905) - Accessories - Mobile	1	[{"added": {}}]	14	2
34	2025-06-29 12:28:07.075342+00	19	APPLE 1 METER USB C TO LIGHTING CABLE (194252750872) - Accessories - Mobile	1	[{"added": {}}]	14	2
35	2025-06-29 12:30:33.8086+00	20	HOCO DES03 PLUS (6931474784964) - Accessories - Mobile	1	[{"added": {}}]	14	2
36	2025-06-29 12:32:04.629872+00	21	HOCO EW53 MINI TWS HEADSET (6942007604420) - Accessories - Mobile	1	[{"added": {}}]	14	2
37	2025-06-29 12:33:10.59021+00	22	CROZBRO STEREO EARPHONE (6920241221009) - Accessories - Mobile	1	[{"added": {}}]	14	2
38	2025-06-29 12:35:03.839395+00	23	HOCO ESD15 WIRELESS BT HEADPHONES (6931474792488) - Accessories - Mobile	1	[{"added": {}}]	14	2
39	2025-06-29 12:40:28.976482+00	3	Al Malika (12345678)	1	[{"added": {}}]	8	2
40	2025-06-29 12:40:51.254499+00	2	Invoice #93344fe7-593e-41bb-88a0-4c8d47692ff5 - Al Malika (12345678)	1	[{"added": {}}, {"added": {"name": "invoice item", "object": "InvoiceItem object (2)"}}]	12	2
41	2025-06-29 12:42:05.543386+00	2	Invoice #93344fe7-593e-41bb-88a0-4c8d47692ff5 - Al Malika (12345678)	2	[{"changed": {"fields": ["Status", "Discount type"]}}]	12	2
42	2025-06-29 12:42:14.985749+00	2	Invoice #93344fe7-593e-41bb-88a0-4c8d47692ff5 - Al Malika (12345678)	2	[{"changed": {"fields": ["Status"]}}]	12	2
43	2025-06-29 12:42:39.024984+00	2	Invoice #93344fe7-593e-41bb-88a0-4c8d47692ff5 - Al Malika (12345678)	2	[{"changed": {"fields": ["Status"]}}]	12	2
44	2025-06-29 12:49:30.954354+00	24	NOKIA WIRED BUDS TYPE C BLACK (810006570656) - Accessories - Mobile	1	[{"added": {}}]	14	2
45	2025-06-29 12:51:15.090987+00	25	HEATZ ZS24 SOUND LITE PRO PORTABLE BT SPEAKER (6918051000242) - Accessories - Mobile	1	[{"added": {}}]	14	2
46	2025-06-29 12:53:55.622494+00	26	HOCO EW59 WIRELESS TWS HEADSET (6942007629225) - Accessories - Mobile	1	[{"added": {}}]	14	2
47	2025-06-29 12:54:50.876303+00	27	HOCO DES08 PLUS BT HEADSET (6931474784971) - Accessories - Mobile	1	[{"added": {}}]	14	2
48	2025-06-29 12:55:51.04108+00	28	HOCO DES30 WIRELESS BT HEADSET (6931474769749) - Accessories - Mobile	1	[{"added": {}}]	14	2
49	2025-07-01 13:57:27.985496+00	3	Invoice #6dcb73a8-6092-4263-af8a-6c9464b2aefa - Al Malika (12345678)	1	[{"added": {}}, {"added": {"name": "invoice item", "object": "InvoiceItem object (3)"}}, {"added": {"name": "invoice item", "object": "InvoiceItem object (4)"}}, {"added": {"name": "invoice item", "object": "InvoiceItem object (5)"}}]	12	1
50	2025-07-01 13:58:00.080665+00	3	Invoice #6dcb73a8-6092-4263-af8a-6c9464b2aefa - Al Malika (12345678)	2	[{"changed": {"name": "invoice item", "object": "InvoiceItem object (4)", "fields": ["Selling price"]}}, {"changed": {"name": "invoice item", "object": "InvoiceItem object (5)", "fields": ["Selling price"]}}]	12	1
51	2025-07-01 14:33:03.793717+00	1	Invoice #1dd6aef4-de59-43e5-8e67-4669871baa84 - Al Malika (12345678)	2	[]	12	1
52	2025-07-01 15:42:34.675504+00	4	Invoice #08ebd180-8305-4571-a922-c775effc722b - Walk In (12345678)	1	[{"added": {}}, {"added": {"name": "invoice item", "object": "InvoiceItem object (6)"}}, {"added": {"name": "invoice item", "object": "InvoiceItem object (7)"}}, {"added": {"name": "invoice item", "object": "InvoiceItem object (8)"}}]	12	2
109	2025-07-02 11:37:20.828623+00	55	EARPODS USB C (12345678927) - Accessories - Mobile	1	[{"added": {}}]	14	2
110	2025-07-02 11:38:36.714398+00	56	A2561 1 METER USB C TO LIGHTINING CABLE (12345678928) - Accessories - Mobile	1	[{"added": {}}]	14	2
53	2025-07-01 15:43:22.977739+00	4	Invoice #08ebd180-8305-4571-a922-c775effc722b - Walk In (12345678)	2	[{"changed": {"fields": ["Status", "Discount type", "Discount value"]}}, {"changed": {"name": "invoice item", "object": "InvoiceItem object (6)", "fields": ["Selling price"]}}, {"changed": {"name": "invoice item", "object": "InvoiceItem object (7)", "fields": ["Selling price"]}}, {"changed": {"name": "invoice item", "object": "InvoiceItem object (8)", "fields": ["Selling price"]}}]	12	2
54	2025-07-02 07:34:47.618758+00	4	riyas	1	[{"added": {}}]	4	1
55	2025-07-02 07:35:22.720218+00	4	riyas	2	[{"changed": {"fields": ["Staff status", "Groups", "Last login"]}}]	4	1
56	2025-07-02 07:35:59.865688+00	5	firoz	1	[{"added": {}}]	4	1
57	2025-07-02 07:36:11.008276+00	5	firoz	2	[{"changed": {"fields": ["Staff status", "Superuser status"]}}]	4	1
58	2025-07-02 07:38:48.539805+00	1	Zx Technologies	1	[{"added": {}}]	20	1
59	2025-07-02 07:41:19.149884+00	1	PO-26062401	1	[{"added": {}}]	19	1
60	2025-07-02 07:43:16.219144+00	6	Computer	1	[{"added": {}}]	7	1
61	2025-07-02 07:44:53.087993+00	7	Laptop	1	[{"added": {}}]	7	1
62	2025-07-02 07:45:50.579263+00	6	Desktop	2	[{"changed": {"fields": ["Name", "Description"]}}]	7	1
63	2025-07-02 07:46:35.23583+00	8	Printer	1	[{"added": {}}]	7	1
64	2025-07-02 07:50:55.102819+00	29	Dell 3410 i5 10th Gen 16/512 (1234567890) - Laptop	1	[{"added": {}}]	14	1
65	2025-07-02 09:04:06.437399+00	1	PO-26062401	2	[{"added": {"name": "purchase item", "object": "Dell 3410 i5 10th Gen 16/512 x 1"}}]	19	1
66	2025-07-02 09:20:41.072452+00	31	Lenovo x390 i7 8th/16/256 Touch (12345678901) - Laptop	1	[{"added": {}}]	14	1
67	2025-07-02 09:57:03.16531+00	32	Lenovo x390 i7 10th/16/256 Touch (12345678902) - Laptop	1	[{"added": {}}]	14	1
68	2025-07-02 09:57:36.169182+00	1	PO-26062401	2	[{"changed": {"fields": ["Tax"]}}, {"added": {"name": "purchase item", "object": "Lenovo x390 i7 8th/16/256 Touch x 1"}}, {"added": {"name": "purchase item", "object": "Lenovo x390 i7 10th/16/256 Touch x 1"}}]	19	1
69	2025-07-02 09:57:49.584419+00	1	PO-26062401	2	[]	19	1
70	2025-07-02 09:58:22.165983+00	4	PO-PO-TAXTEST-20250702000000	3		19	1
71	2025-07-02 09:58:22.166021+00	3	PO-PO-MULTI-202507020000	3		19	1
72	2025-07-02 09:58:22.166038+00	2	PO-PO-TEST-20250702	3		19	1
73	2025-07-02 10:17:20.874793+00	3	Oxon Accessories	1	[{"added": {}}]	20	1
74	2025-07-02 10:17:34.92909+00	2	Test Supplier	3		20	1
75	2025-07-02 10:27:26.82922+00	33	Anker A20 Wireless Earbuds Black (12345678903) - Accessories - Mobile	1	[{"added": {}}]	14	1
76	2025-07-02 10:27:51.232492+00	5	PO-25062801	1	[{"added": {}}, {"added": {"name": "purchase item", "object": "Anker A20 Wireless Earbuds Black x 1"}}]	19	1
77	2025-07-02 10:30:07.790352+00	34	Anker Soundcore A30i (12345678904) - Accessories - Mobile	1	[{"added": {}}]	14	1
78	2025-07-02 10:32:07.630414+00	35	Live SoundCard wired Condenser Michrophone (12345678905) - Accessories - Mobile	1	[{"added": {}}]	14	1
79	2025-07-02 10:35:30.969564+00	36	RGB LED Softring Light - MJ36 (12345678906) - Accessories - Mobile	1	[{"added": {}}]	14	1
80	2025-07-02 10:36:03.219585+00	5	PO-25062801	2	[{"added": {"name": "purchase item", "object": "Anker Soundcore A30i x 1"}}, {"added": {"name": "purchase item", "object": "Live SoundCard wired Condenser Michrophone x 1"}}, {"added": {"name": "purchase item", "object": "RGB LED Softring Light - MJ36 x 1"}}]	19	1
81	2025-07-02 10:36:21.542357+00	6	Invoice #49774791-2ba0-401c-baef-2ad16443da24 - Walk-in Customer ()	1	[{"added": {}}, {"added": {"name": "invoice item", "object": "InvoiceItem object (9)"}}]	12	2
82	2025-07-02 10:46:55.974934+00	1	Trendz	2	[{"changed": {"fields": ["Name", "Permissions"]}}]	3	1
83	2025-07-02 10:57:24.89498+00	1	PO-25062401	2	[{"changed": {"fields": ["Reference"]}}]	19	1
84	2025-07-02 11:00:57.80521+00	37	Cellularline Wireless Power Base (12345678907) - Accessories - Mobile	1	[{"added": {}}]	14	1
85	2025-07-02 11:01:28.910836+00	37	Cellularline Wireless Power Base (12345678907) - Accessories - Mobile	2	[]	14	1
86	2025-07-02 11:03:08.754224+00	6	PO-25707	1	[{"added": {}}, {"added": {"name": "purchase item", "object": "Cellularline Wireless Power Base x 3"}}]	19	1
87	2025-07-02 11:04:22.911255+00	38	Apple USB -C  60W Charging Cable (12345678908) - Accessories - Mobile	1	[{"added": {}}]	14	1
88	2025-07-02 11:04:44.89757+00	6	PO-25707	2	[{"added": {"name": "purchase item", "object": "Apple USB -C  60W Charging Cable x 2"}}]	19	1
89	2025-07-02 11:06:59.874847+00	4	Connect Computers & Services	1	[{"added": {}}]	20	1
90	2025-07-02 11:15:19.149805+00	39	Redragon LIBRA Gel Gaming Mousepad with wrist rest support (12345678909) - Accessories - Computer	1	[{"added": {}}]	14	1
91	2025-07-02 11:16:08.039923+00	7	PO-023683	1	[{"added": {}}, {"added": {"name": "purchase item", "object": "Redragon LIBRA Gel Gaming Mousepad with wrist rest support x 5"}}]	19	1
92	2025-07-02 11:18:39.243379+00	40	Meetion 2.4G Wireless Keyboard Mouse Combo White (12345678910) - Accessories - Computer	1	[{"added": {}}]	14	1
93	2025-07-02 11:18:52.34501+00	7	PO-023683	2	[{"added": {"name": "purchase item", "object": "Meetion 2.4G Wireless Keyboard Mouse Combo White x 2"}}]	19	1
94	2025-07-02 11:23:13.719403+00	41	Meetion Gaming Cooling Pad 340*265*32m (12345678912) - Accessories - Computer	1	[{"added": {}}]	14	1
95	2025-07-02 11:25:01.865928+00	42	LED SOFT RING LIGHT RL14 (12345678921) - Accessories - Mobile	1	[{"added": {}}]	14	2
96	2025-07-02 11:25:40.431062+00	43	Unitek Adjustable Laptop stand with 360 Rotating Base (12345678913) - Accessories - Computer	1	[{"added": {}}]	14	1
97	2025-07-02 11:25:40.462117+00	8	PO-25434	1	[{"added": {}}, {"added": {"name": "purchase item", "object": "LED SOFT RING LIGHT RL14 x 1"}}]	19	2
98	2025-07-02 11:27:28.439501+00	44	LightX 30m Cat6Cable (12345678914) - Accessories - Network	1	[{"added": {}}]	14	1
99	2025-07-02 11:28:22.613054+00	45	PS4 DUAL SHOCK 4 WIRELESS CONTROLLER (12345678922) - Accessories - Mobile	1	[{"added": {}}]	14	2
100	2025-07-02 11:29:09.185549+00	46	LightX 40m Cat6Cable (12345678915) - Accessories - Network	1	[{"added": {}}]	14	1
101	2025-07-02 11:30:43.004079+00	47	EARLDOM SC04 3000W POWER SCOKET (12345678923) - Accessories - Mobile	1	[{"added": {}}]	14	2
102	2025-07-02 11:31:58.895504+00	48	Vention USB 3.0 A Male to A Male Cable 2M Black (12345678916) - Services - Computer	1	[{"added": {}}]	14	1
103	2025-07-02 11:33:16.417193+00	49	JBL HARMAN TUNE 520BT BLUTOOTH (12345678924) - Accessories - Mobile	1	[{"added": {}}]	14	2
104	2025-07-02 11:33:35.750767+00	50	Unitek 1.5M VGA Cable (12345678917) - Accessories - Computer	1	[{"added": {}}]	14	1
105	2025-07-02 11:35:00.069625+00	51	YESIDO UNIVERSAL HOLDER (12345678925) - Accessories - Mobile	1	[{"added": {}}]	14	2
106	2025-07-02 11:35:10.862555+00	52	Vention Cat8 SFTP Patch Cable 15M Black (12345678919) - Accessories - Network	1	[{"added": {}}]	14	1
107	2025-07-02 11:36:28.418205+00	53	EARPODS LIGHTING CONNECTOR (12345678926) - Accessories - Mobile	1	[{"added": {}}]	14	2
108	2025-07-02 11:37:05.913935+00	54	Meetion Wired Ergonomic Vertical Mouse (12345678931) - Accessories - Computer	1	[{"added": {}}]	14	1
111	2025-07-02 11:39:53.5773+00	57	CROZBRO STEREO EARPHONE CB03 (12345678929) - Accessories - Mobile	1	[{"added": {}}]	14	2
112	2025-07-02 11:41:49.849583+00	58	OX12 OXONIC OTG ADAPTER USB A TO TYPE C (12345678930) - Accessories - Mobile	1	[{"added": {}}]	14	2
113	2025-07-02 11:41:58.719674+00	7	PO-023683	2	[{"added": {"name": "purchase item", "object": "Meetion Gaming Cooling Pad 340*265*32m x 3"}}, {"added": {"name": "purchase item", "object": "Unitek Adjustable Laptop stand with 360 Rotating Base x 2"}}, {"added": {"name": "purchase item", "object": "LightX 30m Cat6Cable x 5"}}, {"added": {"name": "purchase item", "object": "LightX 40m Cat6Cable x 5"}}, {"added": {"name": "purchase item", "object": "Vention USB 3.0 A Male to A Male Cable 2M Black x 5"}}, {"added": {"name": "purchase item", "object": "Unitek 1.5M VGA Cable x 5"}}, {"added": {"name": "purchase item", "object": "Vention Cat8 SFTP Patch Cable 15M Black x 2"}}, {"added": {"name": "purchase item", "object": "Meetion Wired Ergonomic Vertical Mouse x 2"}}]	19	1
114	2025-07-02 11:42:24.968973+00	7	PO-023683	2	[{"changed": {"fields": ["Status"]}}]	19	1
115	2025-07-02 11:42:35.451613+00	5	PO-25062801	2	[{"changed": {"fields": ["Status"]}}]	19	1
116	2025-07-02 11:42:45.254903+00	1	PO-25062401	2	[{"changed": {"fields": ["Status"]}}]	19	1
117	2025-07-02 11:42:54.691627+00	6	PO-25707	2	[{"changed": {"fields": ["Status"]}}]	19	1
118	2025-07-02 11:43:19.35993+00	59	SANDISK MICRO SD CARD 256GB 100MB/S (12345678932) - Accessories - Mobile	1	[{"added": {}}]	14	2
119	2025-07-02 11:44:22.799876+00	60	SAMSUNG 25W POWER ADAPTER (12345678933) - Accessories - Mobile	1	[{"added": {}}]	14	2
120	2025-07-02 11:45:58.415194+00	61	Unitek 3M HDMI 2.0 Male to male 4K 60Hz Cable (12345678935) - Accessories - Computer	1	[{"added": {}}]	14	1
121	2025-07-02 11:46:04.146404+00	62	APPLE USB C 20W POWER ADAPTER (12345678934) - Accessories - Mobile	1	[{"added": {}}]	14	2
122	2025-07-02 11:47:46.358171+00	63	Vention USB 3.0 Male to Male Cable 3M Black (12345678936) - Accessories - Computer	1	[{"added": {}}]	14	1
123	2025-07-02 11:47:52.592653+00	9	PO-25218	1	[{"added": {}}, {"added": {"name": "purchase item", "object": "PS4 DUAL SHOCK 4 WIRELESS CONTROLLER x 2"}}, {"added": {"name": "purchase item", "object": "EARLDOM SC04 3000W POWER SCOKET x 2"}}, {"added": {"name": "purchase item", "object": "JBL HARMAN TUNE 520BT BLUTOOTH x 2"}}, {"added": {"name": "purchase item", "object": "YESIDO UNIVERSAL HOLDER x 3"}}, {"added": {"name": "purchase item", "object": "EARPODS LIGHTING CONNECTOR x 2"}}, {"added": {"name": "purchase item", "object": "EARPODS USB C x 2"}}, {"added": {"name": "purchase item", "object": "A2561 1 METER USB C TO LIGHTINING CABLE x 2"}}, {"added": {"name": "purchase item", "object": "CROZBRO STEREO EARPHONE CB03 x 10"}}, {"added": {"name": "purchase item", "object": "OX12 OXONIC OTG ADAPTER USB A TO TYPE C x 7"}}, {"added": {"name": "purchase item", "object": "SANDISK MICRO SD CARD 256GB 100MB/S x 3"}}, {"added": {"name": "purchase item", "object": "SAMSUNG 25W POWER ADAPTER x 2"}}, {"added": {"name": "purchase item", "object": "APPLE USB C 20W POWER ADAPTER x 2"}}]	19	2
124	2025-07-02 11:48:06.121812+00	10	PO-023751	1	[{"added": {}}, {"added": {"name": "purchase item", "object": "Unitek 3M HDMI 2.0 Male to male 4K 60Hz Cable x 75"}}, {"added": {"name": "purchase item", "object": "Vention USB 3.0 Male to Male Cable 3M Black x 75"}}]	19	1
125	2025-07-02 11:48:46.425614+00	9	PO-25218	2	[{"changed": {"fields": ["Status"]}}]	19	1
126	2025-07-02 11:49:53.045451+00	1	Trendz	2	[{"changed": {"fields": ["Permissions"]}}]	3	1
127	2025-07-02 11:50:08.133489+00	1	Trendz	2	[]	3	1
128	2025-07-02 11:52:36.702366+00	1	Payment for PO-25218	1	[{"added": {}}]	22	2
129	2025-07-02 11:55:10.356308+00	2	Payment for PO-25062401	1	[{"added": {}}]	22	2
130	2025-07-02 12:02:48.789275+00	1	Sale: Daily	1	[{"added": {}}]	17	2
131	2025-07-02 14:03:53.925464+00	1	Computer Service (123456789) - Services - Computer	2	[]	14	1
132	2025-07-02 14:22:14.297565+00	7	Invoice #5091a4a0-2131-487e-bb84-b19e28c21fa8 - Walk In (12345678)	1	[{"added": {}}, {"added": {"name": "invoice item", "object": "InvoiceItem object (10)"}}]	12	4
133	2025-07-03 08:35:06.913439+00	1	Trendz	2	[]	3	1
134	2025-07-03 08:35:34.076581+00	6	almalikaa	1	[{"added": {}}]	4	1
135	2025-07-03 08:37:05.632223+00	1	portal.trendzqtr.com	2	[{"changed": {"fields": ["Display name"]}}]	23	1
136	2025-07-03 09:04:49.399133+00	7	testuser	2	[{"changed": {"fields": ["password"]}}]	4	1
137	2025-07-03 10:32:34.531873+00	67	UNITEK 1 METER 4K HDMI CABLE C11079BK (4894160050519) - Accessories - Computer	1	[{"added": {}}]	14	4
138	2025-07-03 11:04:49.53748+00	67	UNITEK 1 METER 4K HDMI CABLE C11079BK (4894160050519) - Accessories - Computer	2	[]	14	1
139	2025-07-03 12:21:24.531277+00	1	Trendz	3		3	1
140	2025-07-03 12:22:31.348854+00	2	Trendz	1	[{"added": {}}]	3	1
141	2025-07-03 12:22:41.127164+00	2	manesh	2	[{"changed": {"fields": ["Groups"]}}]	4	1
142	2025-07-03 12:28:18.523891+00	2	Trendz	2	[{"changed": {"fields": ["Permissions"]}}]	3	1
143	2025-07-03 16:39:59.867598+00	68	replace HDD (123) - Services - Computer	1	[{"added": {}}]	14	1
144	2025-07-03 18:13:51.941599+00	1	essyem	2	[{"changed": {"fields": ["User permissions"]}}]	4	9
145	2025-07-03 18:21:57.843485+00	2	manesh	2	[{"changed": {"fields": ["Superuser status"]}}]	4	1
146	2025-07-03 18:22:08.093459+00	4	riyas	2	[{"changed": {"fields": ["Superuser status"]}}]	4	1
147	2025-07-03 18:31:28.323866+00	7	testuser	2	[{"changed": {"fields": ["Superuser status"]}}]	4	2
148	2025-07-03 18:32:31.982755+00	7	testuser	2	[{"changed": {"fields": ["password"]}}]	4	2
149	2025-07-03 18:37:42.948474+00	17	TrendzQTR	1	[{"added": {}}]	3	2
150	2025-07-03 18:37:56.768379+00	2	Trendz	3		3	2
151	2025-07-03 18:39:40.147173+00	2	manesh	2	[{"changed": {"fields": ["Groups"]}}]	4	2
152	2025-07-03 18:40:23.841024+00	2	manesh	2	[{"changed": {"fields": ["Active", "Staff status", "Superuser status"]}}]	4	2
153	2025-07-03 18:42:49.307217+00	9	sadique	2	[{"changed": {"fields": ["Groups", "User permissions"]}}]	4	9
154	2025-07-03 18:43:31.015654+00	1	essyem	2	[{"changed": {"fields": ["Groups"]}}]	4	9
155	2025-07-03 18:45:58.385767+00	2	manesh	2	[{"changed": {"fields": ["Active", "Staff status"]}}]	4	1
156	2025-07-03 18:46:49.452956+00	2	manesh	2	[{"changed": {"fields": ["Superuser status"]}}]	4	1
157	2025-07-03 19:00:37.698593+00	69	LIGHT X 40M CAT-6 CABLE (70000040M) - Accessories - Network	1	[{"added": {}}]	14	2
158	2025-07-03 19:01:37.36145+00	70	HOCO EA5 WIRLESS HEADSET (HOCO) - Accessories - Mobile	1	[{"added": {}}]	14	2
159	2025-07-03 19:03:18.529663+00	69	LIGHT X 40M CAT-6 CABLE (70000040M) - Accessories - Network	2	[{"changed": {"fields": ["Barcode"]}}]	14	2
160	2025-07-03 19:03:50.492195+00	67	UNITEK 1 METER 4K HDMI CABLE C11079BK (4894160050519) - Accessories - Computer	2	[{"changed": {"fields": ["Barcode"]}}]	14	2
161	2025-07-03 19:05:19.514907+00	67	UNITEK 1 METER 4K HDMI CABLE C11079BK (4894160050519) - Accessories - Computer	2	[]	14	2
162	2025-07-03 19:05:42.009936+00	71	WIRLESS POWER BASE (6542) - Accessories - Mobile	1	[{"added": {}}]	14	2
163	2025-07-03 19:06:37.814569+00	72	UNITEK 2 METER 4K HDMI CABLE (4894160050533) - Accessories - Computer	1	[{"added": {}}]	14	2
164	2025-07-03 19:08:01.085672+00	73	UNITEK 3 METER 4K HDMI CABLE (4894160023285) - Accessories - Computer	1	[{"added": {}}]	14	2
165	2025-07-03 19:09:25.278038+00	74	UNITEK 3 METER 8K HDMI CABLE (4894160044846) - Accessories - Computer	1	[{"added": {}}]	14	2
166	2025-07-03 19:10:27.992957+00	16	CATRIDGE	1	[{"added": {}}]	7	2
167	2025-07-03 19:11:00.329221+00	75	UNITEK 2 METER 8K HDMI CABLE (4894160044839) - Accessories - Computer	1	[{"added": {}}]	14	2
168	2025-07-03 19:11:49.228941+00	76	HP CATRIDGE 47 BLACK (196068029920) - CATRIDGE	1	[{"added": {}}]	14	2
169	2025-07-03 19:12:14.796474+00	77	UNITEK 1.5 METER 8K HDMI CABLE (4894160038142) - Accessories - Computer	1	[{"added": {}}]	14	2
170	2025-07-03 19:13:59.741278+00	78	UNITEK 5 METER 4K HDMI CABLE (4894160023308) - Accessories - Computer	1	[{"added": {}}]	14	2
171	2025-07-03 19:15:43.60152+00	79	UNITEK 10 METER 4K HDMI CABLE (4894160050564) - Accessories - Computer	1	[{"added": {}}]	14	2
172	2025-07-03 19:17:04.405693+00	80	D-LINK LAN CABLE 5M (790069388347) - Accessories - Network	1	[{"added": {}}]	14	2
173	2025-07-03 19:17:14.928748+00	81	UNITEK 15 METER 4K HDMI CABLE (4894160050571) - Accessories - Computer	1	[{"added": {}}]	14	2
174	2025-07-03 19:17:18.924669+00	12	CELLULARLINE WIRELESS POWER BASE (8018080376542) - Accessories - Mobile	3		14	2
175	2025-07-03 19:18:50.439399+00	82	UNITEK 5 METER USB 2.0 MALE TO FEMALE CABLE (4894160026057) - Accessories - Computer	1	[{"added": {}}]	14	2
176	2025-07-03 19:21:33.814451+00	83	UNITEK 1 METER USB 2.0 MALE TO FEMALE CABLE (4894160026095) - Accessories - Computer	1	[{"added": {}}]	14	2
177	2025-07-03 19:21:35.210015+00	10	ANKER SOUND CORE A20i (194644043599) - Accessories - Mobile	2	[{"changed": {"fields": ["Unit price"]}}]	14	2
178	2025-07-03 19:22:22.237222+00	84	UNITEK 1.5 METER USB 2.0 MALE TO FEMALE CABLE (4894160026255) - Accessories - Computer	1	[{"added": {}}]	14	2
179	2025-07-03 19:23:09.26718+00	85	UNITEK 2 METER USB 2.0 MALE TO FEMALE CABLE (4894160026279) - Accessories - Computer	1	[{"added": {}}]	14	2
180	2025-07-03 19:25:07.874109+00	86	UNITEK 3 METER USB 2.0 MALE TO FEMALE CABLE (4894160026033) - Accessories - Computer	1	[{"added": {}}]	14	2
181	2025-07-03 19:27:39.486748+00	82	UNITEK 5 METER USB 2.0 MALE TO FEMALE CABLE (4894160026057) - Accessories - Computer	2	[{"changed": {"fields": ["Stock"]}}]	14	2
182	2025-07-03 19:29:01.876717+00	87	VENTION 3 METER 3.0 USB MALE TO FEMALE CABLE (6922794748897) - Accessories - Computer	1	[{"added": {}}]	14	2
183	2025-07-03 19:30:29.066014+00	88	LIGHT X 5M CAT-6 CABLE (70000005M) - Accessories - Network	1	[{"added": {}}]	14	2
184	2025-07-03 19:33:04.782709+00	89	LIGHT X CAT610 M (70000010M) - Accessories - Network	1	[{"added": {}}]	14	2
185	2025-07-03 19:35:12.761736+00	90	LIGHT X 30M CAT-6 CABLE (20000030M) - Accessories - Network	1	[{"added": {}}]	14	2
186	2025-07-03 19:36:03.052341+00	91	LIGHT X 15M CAT-6 CABLE (70000015M) - Accessories - Network	1	[{"added": {}}]	14	2
187	2025-07-03 19:36:51.141102+00	22	CROZBRO STEREO EARPHONE (6920241221009) - Accessories - Mobile	2	[{"changed": {"fields": ["Stock"]}}]	14	2
188	2025-07-03 19:37:11.639882+00	92	LIGHT X 20M CAT-6 CABLE (700000020M) - Accessories - Network	1	[{"added": {}}]	14	2
189	2025-07-03 19:38:05.774781+00	93	UNITEK 20M CAT6 CABLE (4894160037435) - Accessories - Network	1	[{"added": {}}]	14	2
190	2025-07-03 19:38:35.056965+00	88	LIGHT X 5M CAT-6 CABLE (70000005M) - Accessories - Network	2	[{"changed": {"fields": ["Barcode"]}}]	14	2
191	2025-07-03 19:38:38.264494+00	94	UNITEK  5 METER USB 2.0 USB TO PRINTER CABLE (4894160026088) - Accessories - Computer	1	[{"added": {}}]	14	2
192	2025-07-03 19:38:53.626148+00	93	UNITEK 20M CAT6 CABLE (4894160037435) - Accessories - Network	2	[{"changed": {"fields": ["Stock", "Barcode"]}}]	14	2
193	2025-07-03 19:39:08.979698+00	95	HOCO ESD15 WIRLESSHEADSET (6931474793102) - Accessories - Computer	1	[{"added": {}}]	14	2
194	2025-07-03 19:39:11.321038+00	92	LIGHT X 20M CAT-6 CABLE (700000020M) - Accessories - Network	2	[{"changed": {"fields": ["Barcode"]}}]	14	2
195	2025-07-03 19:39:28.533988+00	90	LIGHT X 30M CAT-6 CABLE (20000030M) - Accessories - Network	2	[{"changed": {"fields": ["Barcode"]}}]	14	2
196	2025-07-03 19:39:40.438451+00	91	LIGHT X 15M CAT-6 CABLE (70000015M) - Accessories - Network	2	[{"changed": {"fields": ["Barcode"]}}]	14	2
197	2025-07-03 19:39:54.860321+00	89	LIGHT X CAT610 M (70000010M) - Accessories - Network	2	[{"changed": {"fields": ["Barcode"]}}]	14	2
198	2025-07-03 19:40:11.958836+00	92	LIGHT X 20M CAT-6 CABLE (700000020M) - Accessories - Network	2	[{"changed": {"fields": ["Stock"]}}]	14	2
199	2025-07-03 19:40:32.733111+00	96	HOCO DS62 BT SPEAKER (6942007639552) - Accessories - Computer	1	[{"added": {}}]	14	2
200	2025-07-03 19:40:38.233424+00	97	UNITEK 3 METER USB 2.O TO PRINTER CABLE (4894160026071) - Accessories - Computer	1	[{"added": {}}]	14	2
201	2025-07-03 19:40:50.523656+00	94	UNITEK  5 METER USB 2.0 USB TO PRINTER CABLE (4894160026088) - Accessories - Computer	2	[{"changed": {"fields": ["Stock"]}}]	14	2
202	2025-07-03 19:42:18.771156+00	98	UNITEK 2 METER USB 2.0 TO PRINTER CABLE (4894160026484) - Accessories - Computer	1	[{"added": {}}]	14	2
203	2025-07-03 19:42:18.89427+00	99	HEATZ ZS23 PORTABLE BT SPEAKER (6918051000235) - Accessories - Computer	1	[{"added": {}}]	14	2
204	2025-07-03 19:42:40.741589+00	100	SANDISK ULTRA FAIR 3.0 16GB (619659136680) - Accessories - Computer	1	[{"added": {}}]	14	2
205	2025-07-03 19:43:00.788337+00	97	UNITEK 3 METER USB 2.O TO PRINTER CABLE (4894160026071) - Accessories - Computer	2	[{"changed": {"fields": ["Stock"]}}]	14	2
206	2025-07-03 19:43:53.140556+00	101	SANDISK ULTRA FAIR 3.0 32GB (619659136697) - Accessories - Computer	1	[{"added": {}}]	14	2
207	2025-07-03 19:44:46.153693+00	102	Unitek 4K 30 Hz HDMI Cable (4894160050588) - Accessories - Computer	1	[{"added": {}}]	14	1
208	2025-07-03 19:45:02.553568+00	103	VENTION 5 METER OPTICAL FIBER AUDIO CABLE (6922794731424) - Accessories - Network	1	[{"added": {}}]	14	2
209	2025-07-03 19:45:27.82039+00	104	SANDISK ULTRA FAIR 3.0 64GB (619659136703) - Accessories - Computer	1	[{"added": {}}]	14	2
210	2025-07-03 19:45:47.235439+00	105	UNITEK 20W UNIVERSAL TRAVEL ADAPTER (4894160051998) - Accessories - Mobile	1	[{"added": {}}]	14	2
211	2025-07-03 19:46:37.245725+00	106	VENTION 1METER 3RCA CABLE MALE (6922794729209) - Accessories - Computer	1	[{"added": {}}]	14	2
212	2025-07-03 19:47:07.163144+00	107	SANDISK ULTRA FAIR 3.0 128GB (619659136710) - Accessories - Computer	1	[{"added": {}}]	14	2
213	2025-07-03 19:47:31.312469+00	108	UNITEL 35W UNIVARSAL TRAVEL ADAPTER (4894160052018) - Accessories - Mobile	1	[{"added": {}}]	14	2
214	2025-07-03 19:47:38.928411+00	109	VENTION 2 METER 3RCA CABLE MALE (6922794729223) - Accessories - Computer	1	[{"added": {}}]	14	2
215	2025-07-03 19:48:03.622733+00	17	DESKTOP PC	1	[{"added": {}}]	7	2
216	2025-07-03 19:48:09.036413+00	81	UNITEK 15 METER 4K HDMI CABLE (4894160050571) - Accessories - Computer	2	[{"changed": {"fields": ["Stock"]}}]	14	1
217	2025-07-03 19:48:30.017749+00	110	UNITEK 66W TRAVEL ADAPTER (4894160046321) - Accessories - Mobile	1	[{"added": {}}]	14	2
218	2025-07-03 19:49:08.331138+00	111	VENTION RCA TO HDMI CONVERTER 1080P (6922794746145) - Accessories - Computer	1	[{"added": {}}]	14	2
219	2025-07-03 19:49:17.794841+00	102	Unitek 4K 30 Hz HDMI Cable 20M (4894160050588) - Accessories - Computer	2	[{"changed": {"fields": ["Name", "Description"]}}]	14	1
220	2025-07-03 19:50:22.653887+00	112	HOCO IP TO HDMI 2M CABLE (6942007619011) - Accessories - Mobile	1	[{"added": {}}]	14	2
221	2025-07-03 19:50:38.671856+00	113	UGREEN 2 METER 3.5 MALE TO FEMALE AUX CABLE (6957303846757) - Accessories - Computer	1	[{"added": {}}]	14	2
222	2025-07-03 19:50:49.432399+00	113	UGREEN 2 METER 3.5 MALE TO FEMALE AUX CABLE (6957303846757) - Accessories - Computer	2	[]	14	2
223	2025-07-03 19:51:02.313615+00	79	UNITEK 10 METER 4K HDMI CABLE (4894160050564) - Accessories - Computer	2	[{"changed": {"fields": ["Stock"]}}]	14	1
224	2025-07-03 19:51:31.397099+00	79	UNITEK 10 METER 4K HDMI CABLE 60Hz (4894160050564) - Accessories - Computer	2	[{"changed": {"fields": ["Name"]}}]	14	1
225	2025-07-03 19:53:16.81193+00	114	Unitex 4K 30Hz HDMI Cabile (4894160023346) - Accessories - Computer	1	[{"added": {}}]	14	1
226	2025-07-03 19:53:26.918733+00	115	HOCO USB C TO HDMI 2M CABLE (6942007619028) - Accessories - Mobile	1	[{"added": {}}]	14	2
227	2025-07-03 19:54:08.923337+00	116	UNITEK 0.2 METER HEADSET 3.5MM FEMALE TO DUAL MALE TO FEMALE CABLE (4894160025388) - Accessories - Computer	1	[{"added": {}}]	14	2
228	2025-07-03 19:54:56.144987+00	117	UNITEK POWERTRAIN DUO 38W (4894160047830) - Accessories - Mobile	1	[{"added": {}}]	14	2
229	2025-07-03 19:55:13.064389+00	118	UNITEK 1 METER 3.5MM STEREO AUDIO CABLE (4894160025357) - Accessories - Computer	1	[{"added": {}}]	14	2
230	2025-07-03 19:56:26.192067+00	119	HOCO DZ11 DUAL PORT CAR CHARGER (6931474788207) - Accessories - Mobile	1	[{"added": {}}]	14	2
231	2025-07-03 19:56:38.580139+00	120	UNITEK USB C TO 3.5MM HEADPHONE JACK ADAPTER (4894160041746) - Accessories - Mobile	1	[{"added": {}}]	14	2
232	2025-07-03 19:57:17.504908+00	121	Unitek 40M HDMI 2.0 Male to male 4K 60Hz Cable (4894160049568) - Accessories - Computer	1	[{"added": {}}]	14	1
233	2025-07-03 19:58:03.949174+00	122	UNITEK LIGHTNING TO 3.5MM HEADPHONE JACK ADAPTER (4894160048684) - Accessories - Mobile	1	[{"added": {}}]	14	2
234	2025-07-03 19:58:32.463363+00	123	Unitex 4K 30Hz HDMI Cabile 5M (48944160023308) - Accessories - Computer	1	[{"added": {}}]	14	1
235	2025-07-03 19:59:21.185625+00	124	HOCO DZ16 FAST CHARGING TYPE C TO IP (6942007643078) - Accessories - Mobile	1	[{"added": {}}]	14	2
236	2025-07-03 20:00:06.290346+00	125	Unitex 4K 60Hz HDMI Cabile 5M (4894160050557) - Accessories - Computer	1	[{"added": {}}]	14	1
237	2025-07-03 20:00:36.790869+00	126	UNITEK 1.5 METER DP CABLE (4894160027269) - Accessories - Computer	1	[{"added": {}}]	14	2
238	2025-07-03 20:01:11.323683+00	127	HOCO DZ16 FAST CHARGING TYPE C TO C 1M (6942007627986) - Accessories - Mobile	1	[{"added": {}}]	14	2
239	2025-07-03 20:01:29.866135+00	128	UNITEK 2 METER DP CABLE (4894160027276) - Accessories - Computer	1	[{"added": {}}]	14	2
240	2025-07-03 20:01:39.206195+00	17	DESKTOP RAM	2	[{"changed": {"fields": ["Name"]}}]	7	2
241	2025-07-03 20:01:39.630884+00	129	Vention HDMI 30M (6922794743106) - Accessories - Computer	1	[{"added": {}}]	14	1
242	2025-07-03 20:02:17.846122+00	130	UNITEK 3 METER DP CABLE (4894160027283) - Accessories - Computer	1	[{"added": {}}]	14	2
243	2025-07-03 20:02:48.063661+00	131	Unitek SmartLink Trinity Adapter (489160032898) - Accessories - Computer	1	[{"added": {}}]	14	1
244	2025-07-03 20:02:55.905631+00	132	HOCO  DZ16 CAR CHARGER ADAPTER (6942007627979) - Accessories - Mobile	1	[{"added": {}}]	14	2
245	2025-07-03 20:03:09.96129+00	133	TEAM GROUP DDR3L (765441615809) - DESKTOP RAM	1	[{"added": {}}]	14	2
246	2025-07-03 20:03:11.214765+00	134	UNITEK 5 METER DP CABLE (4894160032751) - Accessories - Computer	1	[{"added": {}}]	14	2
247	2025-07-03 20:03:59.907441+00	135	Unitek Cat6 RJ45 Connector (4894160033789) - Accessories - Network	1	[{"added": {}}]	14	1
248	2025-07-03 20:04:28.444058+00	136	UNITEK 1.5 METER 4K HDMI CABLE (4894160023247) - Accessories - Computer	1	[{"added": {}}]	14	2
249	2025-07-03 20:05:08.892239+00	137	LEXAR DD4 3200 (843367123797) - DESKTOP RAM	1	[{"added": {}}]	14	2
250	2025-07-03 20:05:17.205799+00	138	Unitek USB Extension Cable 20M 2.0 (4894160026613) - Accessories - Computer	1	[{"added": {}}]	14	1
251	2025-07-03 20:05:25.370469+00	139	DZ11 DUAL PORT CAR CHARGER USB TO IP (6931474788184) - Accessories - Mobile	1	[{"added": {}}]	14	2
252	2025-07-03 20:05:54.34503+00	130	UNITEK 3 METER DP CABLE (4894160027283) - Accessories - Computer	2	[{"changed": {"fields": ["Stock"]}}]	14	2
253	2025-07-03 20:06:15.28593+00	137	LEXAR DD4 3200 (843367123797) - DESKTOP RAM	2	[{"changed": {"fields": ["Stock"]}}]	14	2
254	2025-07-03 20:06:25.530911+00	140	Unitek USB Extention 10M USB 2.0 (4894160020758) - Accessories - Computer	1	[{"added": {}}]	14	1
255	2025-07-03 20:06:41.950303+00	141	HOCO CA31A PHONE HOLDER (6942007613897) - Accessories - Mobile	1	[{"added": {}}]	14	2
256	2025-07-03 20:07:23.52753+00	142	UGREEN 1 METER DP TO DP 4K 60HZ CABLE (6957303812448) - Accessories - Computer	1	[{"added": {}}]	14	2
257	2025-07-03 20:07:49.193031+00	143	Unitek USB Extension Cable 10M USB 3.0 (4894160026644) - Accessories - Computer	1	[{"added": {}}]	14	1
258	2025-07-03 20:07:51.66202+00	137	LEXAR DD4 3200 (843367123797) - DESKTOP RAM	2	[{"changed": {"fields": ["Stock"]}}]	14	2
259	2025-07-03 20:07:59.409201+00	144	HOCO FOLDING PHONE STAND HD6 (6942007602372) - Accessories - Mobile	1	[{"added": {}}]	14	2
260	2025-07-03 20:08:50.670222+00	145	KINGSTON DDR5 16GB (743617025096) - DESKTOP RAM	1	[{"added": {}}]	14	2
261	2025-07-03 20:08:55.333274+00	146	Unitek USB Extention 5M USB 3.0 (4894160020765) - Services - Computer	1	[{"added": {}}]	14	1
262	2025-07-03 20:09:02.393316+00	147	VENTION4K 60HZ HDMI MALE TO DP MALE HC CABLE (6922794756328) - Accessories - Computer	1	[{"added": {}}]	14	2
263	2025-07-03 20:09:21.09225+00	137	LEXAR DD4 3200 (843367123797) - DESKTOP RAM	2	[{"changed": {"fields": ["Stock"]}}]	14	2
264	2025-07-03 20:09:28.171744+00	148	HOCO CAR WIRLESS FM E67 (6931474762122) - Accessories - Mobile	1	[{"added": {}}]	14	2
265	2025-07-03 20:10:05.996395+00	149	UNITEK  2 METER HDMI TO VGA CABLE (4894160052520) - Accessories - Computer	1	[{"added": {}}]	14	2
266	2025-07-03 20:10:11.8742+00	150	KINGSTON DDR5 32GB (740617325058) - DESKTOP RAM	1	[{"added": {}}]	14	2
267	2025-07-03 20:10:30.070264+00	151	HOCO CA95 CAR HOLDER (6931474758514) - Accessories - Mobile	1	[{"added": {}}]	14	2
268	2025-07-03 20:10:30.799189+00	152	Unitex 4K HDMI 1.4B Switch 5in1 Out (4894160037961) - Accessories - Computer	1	[{"added": {}}]	14	1
269	2025-07-03 20:10:33.574699+00	18	LAPTOP RAM	1	[{"added": {}}]	7	2
270	2025-07-03 20:11:41.2617+00	153	Unitek 4K HDMI Switch 3in1 Out (48941600533763) - Accessories - Computer	1	[{"added": {}}]	14	1
271	2025-07-03 20:12:12.558335+00	154	LEXAR DDR4 8GB (843367123766) - LAPTOP RAM	1	[{"added": {}}]	14	2
272	2025-07-03 20:12:58.541961+00	155	HAYSENSER HY-H146  HDMI USB TO DP FEMALE (6920484370670) - Accessories - Computer	1	[{"added": {}}]	14	2
273	2025-07-03 20:13:33.783027+00	156	HOCO DCA56 CAR HOLDER (6942007647854) - Accessories - Mobile	1	[{"added": {}}]	14	2
274	2025-07-03 20:13:50.036499+00	157	IMATION DDR4 32GB (IMDDR432GB) - LAPTOP RAM	1	[{"added": {}}]	14	2
275	2025-07-03 20:14:56.636245+00	158	IMATION DDR4 16GB (IMDDR416GB) - LAPTOP RAM	1	[{"added": {}}]	14	2
276	2025-07-03 20:15:05.276016+00	159	UNIVARSAL HOLDER C97 (6971050263186) - Accessories - Mobile	1	[{"added": {}}]	14	2
277	2025-07-03 20:15:58.308253+00	19	EXTERNAL HARDDISK	1	[{"added": {}}]	7	2
278	2025-07-03 20:16:11.542436+00	160	HOCO Z56 240W CAR CHARGER (6942007633031) - Accessories - Mobile	1	[{"added": {}}]	14	2
279	2025-07-03 20:16:21.021192+00	161	UNITEK 2 METER 4K MINI DP TO HDMI CABLE (4894160046833) - Accessories - Computer	1	[{"added": {}}]	14	2
280	2025-07-03 20:16:59.279268+00	162	TOSHIBA CANVIO BASIS 4TB (4260557512364) - EXTERNAL HARDDISK	1	[{"added": {}}]	14	2
281	2025-07-03 20:17:20.481769+00	163	HOCO PH50 DESKTOP STAND (6931474782878) - Accessories - Mobile	1	[{"added": {}}]	14	2
282	2025-07-03 20:17:33.558718+00	164	Unitek 4K HDMI KVM Switch 2in1 Out (4894160048301) - Accessories - Computer	1	[{"added": {}}]	14	1
283	2025-07-03 20:17:34.152029+00	165	UNITEK 1 METER HDMI CONVERSION CABLE FOR MOBILE (4894160041722) - Accessories - Computer	1	[{"added": {}}]	14	2
284	2025-07-03 20:17:57.212693+00	166	TOSHIBA CANVIO BASIS 1TB (4260557512340) - EXTERNAL HARDDISK	1	[{"added": {}}]	14	2
285	2025-07-03 20:18:25.077956+00	167	HOCO PH34 FOLDING STAND (6931474734129) - Accessories - Mobile	1	[{"added": {}}]	14	2
286	2025-07-03 20:19:09.740858+00	168	TOSHIBA CANVIO BASIS 2TB (4260557512357) - EXTERNAL HARDDISK	1	[{"added": {}}]	14	2
287	2025-07-03 20:20:06.381187+00	20	INTERNAL SSD SATA	1	[{"added": {}}]	7	2
288	2025-07-03 20:20:06.78574+00	169	UNITEK 1.8 METER DP 1.2 TO HDMI 4K CABLE (4894160048462) - Accessories - Computer	1	[{"added": {}}]	14	2
289	2025-07-03 20:20:49.955035+00	170	Unitek HDMI 4K Splitter 1 x 10 (4894160045232) - Accessories - Computer	1	[{"added": {}}]	14	1
290	2025-07-03 20:21:06.628113+00	171	HOCO DH05 STAND (6931474743657) - Accessories - Mobile	1	[{"added": {}}]	14	2
291	2025-07-03 20:21:06.887282+00	172	LEXAR 512GB SATA (843367116201) - INTERNAL SSD SATA	1	[{"added": {}}]	14	2
292	2025-07-03 20:21:35.800621+00	173	UNITEK 1.8 METER DP TO HDMI 4K CABLE (4894160010476) - Accessories - Computer	1	[{"added": {}}]	14	2
293	2025-07-03 20:22:22.246548+00	174	LEXAR 2TB SATA (843367120758) - INTERNAL SSD SATA	1	[{"added": {}}]	14	2
294	2025-07-03 20:22:25.808237+00	175	Unitek HDMI 4K Splitter 1 x 8 (4894160044709) - Accessories - Computer	1	[{"added": {}}]	14	1
295	2025-07-03 20:22:54.839709+00	21	NVME	1	[{"added": {}}]	7	2
296	2025-07-03 20:23:25.636665+00	176	HOCO CA31 CAR HOLDER (6957531077602) - Accessories - Mobile	1	[{"added": {}}]	14	2
297	2025-07-03 20:23:53.060509+00	177	UNITEK 1.8 METER DP TO DVI 1080P FULL HD (4894160010469) - Accessories - Computer	1	[{"added": {}}]	14	2
298	2025-07-03 20:23:54.715258+00	178	KINGSTON NV2 PCIE 4 NVME 500GB (740617329858) - NVME	1	[{"added": {}}]	14	2
299	2025-07-03 20:24:29.652299+00	179	Lenovo Wired Keyboard Orginal (1PSD51B37316) - Accessories - Computer	1	[{"added": {}}]	14	1
300	2025-07-03 20:24:53.787641+00	180	LEXAR NVME 2TB (843367123179) - Accessories - Computer	1	[{"added": {}}]	14	2
301	2025-07-03 20:24:59.03045+00	181	UNITEK 1.8 METER DP TO VGA CABLE (4894160010506) - Accessories - Computer	1	[{"added": {}}]	14	2
302	2025-07-03 20:25:59.719485+00	182	LEXAR NVME 1TB (843367123162) - Accessories - Computer	1	[{"added": {}}]	14	2
303	2025-07-03 20:26:16.549084+00	183	VENTION 1.5 METER MINI HDMI CABLE (6922794721029) - Accessories - Computer	1	[{"added": {}}]	14	2
304	2025-07-03 20:27:01.775224+00	184	LEXAR NVME 256GB (843367123148) - Accessories - Computer	1	[{"added": {}}]	14	2
305	2025-07-03 20:27:49.920856+00	185	LEXAR NVME 512GB (843367123155) - Accessories - Computer	1	[{"added": {}}]	14	2
306	2025-07-03 20:27:53.231013+00	186	HDMI 4K Splitter 1x 2 (30000001) - Accessories - Computer	1	[{"added": {}}]	14	1
307	2025-07-03 20:28:40.208649+00	187	VENTION 5 METER 4K DP TO HDMI (6922794749245) - Accessories - Computer	1	[{"added": {}}]	14	2
308	2025-07-03 20:28:55.413365+00	188	LEXAR 256GB SATA (843367116195) - Accessories - Computer	1	[{"added": {}}]	14	2
309	2025-07-03 20:29:06.146298+00	189	Unitek 10 GBPS Dual Data 12 bay Sate Docking Station (4894160052803) - Accessories - Computer	1	[{"added": {}}]	14	1
310	2025-07-03 20:30:12.390691+00	190	LEXAR 3.0 32GB (843367128044) - Accessories - Computer	1	[{"added": {}}]	14	2
311	2025-07-03 20:30:38.29664+00	191	3000W POWER SOCKET (6973965932188) - Accessories - Mobile	1	[{"added": {}}]	14	2
312	2025-07-03 20:31:50.828106+00	192	Unitek SATA HDD Adapter 3.5 / 2.5 (4894160003768) - Accessories - Computer	1	[{"added": {}}]	14	1
313	2025-07-03 20:32:00.345058+00	193	UGREEN 2 METER  USB TO RS232 DB9 SERIAL ADAPTER CABLE (6957303801916) - Accessories - Computer	1	[{"added": {}}]	14	2
314	2025-07-03 20:32:11.133485+00	194	FOLDABLE DESKTOP STAND (16933925101792) - Accessories - Computer	1	[{"added": {}}]	14	2
315	2025-07-03 20:32:22.909181+00	190	LEXAR 3.0 32GB (843367128044) - Accessories - Computer	2	[{"changed": {"fields": ["Stock"]}}]	14	2
316	2025-07-03 20:34:22.428179+00	195	Unitek NVME M.2 SSD Dual Bay Enclosure (4894160045829) - Accessories - Computer	1	[{"added": {}}]	14	1
317	2025-07-03 20:34:35.939696+00	196	XCELL AC ADAPTER (6291108209080) - Accessories - Mobile	1	[{"added": {}}]	14	2
318	2025-07-03 20:34:58.43318+00	197	HAYSENSER HY 1.5 METER HY-US015 0724 USB TO RS232 MALE TO MALE (6922488060724) - Accessories - Computer	1	[{"added": {}}]	14	2
319	2025-07-03 20:35:34.396765+00	198	LEXAR USB 3.0 64GB (843367128051) - Accessories - Computer	1	[{"added": {}}]	14	2
320	2025-07-03 20:35:49.811992+00	199	Unitek 4K HDMI Splitter 1 in 4 Out (4894160044693) - Accessories - Computer	1	[{"added": {}}]	14	1
321	2025-07-03 20:36:19.512774+00	200	UNITEK 1.8 METER USB C TO 4K HDMI CABLE (4894160048196) - Accessories - Computer	1	[{"added": {}}]	14	2
322	2025-07-03 20:36:46.660254+00	201	HOCO Q26 MAGNATIC WIRLESS POWER BANK (6942007624046) - Accessories - Mobile	1	[{"added": {}}]	14	2
323	2025-07-03 20:37:00.16314+00	202	Vention VGA Splitter 1 in 2 out (6922794733817) - Accessories - Computer	1	[{"added": {}}]	14	1
324	2025-07-03 20:37:55.19519+00	203	LEXAR USB 3.0 128GB (843367128068) - Accessories - Computer	1	[{"added": {}}]	14	2
325	2025-07-03 20:38:02.153662+00	204	UNITEK 1.8METER USB C TO 1.4 DP CABLE (4894160048264) - Accessories - Computer	1	[{"added": {}}]	14	2
326	2025-07-03 20:38:39.580268+00	205	ALHUA USB 2.0 64GB (6923172536853) - Accessories - Computer	1	[{"added": {}}]	14	2
327	2025-07-03 20:38:52.672556+00	206	HDMI 2 DP Cable 4K (036039) - Accessories - Computer	1	[{"added": {}}]	14	1
328	2025-07-03 20:38:54.811293+00	207	HOCO DB22 10000MAH POWER BANK (6931474778420) - Accessories - Mobile	1	[{"added": {}}]	14	2
329	2025-07-03 20:39:22.30254+00	208	PNY USB 3.1 64GB (3536403372866) - Accessories - Computer	1	[{"added": {}}]	14	2
330	2025-07-03 20:39:24.157737+00	209	UNITEK 2 METER USB C TO 1.2 DP CABLE (4894160046277) - Accessories - Computer	1	[{"added": {}}]	14	2
331	2025-07-03 20:40:06.1102+00	210	HOCO DB03 POWER BANK 100000MAH (6942007613064) - Accessories - Mobile	1	[{"added": {}}]	14	2
332	2025-07-03 20:40:35.350756+00	211	Keyboard Protective Film Rubber (100000050) - Accessories - Computer	1	[{"added": {}}]	14	1
333	2025-07-03 20:40:36.432803+00	212	IMATION USB 3.2 64GB (8809588605384) - Accessories - Computer	1	[{"added": {}}]	14	2
334	2025-07-03 20:41:22.632858+00	213	HOCO Q25 20W POWER BANK (6942007619073) - Accessories - Mobile	1	[{"added": {}}]	14	2
335	2025-07-03 20:42:02.308478+00	214	SANDISK USB 2.0 64GB (619659097318) - Accessories - Computer	1	[{"added": {}}]	14	2
336	2025-07-03 20:42:46.429029+00	215	VENTION 10 METER PRINTER CABLE (6922794748606) - Accessories - Computer	1	[{"added": {}}]	14	2
337	2025-07-03 20:43:04.871769+00	216	Dell Wired Keyboard Orginal Model KB216 (884116180531) - Accessories - Computer	1	[{"added": {}}]	14	1
338	2025-07-03 20:43:26.177606+00	217	SANDISK USB 2.0 128GB (619659125905) - Accessories - Computer	1	[{"added": {}}]	14	2
339	2025-07-03 20:43:33.341712+00	218	PATEK 14800MAH POWER BANK (6923179650026) - Accessories - Mobile	1	[{"added": {}}]	14	2
340	2025-07-03 20:44:09.975798+00	219	VENTION 15 METER PRINTER CABLE (6922794748613) - Accessories - Computer	1	[{"added": {}}]	14	2
341	2025-07-03 20:44:31.363608+00	217	SANDISK USB 2.0 128GB (619659125905) - Accessories - Computer	2	[{"changed": {"fields": ["Cost price", "Stock"]}}]	14	2
342	2025-07-03 20:44:46.029593+00	220	Type C to HD TV 11 in 1 Docking Station (30000002) - Accessories - Computer	1	[{"added": {}}]	14	1
343	2025-07-03 20:45:52.207557+00	221	SANDISK ETREME PRO PORTABLE SSD 2TB 2000MB/S (619659181314) - Accessories - Computer	1	[{"added": {}}]	14	2
344	2025-07-03 20:45:55.799107+00	222	Unitek VGA KVM Switch 2 in 1 out (4894160026019) - Accessories - Computer	1	[{"added": {}}]	14	1
345	2025-07-03 20:46:22.764137+00	223	PATEK PT-5814800MAH POWER BANK (6925346450057) - Accessories - Mobile	1	[{"added": {}}]	14	2
346	2025-07-03 20:46:53.269117+00	224	LEXAR 256 PCIE SATA (843367112098) - Accessories - Computer	1	[{"added": {}}]	14	2
347	2025-07-03 20:47:37.220199+00	225	Unitek 7 in 1 USB Hub (4894160055217) - Accessories - Computer	1	[{"added": {}}]	14	1
348	2025-07-03 20:47:46.593185+00	226	ANKER 622 WIRLESS POWERBANK (194644295202) - Accessories - Mobile	1	[{"added": {}}]	14	2
349	2025-07-03 20:48:04.326214+00	94	UNITEK  5 METER USB 2.0 USB TO PRINTER CABLE (4894160026088) - Accessories - Computer	2	[{"changed": {"fields": ["Stock"]}}]	14	2
350	2025-07-03 20:48:15.090633+00	227	SANDISK DUAL DRIVE GO USB TYPE C 32GB (619659177140) - Accessories - Computer	1	[{"added": {}}]	14	2
351	2025-07-03 20:49:37.267141+00	228	PNY DDR5 8GB DESKTOP RAM (751492656250) - Accessories - Computer	1	[{"added": {}}]	14	2
352	2025-07-03 20:49:51.637811+00	142	UGREEN 1 METER DP TO DP 4K 60HZ CABLE (6957303812448) - Accessories - Computer	2	[]	14	1
353	2025-07-03 20:50:07.394458+00	229	UNITEK 20CM DP TO VGA ADAPTER (4894160010490) - Accessories - Computer	1	[{"added": {}}]	14	2
354	2025-07-03 20:50:31.232231+00	230	ANKER POWER BANK 10,000MAH A1257H11 (194644197476) - Accessories - Mobile	1	[{"added": {}}]	14	2
355	2025-07-03 20:50:48.272587+00	231	SANDISK EXTREME PORTABLE SSD 1TB 1050MB/S (2514K1A010AC) - Accessories - Computer	1	[{"added": {}}]	14	2
356	2025-07-03 20:50:59.480889+00	230	ANKER POWER BANK 10,000MAH A1257H11 (194644197476) - Accessories - Mobile	2	[{"changed": {"fields": ["Stock"]}}]	14	2
357	2025-07-03 20:51:30.918798+00	229	UNITEK 20CM DP TO VGA ADAPTER (4894160010490) - Accessories - Computer	2	[{"changed": {"fields": ["Stock"]}}]	14	2
358	2025-07-03 20:51:42.685373+00	232	UGREEN USB 3.0 Network Adapter Gigabite Ethernet (6957303822553) - Accessories - Computer	1	[{"added": {}}]	14	1
359	2025-07-03 20:52:09.999864+00	233	HOCO J115 ULTRASLIM POWER BANK (6942007640800) - Accessories - Mobile	1	[{"added": {}}]	14	2
360	2025-07-03 20:52:32.055525+00	234	DLINK USB 2.0 ETHERNET  ADAPTER DUB-E100 (790069459016) - Accessories - Network	1	[{"added": {}}]	14	2
361	2025-07-03 20:52:40.106957+00	235	UNITEK 20 CM DP TO HDMI ADAPTER (4894160019400) - Accessories - Computer	1	[{"added": {}}]	14	2
362	2025-07-03 20:52:58.485462+00	236	HOCO Q29 POWER BANK (6942007633277) - Accessories - Mobile	1	[{"added": {}}]	14	2
363	2025-07-03 20:53:46.55268+00	237	Ugreen USB C to Ethernet Adapter GHz Adapter (6957303857371) - Accessories - Computer	1	[{"added": {}}]	14	1
364	2025-07-03 20:54:01.107163+00	238	HOCO DB07 POWER BANK (6931474762962) - Accessories - Mobile	1	[{"added": {}}]	14	2
365	2025-07-03 20:54:18.452+00	239	TWINMOS DDR4 2666 8GB DESKTOP RAM (6291104604070) - Accessories - Computer	1	[{"added": {}}]	14	2
366	2025-07-03 20:54:25.517882+00	240	UNITEK 15CM HDMI TO VGA ADAPTER (4894160051929) - Accessories - Computer	1	[{"added": {}}]	14	2
367	2025-07-03 20:54:45.942903+00	174	LEXAR 2TB SATA (843367120758) - INTERNAL SSD SATA	2	[{"changed": {"fields": ["Stock"]}}]	14	2
368	2025-07-03 20:54:59.051653+00	241	HOCO J118 POWER BANK (6942007608046) - Accessories - Mobile	1	[{"added": {}}]	14	2
369	2025-07-03 20:55:09.40728+00	242	UGREEN HDMI to  DP Converter (6957303842384) - Accessories - Computer	1	[{"added": {}}]	14	1
370	2025-07-03 20:55:21.916631+00	198	LEXAR USB 3.0 64GB (843367128051) - Accessories - Computer	2	[{"changed": {"fields": ["Stock"]}}]	14	2
371	2025-07-03 20:55:33.042289+00	243	UNITEK 20CM MINI DP TO HDMI ADAPTER (4894160019394) - Accessories - Computer	1	[{"added": {}}]	14	2
372	2025-07-03 20:56:44.700883+00	244	DLINK 14 in One USB C Hub Model DUB/C114 (790169007285) - Accessories - Computer	1	[{"added": {}}]	14	1
373	2025-07-03 20:57:04.058395+00	245	LEXAR 64GB MEMOERY CARD (843367128891) - Accessories - Computer	1	[{"added": {}}]	14	2
374	2025-07-03 20:57:33.95069+00	246	LAPTOP STAND A1/A6 (6933925191338) - Accessories - Computer	1	[{"added": {}}]	14	2
375	2025-07-03 20:57:50.210245+00	247	HEATZ ZT21 VGA TO HDMI ADAPTER WITH AUDIO (6918031500212) - Accessories - Computer	1	[{"added": {}}]	14	2
376	2025-07-03 20:58:15.459023+00	248	LEXAR 32GB MEMORYCARD (843367128884) - Accessories - Computer	1	[{"added": {}}]	14	2
377	2025-07-03 20:58:27.209534+00	249	DLINK 6 in 1 USB C Hub (790169007261) - Accessories - Computer	1	[{"added": {}}]	14	1
378	2025-07-03 20:58:59.06253+00	250	UNITEK 15CM VGA TO HDMI ADAPTER 1080P (4894160053435) - Accessories - Computer	1	[{"added": {}}]	14	2
379	2025-07-03 20:59:00.995211+00	251	HOCO DU01 USB TO MICRO 1M (6942007601931) - Accessories - Mobile	1	[{"added": {}}]	14	2
380	2025-07-03 20:59:51.236563+00	252	DLINK 3 in 1 USB C HUB (790169007254) - Accessories - Computer	1	[{"added": {}}]	14	1
381	2025-07-03 20:59:54.434215+00	253	UNITEK 15CM VGA TO HDMI ADAPTER (4894160017055) - Accessories - Computer	1	[{"added": {}}]	14	2
382	2025-07-03 21:00:01.893113+00	254	SANDISK 16GB MEMORY CARD (619659161613) - Accessories - Computer	1	[{"added": {}}]	14	2
383	2025-07-03 21:00:10.229229+00	255	HOCO DU46 USB TO MICRO 1M 2.4A (6942007603270) - Accessories - Mobile	1	[{"added": {}}]	14	2
384	2025-07-03 21:01:05.233521+00	256	SANDISK 64GB MEMORY CARD (619659185077) - Accessories - Computer	1	[{"added": {}}]	14	2
385	2025-07-03 21:01:19.068627+00	257	HOCO DUP03 AUDIO CONVERSION CABLE IP (6942007601917) - Accessories - Mobile	1	[{"added": {}}]	14	2
386	2025-07-03 21:01:19.629437+00	258	DLINK USB C to Ethernet Adapter 2.5 GHz (790069457517) - Accessories - Computer	1	[{"added": {}}]	14	1
387	2025-07-03 21:01:41.649573+00	259	HEATZ ZT27 MINI DP TO HDMI ADAPTER (6918031500274) - Accessories - Computer	1	[{"added": {}}]	14	2
388	2025-07-03 21:01:57.549961+00	260	SANDISK 128GB MEMORY CARD (619659185091) - Accessories - Computer	1	[{"added": {}}]	14	2
389	2025-07-03 21:02:25.001424+00	261	HOCO DU46 USB TO IP 2M (6942007613804) - Accessories - Mobile	1	[{"added": {}}]	14	2
390	2025-07-03 21:02:44.682086+00	262	SANDISK 256GB MEMORY CARD (619659196516) - Accessories - Computer	1	[{"added": {}}]	14	2
391	2025-07-03 21:02:56.203288+00	263	UNITEK USB C FEMALE TO HDMI MALE (4894160056955) - Accessories - Computer	1	[{"added": {}}]	14	2
392	2025-07-03 21:03:19.117265+00	264	BUDI USB TO IP 1M CABLE (6971536926697) - Accessories - Mobile	1	[{"added": {}}]	14	2
393	2025-07-03 21:03:20.777574+00	265	SANDISK 512GB MEMORY CARD (619659196622) - Accessories - Computer	1	[{"added": {}}]	14	2
394	2025-07-03 21:03:37.324513+00	266	Unitek External DVD Drive 5 in 1 with USB HUB (4894160054401) - Accessories - Computer	1	[{"added": {}}]	14	1
395	2025-07-03 21:04:23.559162+00	267	HAYSENSER 20CM HDMI MALE TO USB C FEMALE  4K 60HZ (6922488000324) - Accessories - Computer	1	[{"added": {}}]	14	2
396	2025-07-03 21:05:33.444343+00	268	HOCO DU46 USB TO C 1M CABLE 3.0A (6942007600453) - Accessories - Mobile	1	[{"added": {}}]	14	2
397	2025-07-03 21:05:33.901412+00	269	UNITEK 4K HDMI COUPLER (4894160048592) - Accessories - Computer	1	[{"added": {}}]	14	2
398	2025-07-03 21:05:44.008727+00	270	UNITEK MINI DP TO VGA HDMI CONVERTER (4894160009852) - Accessories - Computer	1	[{"added": {}}]	14	2
399	2025-07-03 21:06:25.944432+00	271	OTG USB A TO TYPE C (6954552241227) - Accessories - Computer	1	[{"added": {}}]	14	2
400	2025-07-03 21:06:45.341692+00	227	SANDISK DUAL DRIVE GO USB TYPE C 32GB (619659177140) - Accessories - Computer	2	[{"changed": {"fields": ["Stock"]}}]	14	2
401	2025-07-03 21:07:25.127535+00	272	VENTION DP MALE TO HDMI FEMALE ADAPTER (6922794752603) - Accessories - Computer	1	[{"added": {}}]	14	2
402	2025-07-03 21:22:43.148001+00	273	UNITEK USB A TO USB C ULTRA TINY ZINC ADAPTER (4894160043870) - Accessories - Computer	1	[{"added": {}}]	14	2
403	2025-07-03 21:25:11.539751+00	274	MIICAM UB 3.0 TO SERIAL ATA HDD CONVERTER (6922488000188) - Accessories - Computer	1	[{"added": {}}]	14	2
404	2025-07-03 21:27:19.905105+00	22	aCCESS]	1	[{"added": {}}]	7	2
405	2025-07-03 21:28:12.300284+00	22	aCCESS]	3		7	2
406	2025-07-03 21:29:03.970914+00	23	Accessories - Electrical	1	[{"added": {}}]	7	2
407	2025-07-03 21:35:33.490548+00	275	Haysenser Portable USB 3.0 DVD Drive (6920484371028) - Accessories - Computer	1	[{"added": {}}]	14	1
408	2025-07-03 21:36:57.140841+00	255	HOCO DU46 USB TO MICRO 1M 2.4A (6942007603270) - Accessories - Mobile	2	[{"changed": {"fields": ["Stock"]}}]	14	2
409	2025-07-03 21:37:45.304101+00	276	VENTION 10 METER USB MALE TO MALE (50000025) - Accessories - Computer	1	[{"added": {}}]	14	2
410	2025-07-03 21:39:15.750047+00	168	TOSHIBA CANVIO BASIS 2TB (4260557512357) - Accessories - Computer	2	[{"changed": {"fields": ["Category"]}}]	14	1
411	2025-07-03 21:39:24.732389+00	150	KINGSTON DDR5 32GB (740617325058) - Accessories - Computer	2	[{"changed": {"fields": ["Category"]}}]	14	1
412	2025-07-03 21:39:35.968355+00	76	HP CATRIDGE 47 BLACK (196068029920) - Accessories - Printer	2	[{"changed": {"fields": ["Category"]}}]	14	1
413	2025-07-03 21:39:48.536497+00	145	KINGSTON DDR5 16GB (743617025096) - Accessories - Computer	2	[{"changed": {"fields": ["Category"]}}]	14	1
414	2025-07-03 21:40:31.320725+00	137	LEXAR DD4 3200 (843367123797) - Accessories - Computer	2	[{"changed": {"fields": ["Category"]}}]	14	1
415	2025-07-03 21:40:38.696717+00	277	VENTION 3METER USB MALE TO MALE (6922794748842) - Accessories - Computer	1	[{"added": {}}]	14	2
416	2025-07-03 21:40:53.780309+00	275	Haysenser Portable USB 3.0 DVD Drive (6920484371028) - Accessories - Computer	2	[{"changed": {"fields": ["Stock"]}}]	14	1
417	2025-07-03 21:41:52.975485+00	278	HOCO DU01 USB C TO USB C 1M (6942007603256) - Accessories - Mobile	1	[{"added": {}}]	14	2
418	2025-07-03 21:41:54.279152+00	279	VENTION 2 METER USB MALE TO MALE (6922794748835) - Accessories - Computer	1	[{"added": {}}]	14	2
419	2025-07-03 21:42:27.048382+00	280	SANDISK DUAL DRIVE GO USB TYPE C 128GB (619659177201) - Accessories - Computer	1	[{"added": {}}]	14	2
420	2025-07-03 21:42:34.552756+00	281	Lenovo Wired Mouse (1PSM50L24505) - Accessories - Computer	1	[{"added": {}}]	14	1
421	2025-07-03 21:42:51.51403+00	282	VENTION 1 METER USB MALE TO MALE (6922794748811) - Accessories - Computer	1	[{"added": {}}]	14	2
422	2025-07-03 21:42:54.71523+00	283	HOCO DU46 USB C TO USB C 2M (6942007635295) - Accessories - Mobile	1	[{"added": {}}]	14	2
423	2025-07-03 21:43:14.054089+00	284	LEXAR 1TB SATA (843367117222) - Accessories - Computer	1	[{"added": {}}]	14	2
424	2025-07-03 21:44:04.368508+00	285	UGREEN USB 3.0 4 Port HUB (6957303822904) - Accessories - Computer	1	[{"added": {}}]	14	1
425	2025-07-03 21:44:10.040468+00	286	HOCO DUP03 AUDIO CONVERSION CABLE (6942007600378) - Accessories - Mobile	1	[{"added": {}}]	14	2
426	2025-07-03 21:44:10.084881+00	287	UNITEK USB BLUETOOTH 5.3 ADAPTER (4894160050502) - Accessories - Computer	1	[{"added": {}}]	14	2
427	2025-07-03 21:44:29.421064+00	286	HOCO DUP03 AUDIO CONVERSION CABLE TYPE C (6942007600378) - Accessories - Mobile	2	[{"changed": {"fields": ["Name"]}}]	14	2
428	2025-07-03 21:45:09.998022+00	288	USB C CARD READER (4894160032003) - Accessories - Computer	1	[{"added": {}}]	14	2
429	2025-07-03 21:45:58.465205+00	289	USB Web CAM - Normal (10000051) - Accessories - Computer	1	[{"added": {}}]	14	1
430	2025-07-03 21:46:06.729613+00	290	UGREEN BLUETOOTH 5.0 USB ADAPTER (6957303888894) - Accessories - Computer	1	[{"added": {}}]	14	2
431	2025-07-03 21:46:37.390874+00	291	VENTION VGA MALE TO MALE ADAPTER (6922794748002) - Accessories - Computer	1	[{"added": {}}]	14	2
432	2025-07-03 21:47:37.875398+00	292	VENTION VGA FEMALE TO FEMALE ADAPTER (6922794748026) - Accessories - Computer	1	[{"added": {}}]	14	2
433	2025-07-03 21:47:52.146746+00	293	Remote Cable Tester (10000058) - Accessories - Network	1	[{"added": {}}]	14	1
434	2025-07-03 21:48:20.468853+00	294	HOCO DU01 USB C TO IP 1M (6942007603249) - Accessories - Mobile	1	[{"added": {}}]	14	2
435	2025-07-03 21:49:08.080793+00	295	RJ 48 & RJ 11 Network cable tester (036332) - Accessories - Network	1	[{"added": {}}]	14	1
436	2025-07-03 21:49:10.948249+00	296	VENTION DDFBO VGA FEMALE TO FEMALE ADAPTER (6922794748019) - Accessories - Computer	1	[{"added": {}}]	14	2
437	2025-07-03 21:49:11.545224+00	297	INNIX DDR3 1600HZ SODIMM (INDDR3SODIMM8GB) - Accessories - Computer	1	[{"added": {}}]	14	2
438	2025-07-03 21:49:47.318894+00	298	HOCO DU46 1M USB C TO IP (6942007603263) - Accessories - Mobile	1	[{"added": {}}]	14	2
439	2025-07-03 21:49:57.838561+00	297	INNIX DDR3 1600HZ SODIMM 8GB (INDDR3SODIMM8GB) - Accessories - Computer	2	[{"changed": {"fields": ["Name"]}}]	14	2
440	2025-07-03 21:49:59.169743+00	292	VENTION DDGBO VGA FEMALE TO FEMALE ADAPTER (6922794748026) - Accessories - Computer	2	[{"changed": {"fields": ["Name", "Description"]}}]	14	2
441	2025-07-03 21:50:53.141036+00	291	VENTION DDEBO VGA MALE TO MALE ADAPTER (6922794748002) - Accessories - Computer	2	[{"changed": {"fields": ["Name", "Description"]}}]	14	2
442	2025-07-03 21:50:57.186013+00	299	INNIX DDR5 4800HZ SODIMM 16GB (INNDDR5SODIMM16GB) - Accessories - Computer	1	[{"added": {}}]	14	2
443	2025-07-03 21:52:26.614357+00	300	VENTION ECFBO DVI MALE TO VGA FEMALE ADAPTER (6922794748033) - Accessories - Computer	1	[{"added": {}}]	14	2
444	2025-07-03 21:52:52.086734+00	301	INNIX DDR4 2666HZ SODIMM 8GB (INNDDR4SODIMM8GB) - Accessories - Computer	1	[{"added": {}}]	14	2
445	2025-07-03 21:53:19.737105+00	302	HOCO DU46 USB C TO IP 2M (6942007635288) - Accessories - Mobile	1	[{"added": {}}]	14	2
446	2025-07-03 21:53:41.63257+00	303	HDTV Extender 4K & 2K (10000052) - Accessories - Computer	1	[{"added": {}}]	14	1
447	2025-07-03 21:54:34.99596+00	304	SEAGATE EXPANSION 2TB HDD (763649160473) - Accessories - Computer	1	[{"added": {}}]	14	2
448	2025-07-03 21:54:48.421577+00	305	PROMATE Silent Click Wireless Mouse (6959144062785) - Accessories - Computer	1	[{"added": {}}]	14	1
449	2025-07-03 21:55:08.06041+00	306	VENTION ACYHB 0.15M USB A C TO HDMI CONVERTER (6922794776920) - Accessories - Computer	1	[{"added": {}}]	14	2
450	2025-07-03 21:55:12.141172+00	307	HOCO DU46 USB C TO C 3M CABLE (6942007656238) - Accessories - Mobile	1	[{"added": {}}]	14	2
451	2025-07-03 21:55:38.469586+00	308	MCDODO USB A 3.0 LIGHTNING CONVERTER (6921002686006) - Accessories - Mobile	1	[{"added": {}}]	14	2
452	2025-07-03 21:56:08.97697+00	309	HOCO DU46 USB C TO IP 3M CABLE (6942007656221) - Accessories - Mobile	1	[{"added": {}}]	14	2
453	2025-07-03 21:57:00.210788+00	310	ARABIC STICKER TRANSPARENT (ARABICSTICKTRANS) - Accessories - Computer	1	[{"added": {}}]	14	2
454	2025-07-03 21:57:31.436032+00	311	HOCO DC16 CHARGER SET USB TO IP (6942007613828) - Accessories - Mobile	1	[{"added": {}}]	14	2
455	2025-07-03 21:57:54.930411+00	312	ARABIC STICKER BLACK (ARABICSTICKBLK) - Accessories - Computer	1	[{"added": {}}]	14	2
456	2025-07-03 21:57:57.832078+00	313	UNITEK UHUB Q4 LITE USB CTO 4K HDMI & FULL HD VGA (4894160042682) - Accessories - Computer	1	[{"added": {}}]	14	2
457	2025-07-03 21:58:07.229182+00	314	Dell Optical Wired Mouse (MS116-BK) - Accessories - Computer	1	[{"added": {}}]	14	1
458	2025-07-03 21:58:30.864928+00	315	HOCO DC16 CHARGER SET USB TO C (6942007613842) - Accessories - Mobile	1	[{"added": {}}]	14	2
459	2025-07-03 21:59:13.250437+00	316	Lenovo 300 USB Mouse (190793629318) - Accessories - Computer	1	[{"added": {}}]	14	1
460	2025-07-03 21:59:22.03123+00	317	MACDADO DIGITAL AUDIO CABLE FOR LIGHTNING (6921002607803) - Accessories - Mobile	1	[{"added": {}}]	14	2
461	2025-07-03 21:59:30.484016+00	318	HOCO DC34 CHARGER SET C TO IP (6931474771148) - Accessories - Mobile	1	[{"added": {}}]	14	2
462	2025-07-03 22:00:07.208261+00	117	UNITEK POWERTRAIN DUO 38W (4894160047830) - Accessories - Mobile	2	[{"changed": {"fields": ["Stock"]}}]	14	2
463	2025-07-03 22:00:07.853237+00	319	HP M10 Wired Mouse (6940252364496) - Accessories - Computer	1	[{"added": {}}]	14	1
464	2025-07-03 22:00:50.098632+00	320	VENTION MULTI FUNTION CRIMPING TOOL (6922794743571) - Accessories - Network	1	[{"added": {}}]	14	2
465	2025-07-03 22:01:01.038127+00	321	Logitec M90 Wired Mouse (5099206021860) - Accessories - Computer	1	[{"added": {}}]	14	1
466	2025-07-03 22:01:03.530845+00	322	UNITEK 15CM USB CTO HDMI & VGA (4894160049339) - Accessories - Computer	1	[{"added": {}}]	14	2
467	2025-07-03 22:01:07.87354+00	323	ANKER 3M TYPE C TO C CABLE PAP21 (194644159399) - Accessories - Mobile	1	[{"added": {}}]	14	2
468	2025-07-03 22:01:32.86465+00	324	VENTION MULTI FUNTION CRIMPING TOOL (6922794753914) - Accessories - Network	1	[{"added": {}}]	14	2
469	2025-07-03 22:02:38.707627+00	325	HOCO DC30 CHARGER SET USB TO C (6931474757111) - Accessories - Mobile	1	[{"added": {}}]	14	2
470	2025-07-03 22:02:41.485054+00	326	UNITEK USB SOUNDCARD/AUDIO ADAPTER (4894160024404) - Accessories - Computer	1	[{"added": {}}]	14	2
471	2025-07-03 22:02:51.27874+00	321	Logitec M90 Wired Mouse (5099206021860) - Accessories - Computer	2	[]	14	2
472	2025-07-03 22:04:12.785494+00	327	LENOVO 300 Wireless Compat Mouse (190151040298) - Accessories - Computer	1	[{"added": {}}]	14	2
473	2025-07-03 22:04:28.609218+00	328	HOCO DU53 2 IN 1 (6942007641890) - Accessories - Mobile	1	[{"added": {}}]	14	2
474	2025-07-03 22:04:55.248809+00	329	VENTION 2 IN 1 MINI HDMI & MICRO HDMI MALE TO HDMI FEMALE ADAPTER (6922794748064) - Accessories - Computer	1	[{"added": {}}]	14	2
475	2025-07-03 22:05:03.287922+00	330	UNITEK 30CM 3 IN 1 CARD READER WITH USB C & USB A (4894160017468) - Accessories - Computer	1	[{"added": {}}]	14	2
476	2025-07-03 22:05:25.827026+00	331	VERBATIM GAN CHARGER 100W (023942322023) - Accessories - Mobile	1	[{"added": {}}]	14	2
477	2025-07-03 22:05:54.908729+00	332	Dell Wireless Mouse WM126 (884116215370) - Accessories - Computer	1	[{"added": {}}]	14	1
478	2025-07-03 22:06:11.537342+00	333	UNITEK 30CM USB A TO GIGABIT ETHERNET ADAPTER (4894160017000) - Accessories - Computer	1	[{"added": {}}]	14	2
479	2025-07-03 22:06:13.479048+00	334	HAYSENSER USB SOUND CARD (7589235238462) - Accessories - Computer	1	[{"added": {}}]	14	2
480	2025-07-03 22:06:49.921113+00	335	HOCO DC16 DUAL PORT CHARGER (6931474766779) - Accessories - Mobile	1	[{"added": {}}]	14	2
481	2025-07-03 22:08:13.640545+00	336	Dell Wireless Mouse WM126 Latest (884116215264) - Accessories - Computer	1	[{"added": {}}]	14	1
482	2025-07-03 22:08:21.210452+00	234	DLINK USB 2.0 ETHERNET  ADAPTER DUB-E100 (790069459016) - Accessories - Network	2	[{"changed": {"fields": ["Stock"]}}]	14	2
483	2025-07-03 22:08:43.920403+00	337	UNITEK RJ45 ETHERNET CONNECTOR (4894160048721) - Accessories - Network	1	[{"added": {}}]	14	2
484	2025-07-03 22:08:56.514205+00	338	HOCO DC34 USB C USB A DUAL PORT (6931474771131) - Accessories - Mobile	1	[{"added": {}}]	14	2
485	2025-07-03 22:09:11.390971+00	339	UNITEK 15CM USB TO ETHERNET ADAPTER (4894160018960) - Accessories - Computer	1	[{"added": {}}]	14	2
486	2025-07-03 22:09:58.118965+00	340	CRUCIAL DDR5 32GB SODIMM (649528906533) - Accessories - Computer	1	[{"added": {}}]	14	2
487	2025-07-03 22:10:09.677739+00	341	HAYSENSER M.2 NVME SSD to USB 3.2 Converter (6922488000249) - Accessories - Computer	1	[{"added": {}}]	14	1
488	2025-07-03 22:10:20.416144+00	342	UNITEK 30CM USB A C TO GIGABIT ETHERNET ADAPTER (4894160048745) - Accessories - Computer	1	[{"added": {}}]	14	2
489	2025-07-03 22:10:25.950307+00	343	HOCO DS31B DUAL PORT FAST CHARGER (6942007631921) - Accessories - Mobile	1	[{"added": {}}]	14	2
490	2025-07-03 22:11:00.679351+00	344	CRUCIAL DDR5 16GB SODIMM (649528934932) - Accessories - Computer	1	[{"added": {}}]	14	2
491	2025-07-03 22:11:34.799774+00	345	UNITEK UHUB Q4 LITE FOR IPAD PRO & AIR (4894160047038) - Accessories - Computer	1	[{"added": {}}]	14	2
492	2025-07-03 22:11:45.456912+00	346	HOCO DC16 DUAL PORT CHARGER SET (6942007654418) - Accessories - Mobile	1	[{"added": {}}]	14	2
493	2025-07-03 22:12:04.359235+00	347	Haysenser M.2 NVME & NGFF 2 in 1 (6922488000133) - Accessories - Computer	1	[{"added": {}}]	14	1
494	2025-07-03 22:12:56.058306+00	348	UNITEK UHUB Q4+ 4 IN 1 USB C WITH GIGABIT ETHERNET (4894160046345) - Accessories - Computer	1	[{"added": {}}]	14	2
495	2025-07-03 22:12:56.912422+00	89	LIGHT X CAT610 M (70000010M) - Accessories - Network	2	[{"changed": {"fields": ["Stock"]}}]	14	2
496	2025-07-03 22:13:57.09335+00	349	FLAT USB 2.0 MALE TO MINI 5 PIN MALE CABLE 1.5M (6922794717268) - Accessories - Computer	1	[{"added": {}}]	14	2
497	2025-07-03 22:14:03.394616+00	350	LENOVO THINKCENTER I7 4TH GEN (200000lenovo) - Desktop	1	[{"added": {}}]	14	2
498	2025-07-03 22:14:06.675811+00	351	Haysenser 2.5 Type C Portable Disk Enclosure (6922488000218) - Accessories - Computer	1	[{"added": {}}]	14	1
499	2025-07-03 22:14:33.453192+00	352	UNITEK  20CM UHUB Q4 4 IN 1 USB C WITH 3 DATA PORT (4894160050106) - Accessories - Computer	1	[{"added": {}}]	14	2
500	2025-07-03 22:14:56.759197+00	353	REDRAGON MOUSEPAD (6950376783059) - Accessories - Computer	1	[{"added": {}}]	14	2
501	2025-07-03 22:15:22.545073+00	354	HDMI to AV Converter Full HD (7890268125682) - Accessories - Computer	1	[{"added": {}}]	14	1
502	2025-07-03 22:15:37.96404+00	306	VENTION ACYHB 0.15M USB A C TO HDMI CONVERTER (6922794776920) - Accessories - Computer	2	[{"changed": {"fields": ["Stock"]}}]	14	2
503	2025-07-03 22:15:59.665185+00	355	UNITEK UHUB Q4 USB A TO 4 PORT EXPANSION (4894160044402) - Accessories - Computer	1	[{"added": {}}]	14	2
504	2025-07-03 22:17:17.614086+00	356	UNITEK UHUB Q4 NEXT ULTRA SLIM 4 IN 1 USB C HUB (4894160048042) - Accessories - Computer	1	[{"added": {}}]	14	2
505	2025-07-03 22:17:19.119105+00	357	TOSHIBA SURVEILLANCE S300 2TB (3P70S2TLMLN) - Accessories - Computer	1	[{"added": {}}]	14	2
506	2025-07-03 22:17:26.609181+00	358	Printer Auto Switch 2 Port USB Sharing Switch (30000008) - Accessories - Printer	1	[{"added": {}}]	14	1
507	2025-07-03 22:17:37.721497+00	357	TOSHIBA SURVEILLANCE S300 2TB (3P70S2TLMLN) - Accessories - Computer	2	[{"changed": {"fields": ["Stock"]}}]	14	2
508	2025-07-03 22:19:03.204618+00	359	AUTO SWITCH 4 Port Sharing Switch (3000000023) - Accessories - Printer	1	[{"added": {}}]	14	1
509	2025-07-03 22:20:40.980113+00	360	TERMINATOR 13A POWER MULTI ADAPTOR (6926316181544) - Accessories - Electrical	1	[{"added": {}}]	14	2
510	2025-07-03 22:20:47.258011+00	361	HEATZ 2 in 1 NVME Enclosure (6918030400070) - Accessories - Computer	1	[{"added": {}}]	14	1
511	2025-07-03 22:21:24.207667+00	362	ANKER 7 IN 2 USB C HUB (]C1194644022020) - Accessories - Computer	1	[{"added": {}}]	14	2
512	2025-07-03 22:21:42.41748+00	363	TERMINATOR MULTI TRAVELLER ADAPTER (8886348961492) - Accessories - Electrical	1	[{"added": {}}]	14	2
513	2025-07-03 22:22:08.425079+00	364	DELL LATITUDE 5490 I7 7TH GEN 8/256 SSD (2000005490) - Laptop	1	[{"added": {}}]	14	2
514	2025-07-03 22:22:09.43445+00	365	HEATZ 2.5 Enclosure Case USB 3.1 (6918030400087) - Accessories - Computer	1	[{"added": {}}]	14	1
515	2025-07-03 22:23:33.820381+00	366	QUBE AD H 6 IN 1 MULTIFUNCTION ADAPTER (9010005555687) - Accessories - Computer	1	[{"added": {}}]	14	2
516	2025-07-03 22:25:13.709643+00	367	HEATZ High Power Dual Band Wireless Adapter (6918031400550) - Accessories - Computer	1	[{"added": {}}]	14	1
517	2025-07-03 22:25:40.339844+00	368	UNITEK UHUBQ4 4 IN 1 USB A TO 3 DATA PORTSUNITEK UHUBQ4 4 IN 1 USB A TO 3 DATA PORTS (4894160050090) - Accessories - Computer	1	[{"added": {}}]	14	2
518	2025-07-03 22:25:47.195022+00	369	HP LASERJET MFP3303FDW PRINTER (196786387906) - Printer	1	[{"added": {}}]	14	2
519	2025-07-03 22:26:30.365079+00	370	ENERGIZER AA (8888021205077) - Accessories - Electrical	1	[{"added": {}}]	14	2
520	2025-07-03 22:26:32.522167+00	371	UNITEK M.2 PCI NVME SSD ENCLOSURE (4894160052834) - Accessories - Computer	1	[{"added": {}}]	14	2
521	2025-07-03 22:27:35.219168+00	372	Power Adapter 5V 1A (10000054) - Accessories - Computer	1	[{"added": {}}]	14	1
522	2025-07-03 22:27:52.567623+00	373	MIICAM MC-U309A USB 3.0 + USB 2.0 (6922488000058) - Accessories - Computer	1	[{"added": {}}]	14	2
523	2025-07-03 22:28:16.532516+00	374	MEETION COOLING FAN CP2020 (6970344733107) - Accessories - Computer	1	[{"added": {}}]	14	2
524	2025-07-03 22:29:10.650211+00	375	UNITEK DISKGUARD LIMPID R 2.5 SATA HDD& SSD ENCLOSURE (4894160036759) - Accessories - Computer	1	[{"added": {}}]	14	2
525	2025-07-03 22:29:13.742073+00	376	TIANQU HEAVY DUTY BATTERY (6927799683112) - Accessories - Electrical	1	[{"added": {}}]	14	2
526	2025-07-03 22:29:24.382353+00	377	Power Adapter 12 V 1 A (100000055) - Accessories - Computer	1	[{"added": {}}]	14	1
527	2025-07-03 22:30:48.467338+00	378	Power Adapter 12V 2 A (10000053) - Accessories - Computer	1	[{"added": {}}]	14	1
528	2025-07-03 22:31:54.248705+00	379	UNITEK SOLID FORCE PCIE/NVME ENCLOSURE LITE (4894160042316) - Accessories - Computer	1	[{"added": {}}]	14	2
529	2025-07-03 22:31:59.642302+00	380	HP 150 wireless Mouse (195161884655) - Accessories - Computer	1	[{"added": {}}]	14	1
530	2025-07-03 22:33:36.626306+00	381	HP Bluetooth & Wireless Dual Mode Mouse (6947858427372) - Accessories - Computer	1	[{"added": {}}]	14	1
531	2025-07-03 22:35:12.754533+00	382	Meetion Wireless & Bluetoh Dual Mode (6970344734494) - Accessories - Computer	1	[{"added": {}}]	14	1
532	2025-07-03 22:37:04.362143+00	383	Meetion Wireless Mouse - White (6970344732476) - Accessories - Computer	1	[{"added": {}}]	14	1
533	2025-07-03 22:37:42.543243+00	384	DELL 22INCH WITH FRAME MONITOR (20000022inch) - Accessories - Computer	1	[{"added": {}}]	14	2
534	2025-07-03 22:37:49.670234+00	385	Meetion Wireless Mouse -Black (6970344732452) - Accessories - Computer	1	[{"added": {}}]	14	1
535	2025-07-03 22:38:38.269805+00	338	HOCO DC34 USB C USB A DUAL PORT (50000022) - Accessories - Mobile	2	[{"changed": {"fields": ["Sku"]}}]	14	2
536	2025-07-03 22:39:23.674008+00	386	Texa Wireless Silent Mouse (6236758411667) - Accessories - Computer	1	[{"added": {}}]	14	1
537	2025-07-03 22:39:26.113661+00	387	UNITEK 20 METER CAT7 SSTP FLAT CABLE (4894160047007) - Accessories - Network	1	[{"added": {}}]	14	2
538	2025-07-03 22:40:59.002277+00	388	HEATZ Dual Mode USB Adapter (6918031400109) - Accessories - Computer	1	[{"added": {}}]	14	1
539	2025-07-03 22:40:59.215595+00	389	UNITEK 10 METER CAT7 SSTP FLAT CABLE (4894160046987) - Accessories - Network	1	[{"added": {}}]	14	2
540	2025-07-03 22:41:52.419605+00	390	UNITEK 5 METER CAT7 SSTP FLAT CABLE (4894160046970) - Accessories - Network	1	[{"added": {}}]	14	2
541	2025-07-03 22:42:22.477469+00	391	HEATZ HDMI to VGA Converter (6918031500229) - Accessories - Computer	1	[{"added": {}}]	14	1
542	2025-07-03 22:42:35.58715+00	392	UNITEK 3 METER CAT7 SSTP FLAT CABLE (4894160046963) - Accessories - Network	1	[{"added": {}}]	14	2
543	2025-07-03 22:43:30.502371+00	393	5024 ZY 3S2P BATTERY (BA0022) - Accessories - Computer	1	[{"added": {}}]	14	2
544	2025-07-03 22:43:45.917066+00	394	HEATZ 2 DP to HDMI Converter (6918031500250) - Accessories - Computer	1	[{"added": {}}]	14	1
545	2025-07-03 22:44:12.356011+00	395	HPP DV4 (BA0015) - Accessories - Computer	1	[{"added": {}}]	14	2
546	2025-07-03 22:44:22.326185+00	396	HP 24 INCH MONITOR FRAMELESS MONITOR (50000023) - Accessories - Computer	1	[{"added": {}}]	14	2
547	2025-07-03 22:44:30.964073+00	397	UNITEK 1.8 METER USB 2.0 CONSOLE ROLOVER FAT CABLE (4894160041678) - Accessories - Network	1	[{"added": {}}]	14	2
548	2025-07-03 22:44:55.735358+00	398	HEATZ USB to HDMI Converter (6918031500236) - Accessories - Computer	1	[{"added": {}}]	14	1
549	2025-07-03 22:45:29.745478+00	289	USB Web CAM - Normal (10000051) - Accessories - Computer	2	[{"changed": {"fields": ["Stock"]}}]	14	1
550	2025-07-03 22:45:36.731367+00	399	DE N5010 (BA0031) - Accessories - Computer	1	[{"added": {}}]	14	2
551	2025-07-03 22:45:55.73337+00	393	5024 ZY 3S2P BATTERY (BA0022) - Accessories - Computer	2	[{"changed": {"fields": ["Stock"]}}]	14	2
552	2025-07-03 22:46:31.053103+00	400	UNITEK 1 METER CAT7 SSTP FLAT CABLE (4894160046949) - Accessories - Network	1	[{"added": {}}]	14	2
553	2025-07-03 22:47:06.827351+00	401	Xiomi Smart TV Stick 4K (6941948703513) - Accessories - Computer	1	[{"added": {}}]	14	1
554	2025-07-03 22:47:10.358736+00	402	DE N4010 (DE N4010) - Desktop	1	[{"added": {}}]	14	2
555	2025-07-03 22:48:24.484021+00	403	Xiomi TV Stick FHD (6971408152254) - Accessories - Computer	1	[{"added": {}}]	14	1
556	2025-07-03 22:50:22.19391+00	404	DELL OPTIPLAX 5050 CORE I7 7TH GEN 8GB RAM/500GB HDD (50000021) - Desktop	1	[{"added": {}}]	14	2
557	2025-07-03 22:51:30.258688+00	404	DELL OPTIPLAX 5050 CORE I7 7TH GEN 8GB RAM/500GB HDD (50000021) - Desktop	2	[{"changed": {"fields": ["Barcode"]}}]	14	2
558	2025-07-03 22:51:48.070953+00	405	VI04 BATTERY (BA0027) - Accessories - Computer	1	[{"added": {}}]	14	2
559	2025-07-03 22:51:48.556708+00	43	Unitek Adjustable Laptop stand with 360 Rotating Base (4894160054388) - Accessories - Computer	2	[{"changed": {"fields": ["Sku", "Unit price", "Stock"]}}]	14	1
560	2025-07-03 22:52:39.996278+00	406	HP KI04 BATTERY (BA0021) - Accessories - Computer	1	[{"added": {}}]	14	2
561	2025-07-03 22:54:07.585658+00	407	TP Link 150 Mbps Wireless Nano USB Adapter (6935364050719) - Accessories - Computer	1	[{"added": {}}]	14	1
562	2025-07-03 22:54:10.6941+00	408	5185 BATTERY (BA0030) - Accessories - Computer	1	[{"added": {}}]	14	2
563	2025-07-03 22:54:38.419855+00	24	Stationary	1	[{"added": {}}]	7	1
564	2025-07-03 22:55:10.107583+00	408	5185 BATTERY (BA0030) - Accessories - Computer	2	[{"changed": {"fields": ["Stock"]}}]	14	2
565	2025-07-03 22:56:42.646319+00	409	TP Link 300 Mbpswireless USB Adapter (6935364050696) - Accessories - Computer	1	[{"added": {}}]	14	1
566	2025-07-03 22:56:49.501907+00	410	JC04 BATTERY (BA0026) - Accessories - Computer	1	[{"added": {}}]	14	2
567	2025-07-03 22:57:10.093419+00	411	DE TECH 3 METER DVI TO DVI CABLE (500000020) - Accessories - Computer	1	[{"added": {}}]	14	2
568	2025-07-03 22:57:54.582693+00	412	R004 BATTERY (BA0028) - Accessories - Computer	1	[{"added": {}}]	14	2
569	2025-07-03 22:58:24.446605+00	406	HP KI04 BATTERY (BA0021) - Accessories - Computer	2	[{"changed": {"fields": ["Stock"]}}]	14	2
570	2025-07-03 22:58:27.009177+00	413	DLINK Wireless N300 Nano USB Adapter (790169007131) - Accessories - Computer	1	[{"added": {}}]	14	1
571	2025-07-03 22:59:02.483341+00	414	DOUBLE A PAPER BOX (8856976000023) - Stationary	1	[{"added": {}}]	14	2
572	2025-07-03 22:59:36.683387+00	415	HQ15 HS04 BATTERY (BA0025) - Accessories - Computer	1	[{"added": {}}]	14	2
573	2025-07-03 23:00:20.382386+00	416	Haysenser 900MBps WIiFi 6 + BT 5.3 USB Adapter (6922488000034) - Accessories - Computer	1	[{"added": {}}]	14	1
574	2025-07-03 23:00:42.405799+00	393	5024 ZY 3S2P BATTERY (BA0022) - Accessories - Computer	2	[{"changed": {"fields": ["Stock"]}}]	14	2
575	2025-07-03 23:00:45.993103+00	364	DELL LATITUDE 5490 I7 7TH GEN 8/256 SSD (2000005490) - Laptop	2	[{"changed": {"fields": ["Stock"]}}]	14	2
576	2025-07-03 23:01:40.791611+00	417	3819 ZY 3S2P (BA0013) - Accessories - Computer	1	[{"added": {}}]	14	2
577	2025-07-03 23:02:16.637654+00	418	TP Link 300MBps Wireless N PCI Express Adapter (6935364050573) - Accessories - Computer	1	[{"added": {}}]	14	1
578	2025-07-03 23:03:06.762511+00	399	DE N5010 (BA0031) - Accessories - Computer	2	[{"changed": {"fields": ["Stock"]}}]	14	2
579	2025-07-03 23:03:09.65056+00	419	ARCHER A4 PAPER BOX (50000051) - Stationary	1	[{"added": {}}]	14	2
580	2025-07-03 23:03:54.650907+00	420	G400S BATTERY (BA0029) - Accessories - Computer	1	[{"added": {}}]	14	2
581	2025-07-03 23:05:01.472408+00	421	DLINK Gigabyte 8 port POE Smart Manager Switch (790069453311) - Accessories - Network	1	[{"added": {}}]	14	1
582	2025-07-03 23:05:24.732025+00	422	L16M2PB2 BATTERY (BA0014) - Accessories - Computer	1	[{"added": {}}]	14	2
583	2025-07-03 23:05:45.055753+00	423	UNITEK 1 METER USB C 5GBPS CABLE (4894160017277) - Accessories - Computer	1	[{"added": {}}]	14	2
584	2025-07-03 23:06:17.732368+00	424	TO C850BATTERY (BA0019) - Accessories - Computer	1	[{"added": {}}]	14	2
585	2025-07-03 23:06:49.398405+00	425	UNITEK 2 METER USB C TO C CABLE (4894160054937) - Accessories - Computer	1	[{"added": {}}]	14	2
586	2025-07-03 23:06:51.082087+00	426	DLINK 5 Port 100 MBps Desktop Switch (790069431999) - Accessories - Network	1	[{"added": {}}]	14	1
587	2025-07-03 23:07:43.148538+00	427	TOS PA5024/C850/C50/C55/L8 BATTERY (BA0018) - Accessories - Computer	1	[{"added": {}}]	14	2
588	2025-07-03 23:08:32.315867+00	428	LE G500S BATTERY (BA0017) - Accessories - Computer	1	[{"added": {}}]	14	2
589	2025-07-03 23:09:32.60968+00	429	BPS35 BATTERY (BA0016) - Accessories - Computer	1	[{"added": {}}]	14	2
590	2025-07-03 23:09:34.625355+00	426	DLINK 5 Port 100 MBps Desktop Switch (790069431999) - Accessories - Network	2	[{"changed": {"fields": ["Stock"]}}]	14	1
591	2025-07-03 23:09:56.989746+00	430	DLINK Gigabyte 5 port Switch (790069370649) - Accessories - Network	1	[{"added": {}}]	14	1
592	2025-07-03 23:10:38.941354+00	431	DE 3451/M5Y1K BATTERY (BA041) - Accessories - Computer	1	[{"added": {}}]	14	2
593	2025-07-03 23:11:51.708088+00	432	SE03XL BATTERY (BA0008) - Accessories - Computer	1	[{"added": {}}]	14	2
594	2025-07-03 23:12:01.443182+00	433	DLINK 8 Port Gigabyte Desktop Switch (790069378096) - Accessories - Network	1	[{"added": {}}]	14	1
595	2025-07-03 23:12:39.100789+00	434	BK03XL BATTERY (BA0007) - Accessories - Computer	1	[{"added": {}}]	14	2
596	2025-07-03 23:13:33.640234+00	435	J60J5 BATTERY (BA0010) - Accessories - Computer	1	[{"added": {}}]	14	2
597	2025-07-03 23:14:29.874008+00	436	HP HT03XL (HPP HT03XL) - Accessories - Computer	1	[{"added": {}}]	14	2
598	2025-07-03 23:14:53.594025+00	437	DLINK 6 Port 10/100 Long Range POE+ Surveillance Switch (790169003362) - Accessories - Network	1	[{"added": {}}]	14	1
599	2025-07-03 23:15:31.507331+00	438	SS03XL BATTERY (BA0005) - Accessories - Computer	1	[{"added": {}}]	14	2
600	2025-07-03 23:16:24.0673+00	439	UNITEK 1.5 METER FULL FEATURED USB C EXTENTION CABLE (4894160047632) - Accessories - Computer	1	[{"added": {}}]	14	2
601	2025-07-03 23:16:30.863089+00	435	J60J5 BATTERY (BA0010) - Accessories - Computer	2	[{"changed": {"fields": ["Stock"]}}]	14	2
602	2025-07-03 23:17:21.096497+00	440	TP Link 5 Port 100 MBps Desktop Switch (693536402004) - Accessories - Network	1	[{"added": {}}]	14	1
603	2025-07-03 23:17:22.327952+00	441	L20C2PF0 BATTERY (BA0012) - Accessories - Computer	1	[{"added": {}}]	14	2
604	2025-07-03 23:17:24.726276+00	442	TERMAL ROLL 58X39 BOX (2000042box) - Stationary	1	[{"added": {}}]	14	2
605	2025-07-03 23:17:30.460976+00	443	UNITEK 5 METER 100W USB C CABLE 90 DEGREE (4894160050939) - Accessories - Computer	1	[{"added": {}}]	14	2
606	2025-07-03 23:18:01.485877+00	434	BK03XL BATTERY (BA0007) - Accessories - Computer	2	[{"changed": {"fields": ["Stock"]}}]	14	2
607	2025-07-03 23:18:30.913139+00	444	UNITEK USB C WIRELESS HDMI EXTENDER KIT (4894160052384) - Accessories - Computer	1	[{"added": {}}]	14	2
608	2025-07-03 23:19:12.455119+00	445	TP Link 8 Port 100 MBps Desktop Switch (6935364020071) - Accessories - Network	1	[{"added": {}}]	14	1
609	2025-07-03 23:19:31.804604+00	446	RH03 BATTERY (BA0001) - Accessories - Computer	1	[{"added": {}}]	14	2
610	2025-07-03 23:20:14.888344+00	447	WDXOR BATTERY (BA0011) - Accessories - Computer	1	[{"added": {}}]	14	2
611	2025-07-03 23:20:19.874289+00	448	UNITEK WIRELESS HDMI TRANSMITTER & RECEIVER KIT (4894160052360) - Accessories - Computer	1	[{"added": {}}]	14	2
612	2025-07-03 23:20:34.040914+00	435	J60J5 BATTERY (BA0010) - Accessories - Computer	2	[{"changed": {"fields": ["Stock"]}}]	14	2
613	2025-07-03 23:20:43.719153+00	449	TP Link 8 Port Gigabytes Desktop Switch (6935364092313) - Accessories - Network	1	[{"added": {}}]	14	1
614	2025-07-03 23:20:53.032049+00	450	TERMAL PAPER ROLL 80X80 BOX (200000trm80) - Stationary	1	[{"added": {}}]	14	2
615	2025-07-03 23:21:22.407269+00	451	F3YGT BATTERY (BA0003) - Accessories - Computer	1	[{"added": {}}]	14	2
616	2025-07-03 23:21:39.678876+00	452	UNITEK WIRLESS SCREEN MIRRORING DEVICE (4894160052346) - Accessories - Computer	1	[{"added": {}}]	14	2
617	2025-07-03 23:21:55.468528+00	453	TP Link Omada POE Injector (693536403056) - Accessories - Network	1	[{"added": {}}]	14	1
618	2025-07-03 23:22:11.64251+00	454	YRDD6 BATTERY (BA002) - Accessories - Computer	1	[{"added": {}}]	14	2
619	2025-07-03 23:22:52.543944+00	455	GJKNX BATTERY (BA0004) - Accessories - Computer	1	[{"added": {}}]	14	2
620	2025-07-03 23:23:23.475636+00	456	HAYSENSER 1 METER TYPE C TO USB 3.0 MICRO CABLE (500000122) - Accessories - Computer	1	[{"added": {}}]	14	2
621	2025-07-03 23:23:32.7444+00	457	TP Link 24 Port Gigabyte Desktop Rack Mount Switch (6935364020620) - Accessories - Network	1	[{"added": {}}]	14	1
622	2025-07-03 23:25:05.9206+00	458	Unitek 60 Watts 10 Port USB charging Station (4894160055620) - Accessories - Mobile	1	[{"added": {}}]	14	1
623	2025-07-03 23:25:50.834422+00	459	TP-BRIDGE TFP103 FACE PLATE (50000027) - Accessories - Network	1	[{"added": {}}]	14	2
624	2025-07-03 23:26:45.997877+00	460	NetGear 24 Port Gigabyte Ethernet Unmanaged Switch (606449110319) - Accessories - Network	1	[{"added": {}}]	14	1
625	2025-07-03 23:27:15.610176+00	461	NETPOWER 10 METER USB MALE TO MALE (6000010MUSB) - Accessories - Computer	1	[{"added": {}}]	14	2
626	2025-07-03 23:28:55.688489+00	462	DLINK WiFi 7 Muti Gigabyte Mesh Router (790169007179) - Accessories - Network	1	[{"added": {}}]	14	1
627	2025-07-03 23:28:56.017119+00	463	LENOVO 65W STANDARD AC ADAPTER ORGINAL (191200521669) - Accessories - Computer	1	[{"added": {}}]	14	2
628	2025-07-03 23:29:26.194434+00	463	LENOVO 65W STANDARD AC ADAPTER ORGINAL (191200521669) - Accessories - Computer	2	[{"changed": {"fields": ["Cost price"]}}]	14	2
629	2025-07-03 23:30:12.662461+00	464	DLINK WiFi 6 Mesh Range Extender (790069459283) - Accessories - Network	1	[{"added": {}}]	14	1
630	2025-07-03 23:30:12.872103+00	465	TERMALROLL 38X25 BOX (20000040) - Stationary	1	[{"added": {}}]	14	2
631	2025-07-03 23:30:19.959751+00	466	DELUXE 1 METER TYPE C TO C CABLE (50000050) - Accessories - Computer	1	[{"added": {}}]	14	2
632	2025-07-03 23:32:22.676225+00	467	TERMAL ROLL 50X25 (2000041) - Stationary	1	[{"added": {}}]	14	2
633	2025-07-03 23:32:41.556889+00	468	DLINK WiFi Range Extender AC 1200 (7990069434716) - Accessories - Network	1	[{"added": {}}]	14	1
634	2025-07-03 23:33:57.925415+00	469	DLINK AC 750 + WiFi Range Extender (790069435072) - Accessories - Network	1	[{"added": {}}]	14	1
635	2025-07-03 23:34:09.895328+00	470	TERMAL ROLL 38X25 SINGLE (2000044) - Stationary	1	[{"added": {}}]	14	2
636	2025-07-03 23:35:45.39036+00	471	NetGear AC 750 WiFi Range Extender (606449105995) - Accessories - Network	1	[{"added": {}}]	14	1
637	2025-07-03 23:37:11.141263+00	472	TERMAL ROLL 50X25 SINGLE (2000043) - Stationary	1	[{"added": {}}]	14	2
638	2025-07-03 23:37:25.462592+00	473	DLINK AX 1800 Mesh WiFi 6 Range Extender (790069458132) - Accessories - Network	1	[{"added": {}}]	14	1
639	2025-07-03 23:39:00.270296+00	474	Unitek 11 in 1 USB Hub 4K Ultra HD (4894160048103) - Accessories - Computer	1	[{"added": {}}]	14	1
640	2025-07-03 23:40:23.502914+00	475	VENTION 1.5 METER CAT8 CABLE (6922794780323) - Accessories - Network	1	[{"added": {}}]	14	2
641	2025-07-03 23:40:37.004118+00	476	SONY PS4 WIRLESS CONTROLLER (711719955702) - Accessories - Computer	1	[{"added": {}}]	14	2
642	2025-07-03 23:41:20.00539+00	477	HAVIT Dual Mode Wireless Keyboard and Mouse (6939119064464) - Accessories - Computer	1	[{"added": {}}]	14	1
643	2025-07-03 23:41:45.920493+00	478	DLINK 305M CAT6 CABLE (ncb-c6ugryr-305-24-e) - Accessories - Network	1	[{"added": {}}]	14	2
644	2025-07-03 23:41:48.298786+00	479	HAYSENSER  20CM SATA 15PIN MALE TO FEMALE (5000000111) - Accessories - Computer	1	[{"added": {}}]	14	2
645	2025-07-03 23:42:01.391485+00	478	DLINK 305M CAT6 CABLE (ncb-c6ugryr-305-24-e) - Accessories - Network	2	[{"changed": {"fields": ["Barcode"]}}]	14	2
646	2025-07-03 23:42:45.828264+00	480	VENTION 2 METER CAT8 CABLE (6922794780330) - Accessories - Network	1	[{"added": {}}]	14	2
647	2025-07-03 23:42:53.182337+00	481	Unitek 9 in 1 USBC Hub Keyboard 4K Ultra HD (4894160049636) - Accessories - Computer	1	[{"added": {}}]	14	1
648	2025-07-03 23:43:20.261696+00	246	LAPTOP STAND A1/A6 (6933925191338) - Accessories - Computer	2	[{"changed": {"fields": ["Stock"]}}]	14	2
649	2025-07-03 23:44:26.630475+00	482	VENTION 3 METER CAT8 CABLE (6922794780347) - Accessories - Network	1	[{"added": {}}]	14	2
650	2025-07-03 23:44:29.210399+00	483	COOLING TABLE FAN (200000cooling) - Accessories - Computer	1	[{"added": {}}]	14	2
651	2025-07-03 23:44:49.603201+00	484	HAVIT Ultra Slim & Noice Proof Multimedia Keyboard (6939119040420) - Accessories - Computer	1	[{"added": {}}]	14	1
652	2025-07-03 23:45:27.1663+00	485	VENTION 20 METER CAT8 CABLE (6922794780408) - Accessories - Network	1	[{"added": {}}]	14	2
653	2025-07-03 23:46:27.364938+00	486	SHIVOX wired Keyboard (300000015) - Accessories - Computer	1	[{"added": {}}]	14	1
654	2025-07-03 23:46:30.186968+00	487	VENTION 5 METER CAT8 CABLE (6922794780354) - Accessories - Network	1	[{"added": {}}]	14	2
655	2025-07-03 23:48:11.469419+00	488	Lenovo ThinkPlus Touch Pen (QX81M45650) - Accessories - Computer	1	[{"added": {}}]	14	1
656	2025-07-03 23:48:48.338164+00	489	VENTION 15 METER CAT8 CABLE (6922794780392) - Accessories - Computer	1	[{"added": {}}]	14	2
657	2025-07-03 23:50:07.969709+00	490	LENOVO MONITOR (25000000le) - Accessories - Computer	1	[{"added": {}}]	14	2
658	2025-07-03 23:53:39.397594+00	491	VENTION IPTBO RJ45 SPLITTER ADAPTER (6922794747814) - Accessories - Network	1	[{"added": {}}]	14	2
659	2025-07-03 23:57:24.177374+00	492	HP CATRIDGE 47 COLOUR (196068029999) - Accessories - Printer	1	[{"added": {}}]	14	2
660	2025-07-03 23:58:29.702868+00	493	DELL E2423H MONITOR NEW (50000020) - Accessories - Computer	1	[{"added": {}}]	14	2
661	2025-07-03 23:58:38.020419+00	494	HP CATRIDGE 650 BLACK (889296882435) - Accessories - Printer	1	[{"added": {}}]	14	2
662	2025-07-03 23:59:29.39727+00	495	HP CATRIDGE 650 COLOUR (889296882442) - Accessories - Printer	1	[{"added": {}}]	14	2
663	2025-07-04 00:00:39.124518+00	496	HP CATRIDGE 651 BLK (889296160823) - Accessories - Printer	1	[{"added": {}}]	14	2
664	2025-07-04 00:01:40.068843+00	486	SHIVOX wired Keyboard (300000015) - Accessories - Computer	2	[{"changed": {"fields": ["Stock"]}}]	14	1
665	2025-07-04 00:01:40.423065+00	497	HP CATRIDGE 651 COLOUR (889296160861) - Accessories - Printer	1	[{"added": {}}]	14	2
666	2025-07-04 00:03:07.911543+00	498	HEATZ Mini Wireless Combo Keyyboad & Mouse (6918030500275) - Accessories - Computer	1	[{"added": {}}]	14	1
667	2025-07-04 00:03:42.657292+00	499	BOXPOS CASH DRAWER (bpc4102428100093) - Accessories - Printer	1	[{"added": {}}]	14	2
668	2025-07-04 00:04:55.99535+00	500	Dell KM33 2W Wireless Combo Keyboard and Mouse (884116416593) - Accessories - Computer	1	[{"added": {}}]	14	1
669	2025-07-04 00:06:10.820292+00	501	ONEEZO Wireless BT Keyboard (5251020230013) - Accessories - Computer	1	[{"added": {}}]	14	1
670	2025-07-04 00:06:52.457278+00	502	MICROSOFT SURFACE 15V 2.58A (8000009) - Accessories - Computer	1	[{"added": {}}]	14	2
671	2025-07-04 00:07:14.249661+00	503	CAT 6 305M NET CABLE NORMAL (20000305mnet) - Accessories - Network	1	[{"added": {}}]	14	2
672	2025-07-04 00:07:35.160805+00	504	OCPC Graphics Card GT 730 (850044781775) - Accessories - Computer	1	[{"added": {}}]	14	1
673	2025-07-04 00:08:00.329735+00	505	MICROSOFT SURFACE 12V 3.6A (8000008) - Accessories - Computer	1	[{"added": {}}]	14	2
674	2025-07-04 00:08:29.910883+00	416	Haysenser 900MBps WIiFi 6 + BT 5.3 USB Adapter (6922488000034) - Accessories - Computer	2	[{"changed": {"fields": ["Stock"]}}]	14	1
675	2025-07-04 00:08:37.436342+00	506	LOGITEC Z313 SPEAKER (5099206024243) - Accessories - Computer	1	[{"added": {}}]	14	2
676	2025-07-04 00:08:55.237215+00	507	MICROSOFT SURFACE 12V 2.58A (8000007) - Accessories - Computer	1	[{"added": {}}]	14	2
677	2025-07-04 00:09:19.344879+00	508	LQ 350 EPSON (8715946521886) - Accessories - Printer	1	[{"added": {}}]	14	2
678	2025-07-04 00:10:25.095427+00	509	ATM ROLL (20000057) - Stationary	1	[{"added": {}}]	14	2
679	2025-07-04 00:10:38.991455+00	510	AFOX GT710 DDR3 2GB Graphics Card (4897033782944) - Accessories - Computer	1	[{"added": {}}]	14	1
680	2025-07-04 00:10:49.462913+00	511	DELL 19V 3.34A (4.5*3.0) OVAL (8000006) - Accessories - Computer	1	[{"added": {}}]	14	2
681	2025-07-04 00:11:10.372194+00	505	MICROSOFT SURFACE 12V 3.6A (8000008) - Accessories - Computer	2	[{"changed": {"fields": ["Stock"]}}]	14	2
682	2025-07-04 00:11:58.056222+00	512	DELL 20V 3.25 TYPE C (8000005) - Accessories - Computer	1	[{"added": {}}]	14	2
683	2025-07-04 00:12:00.815314+00	513	Logitec MK270 Wireless Comb Keyboard & Mouse (5099206039254) - Accessories - Computer	1	[{"added": {}}]	14	1
684	2025-07-04 00:12:10.502539+00	514	80X80 SINGLE (20000042) - Stationary	1	[{"added": {}}]	14	2
685	2025-07-04 00:13:11.660732+00	515	LENOVO 20V 3.25A (4.0*1.7) SQUARE 3 PIN (8000004) - Accessories - Computer	1	[{"added": {}}]	14	2
686	2025-07-04 00:13:23.091612+00	516	3 PLAY PAER BOX (200000paper) - Stationary	1	[{"added": {}}]	14	2
687	2025-07-04 00:13:27.541571+00	517	Logitec MK120 Wired Keyboard & Mouse Combo (5099206020542) - Accessories - Computer	1	[{"added": {}}]	14	1
688	2025-07-04 00:14:36.052935+00	518	HP 65W TYPE C  20V 3.25A (8000003) - Accessories - Computer	1	[{"added": {}}]	14	2
689	2025-07-04 00:15:31.963516+00	519	Logitec K120 Wired Keyboard (5099206020795) - Accessories - Computer	1	[{"added": {}}]	14	1
690	2025-07-04 00:15:39.835555+00	520	CAT 6 CABLE 70M BOX (2000070m) - Accessories - Printer	1	[{"added": {}}]	14	2
691	2025-07-04 00:17:00.48416+00	521	BOXPOS POS RECEPIT PRINTER (a327082029520280) - Accessories - Computer	1	[{"added": {}}]	14	2
692	2025-07-04 00:17:00.655268+00	522	Lenovo 100 Wireless Combo Keyboard & Mouse (193124735849) - Accessories - Computer	1	[{"added": {}}]	14	1
693	2025-07-04 00:18:02.537843+00	523	ASUS 19V 2.37A (4.0*1.35) SQUARE 3 PIN (800000001) - Accessories - Computer	1	[{"added": {}}]	14	2
694	2025-07-04 00:18:13.542972+00	524	PROFESSIONAL MICROPHONE (20000mic) - Accessories - Computer	1	[{"added": {}}]	14	2
695	2025-07-04 00:19:43.59952+00	525	HP Gaming Keyboard & Mouse Wired (6948391228358) - Accessories - Computer	1	[{"added": {}}]	14	1
696	2025-07-04 00:20:02.803658+00	526	ASUS 19V 3.42A (5.5MM * 2.5) (8000002) - Accessories - Computer	1	[{"added": {}}]	14	2
697	2025-07-04 00:21:03.014526+00	467	TERMAL ROLL 50X25 (2000041) - Stationary	2	[{"changed": {"fields": ["Stock"]}}]	14	2
698	2025-07-04 00:21:39.103948+00	527	Haysenser SmartCard Reader (6922488000102) - Accessories - Computer	1	[{"added": {}}]	14	1
699	2025-07-04 00:22:17.490645+00	528	5WAY 3M TERMINATOR (6290361230329) - Services - Computer	1	[{"added": {}}]	14	2
700	2025-07-04 00:23:14.302455+00	529	Haysenser Smart Card Reader (6922488060083) - Accessories - Computer	1	[{"added": {}}]	14	1
701	2025-07-04 00:23:26.172943+00	530	ASUS 19V 3.42V (4.0*1.35) SQUARE 3 PIN (800000051) - Accessories - Computer	1	[{"added": {}}]	14	2
702	2025-07-04 00:24:25.441998+00	531	XCELL HEADPHONE (6291108202876) - Accessories - Computer	1	[{"added": {}}]	14	2
703	2025-07-04 00:25:08.420223+00	532	Thales USB Smart Card Reader (962000009005) - Accessories - Computer	1	[{"added": {}}]	14	1
704	2025-07-04 00:25:13.915729+00	533	EPSON 24 PIN ADAPTER (8000010) - Accessories - Computer	1	[{"added": {}}]	14	2
705	2025-07-04 00:25:37.818784+00	534	TECSA BH201 BT HEADSET (6236758632413) - Accessories - Computer	1	[{"added": {}}]	14	2
706	2025-07-04 00:26:42.393599+00	535	Superfine Nib Touch Pen (30000012) - Accessories - Computer	1	[{"added": {}}]	14	1
707	2025-07-04 00:26:57.39173+00	536	HOCO CAT EAR W42 (6931474795861) - Accessories - Computer	1	[{"added": {}}]	14	2
708	2025-07-04 00:27:30.963226+00	537	TP LINK ARCHER C20 AC750 (6935364080730) - Accessories - Network	1	[{"added": {}}]	14	2
709	2025-07-04 00:28:07.408635+00	538	HEADSET WIRLESS (305541890005) - Accessories - Computer	1	[{"added": {}}]	14	2
710	2025-07-04 00:28:25.776141+00	539	SHIVOX Notebook Power Adapter (202009200001) - Accessories - Computer	1	[{"added": {}}]	14	1
711	2025-07-04 00:28:57.153564+00	540	MEETION MT-BTH011 (6970344734883) - Accessories - Computer	1	[{"added": {}}]	14	2
1285	2025-07-10 18:52:50.202757+00	2	POST COVER SMALL x 2	3		21	1
712	2025-07-04 00:29:34.489219+00	541	TP LINK TL-WR84ON 300 MBPS (6935364070533) - Accessories - Network	1	[{"added": {}}]	14	2
713	2025-07-04 00:29:41.656007+00	542	MIICAM Universal Adapter (6920484370489) - Accessories - Computer	1	[{"added": {}}]	14	1
714	2025-07-04 00:29:42.100254+00	543	WIRLESS HEADSET (6932391925478) - Accessories - Computer	1	[{"added": {}}]	14	2
715	2025-07-04 00:30:43.407335+00	378	Power Adapter 12V 2 A (10000053) - Accessories - Computer	2	[{"changed": {"fields": ["Stock"]}}]	14	1
716	2025-07-04 00:30:59.519294+00	544	GAMING HEADSET K1B (6972470560039) - Accessories - Computer	1	[{"added": {}}]	14	2
717	2025-07-04 00:31:16.126066+00	545	MEETION C490 4 IN 1 PC GAMING KIT (6970344731622) - Accessories - Computer	1	[{"added": {}}]	14	2
718	2025-07-04 00:31:47.380526+00	546	GAMING HEASET KI8 (6972470560053) - Accessories - Computer	1	[{"added": {}}]	14	2
719	2025-07-04 00:32:17.299053+00	547	Power Adapter 5V 2A (2000005V) - Accessories - Computer	1	[{"added": {}}]	14	1
720	2025-07-04 00:32:37.463778+00	548	GAMING HEADSET KRPS-5 (305541800059) - Accessories - Computer	1	[{"added": {}}]	14	2
721	2025-07-04 00:33:26.903466+00	549	LCD CLEANING LIQUID (6953596210169) - Accessories - Computer	1	[{"added": {}}]	14	2
722	2025-07-04 00:33:34.698157+00	550	GAMING HEADSET M180 (500000111) - Accessories - Computer	1	[{"added": {}}]	14	2
723	2025-07-04 00:34:37.345806+00	551	GAMING HEADSET GM 021 (305541800219) - Accessories - Computer	1	[{"added": {}}]	14	2
724	2025-07-04 00:35:27.600041+00	552	GAMING HEADSET K20 (6972470560473) - Accessories - Computer	1	[{"added": {}}]	14	2
725	2025-07-04 00:35:30.635102+00	553	12V 3A ADPATER (80000011) - Accessories - Computer	1	[{"added": {}}]	14	2
726	2025-07-04 00:36:15.522017+00	554	Ugreen CAT 6 Ethert Cable 10M (6957303821648) - Accessories - Computer	1	[{"added": {}}]	14	1
727	2025-07-04 00:36:27.416402+00	554	Ugreen CAT 6 Ethert Cable 10M (6957303821648) - Accessories - Network	2	[{"changed": {"fields": ["Category"]}}]	14	1
728	2025-07-04 00:36:32.706717+00	555	12V 5A ADPATER (80000012) - Accessories - Computer	1	[{"added": {}}]	14	2
729	2025-07-04 00:36:33.18367+00	556	LOGITECH H390 HEADSET (5099206030015) - Accessories - Computer	1	[{"added": {}}]	14	2
730	2025-07-04 00:37:51.31754+00	557	DLINK AX 3000 Mesh Gigabyte Wireless Router WiFi 6 (201700001575) - Accessories - Network	1	[{"added": {}}]	14	1
731	2025-07-04 00:38:11.598174+00	558	LOGITECH H340 HEADSET (5099206038844) - Accessories - Computer	1	[{"added": {}}]	14	2
732	2025-07-04 00:39:07.804845+00	559	DLINK 4G LTE SIM Router (790069462337) - Accessories - Network	1	[{"added": {}}]	14	1
733	2025-07-04 00:40:05.26771+00	560	HP CATRIDGE 653 BLK (193905429493) - Accessories - Printer	1	[{"added": {}}]	14	2
734	2025-07-04 00:40:06.195613+00	558	LOGITECH H340 HEADSET (5099206038844) - Accessories - Computer	2	[{"changed": {"fields": ["Cost price", "Stock"]}}]	14	2
735	2025-07-04 00:40:44.002318+00	561	HP CATRIDGE 653 CLR (193905429479) - Accessories - Printer	1	[{"added": {}}]	14	2
736	2025-07-04 00:40:59.11228+00	562	LOGITECH H151 HEADSET (5099206057333) - Accessories - Computer	1	[{"added": {}}]	14	2
737	2025-07-04 00:41:14.089932+00	563	TP Link AC1200 Wireless Access Point 12 Bank Gigabyte Port (693536484035) - Accessories - Network	1	[{"added": {}}]	14	1
738	2025-07-04 00:41:38.728598+00	564	HP CATRIDGE 305BLK (193905429240) - Accessories - Printer	1	[{"added": {}}]	14	2
739	2025-07-04 00:41:47.91017+00	565	LOGITECH H111 HEADSET (5099206057340) - Accessories - Computer	1	[{"added": {}}]	14	2
740	2025-07-04 00:42:19.515175+00	566	HP CATRIDGE 305 CLR (193905429219) - Accessories - Printer	1	[{"added": {}}]	14	2
741	2025-07-04 00:42:19.603104+00	537	TP LINK ARCHER C20 AC750 (6935364080730) - Accessories - Network	2	[{"changed": {"fields": ["Stock"]}}]	14	1
742	2025-07-04 00:42:24.869688+00	565	LOGITECH H111 HEADSET (5099206057340) - Accessories - Computer	2	[{"changed": {"fields": ["Stock"]}}]	14	2
743	2025-07-04 00:43:29.640702+00	541	TP LINK TL-WR84ON 300 MBPS (6935364070533) - Accessories - Network	2	[{"changed": {"fields": ["Stock"]}}]	14	1
744	2025-07-04 00:43:35.556979+00	567	HP CATRIDGE 903 MAGENTA (889894728814) - Accessories - Printer	1	[{"added": {}}]	14	2
745	2025-07-04 00:44:21.527315+00	568	DLINK 1.5M  HDMI CABLE (790169001115) - Accessories - Network	1	[{"added": {}}]	14	2
746	2025-07-04 00:44:27.1082+00	569	HP CATRIDGE 903 YELLOW (889894728845) - Accessories - Printer	1	[{"added": {}}]	14	2
747	2025-07-04 00:45:01.464922+00	570	HP CATRIDGE 903 CYAN (889894728784) - Accessories - Printer	1	[{"added": {}}]	14	2
748	2025-07-04 00:45:03.906457+00	571	DLINK 1.8M  HDMI CABLE (790169001122) - Accessories - Computer	1	[{"added": {}}]	14	2
749	2025-07-04 00:45:06.094648+00	572	TP Link AC 750 Dual Band WiFi 4G LTE SIM Router (6935364092740) - Accessories - Network	1	[{"added": {}}]	14	1
750	2025-07-04 00:45:51.880246+00	573	HP CATRIDGE 963 CYAN (192545866347) - Accessories - Printer	1	[{"added": {}}]	14	2
751	2025-07-04 00:45:59.808578+00	574	DLINK 3M  HDMI CABLE (790169001139) - Accessories - Computer	1	[{"added": {}}]	14	2
752	2025-07-04 00:46:46.812802+00	575	BROTHER LC53XLC (4977766731379) - Accessories - Printer	1	[{"added": {}}]	14	2
753	2025-07-04 00:47:00.935977+00	576	DLINK 5M  HDMI CABLE (790169001146) - Accessories - Computer	1	[{"added": {}}]	14	2
754	2025-07-04 00:47:29.232685+00	577	HP CATRIDGE 912 BLK (192545866828) - Accessories - Printer	1	[{"added": {}}]	14	2
755	2025-07-04 00:48:09.598693+00	578	HP CATRIDGE 912 YELLOW (192545866781) - Accessories - Printer	1	[{"added": {}}]	14	2
756	2025-07-04 00:48:34.700531+00	579	HP 652 BLACK (889296160946) - Printer	1	[{"added": {}}]	14	2
757	2025-07-04 00:48:58.023281+00	580	HP CATRIDGE 912 CYAN (192545866705) - Accessories - Printer	1	[{"added": {}}]	14	2
758	2025-07-04 00:49:40.840732+00	581	HP 652 COLOR CTRIDGE (889296160908) - Printer	1	[{"added": {}}]	14	2
759	2025-07-04 00:49:50.436343+00	582	HP CATRIDGE 912 MAGENTA (192545866743) - Accessories - Printer	1	[{"added": {}}]	14	2
760	2025-07-04 00:51:00.744471+00	583	HP 903XL BLACK CTRIDGE (889894728999) - Printer	1	[{"added": {}}]	14	2
761	2025-07-04 00:51:03.025939+00	584	HP CATRIDGE 953XL CYAN (725184104091) - Accessories - Printer	1	[{"added": {}}]	14	2
762	2025-07-04 00:51:56.069993+00	585	HP CATRIDGE 953XL YELLOW (725184104152) - Accessories - Printer	1	[{"added": {}}]	14	2
763	2025-07-04 00:52:13.676616+00	586	HP 903XL YELLOW CTRIDGE (889894728968) - Printer	1	[{"added": {}}]	14	2
764	2025-07-04 00:52:34.118677+00	587	HP CATRIDGE 953XL MAGENTA (725184104121) - Accessories - Printer	1	[{"added": {}}]	14	2
765	2025-07-04 00:53:39.571081+00	588	HP CATRIDGE 953XL BLK (725184104183) - Accessories - Printer	1	[{"added": {}}]	14	2
766	2025-07-04 00:53:59.791275+00	589	HP 903XL MAGENTA CATRIDGE (889894728937) - Accessories - Printer	1	[{"added": {}}]	14	2
767	2025-07-04 00:55:27.625717+00	590	HP 903XL CYAN CATRIDGE (889894728906) - Accessories - Printer	1	[{"added": {}}]	14	2
768	2025-07-04 00:55:45.992958+00	591	HP CATRIDGE 951XL BLK (886111748914) - Accessories - Printer	1	[{"added": {}}]	14	2
769	2025-07-04 00:56:06.861623+00	586	HP 903XL YELLOW CATRIDGE (889894728968) - Accessories - Printer	2	[{"changed": {"fields": ["Category", "Name", "Description"]}}]	14	2
770	2025-07-04 00:56:32.39867+00	592	HP CATRIDGE 951XL MAGENTA (886111748938) - Accessories - Printer	1	[{"added": {}}]	14	2
771	2025-07-04 00:56:38.7369+00	583	HP 903XL BLACK CATRIDGE (889894728999) - Accessories - Printer	2	[{"changed": {"fields": ["Category", "Name", "Description"]}}]	14	2
772	2025-07-04 00:57:07.458093+00	581	HP 652 COLOR CATRIDGE (889296160908) - Accessories - Printer	2	[{"changed": {"fields": ["Category", "Name"]}}]	14	2
773	2025-07-04 00:57:13.585392+00	593	HP CATRIDGE 951XL CYAN (886111748921) - Accessories - Printer	1	[{"added": {}}]	14	2
774	2025-07-04 00:57:45.666577+00	594	HP CATRIDGE 951XL YELLOW (886111748945) - Accessories - Printer	1	[{"added": {}}]	14	2
775	2025-07-04 00:57:47.96285+00	579	HP 652 BLACK CATRIDGE (889296160946) - Accessories - Printer	2	[{"changed": {"fields": ["Category", "Name", "Description"]}}]	14	2
776	2025-07-04 00:59:10.029178+00	595	HP 963XL BLACK CATRIDGE (192545866620) - Accessories - Printer	1	[{"added": {}}]	14	2
777	2025-07-04 01:00:33.194647+00	596	HP 963XL YELLOW CATRIDGE (192545866583) - Accessories - Printer	1	[{"added": {}}]	14	2
778	2025-07-04 01:01:36.15141+00	597	HP 963XL MAGENTA CATRIDGE (192545866545) - Accessories - Printer	1	[{"added": {}}]	14	2
779	2025-07-04 01:02:02.332972+00	8	testadmin	2	[{"changed": {"fields": ["Superuser status"]}}]	4	1
780	2025-07-04 01:02:03.468537+00	598	HP CATRIDGE 912XL BLK (192545866989) - Accessories - Printer	1	[{"added": {}}]	14	2
781	2025-07-04 01:02:44.034+00	599	HP 963XL CYAN CATRIDGE (192545866507) - Accessories - Printer	1	[{"added": {}}]	14	2
782	2025-07-04 01:02:58.30076+00	600	HP CATRIDGE 912XL MAGENTA (192545866903) - Accessories - Printer	1	[{"added": {}}]	14	2
783	2025-07-04 01:03:53.98355+00	601	CANON PIXMA 440 BLACK (4960999782362) - Accessories - Printer	1	[{"added": {}}]	14	2
784	2025-07-04 01:05:10.908165+00	602	CANON PIXMA 441 COLOUR (4960999782386) - Accessories - Printer	1	[{"added": {}}]	14	2
785	2025-07-04 01:05:39.283631+00	7	testuser	2	[{"changed": {"fields": ["Groups", "User permissions"]}}]	4	1
786	2025-07-04 01:06:59.238424+00	603	CANON PIXMA 446 COLOUR (4960999974484) - Accessories - Printer	1	[{"added": {}}]	14	2
787	2025-07-04 01:07:12.250046+00	8	testadmin	2	[{"changed": {"fields": ["password"]}}]	4	1
788	2025-07-04 01:08:50.089519+00	604	CANON PIXMA 445,446 COMBO (8714574679587) - Accessories - Printer	1	[{"added": {}}]	14	2
789	2025-07-04 10:55:31.981402+00	7	Invoice #5091a4a0-2131-487e-bb84-b19e28c21fa8 - Walk In (12345678)	2	[]	12	1
790	2025-07-04 10:57:17.621559+00	7	Invoice #5091a4a0-2131-487e-bb84-b19e28c21fa8 - Walk In (12345678)	2	[{"changed": {"fields": ["Discount value"]}}, {"added": {"name": "invoice item", "object": "APPLE 20W USB C POWER ADAPTER (2 x 120)"}}, {"changed": {"name": "invoice item", "object": "UNITEK 2 METER USB 3.0 TO TYPE C (5 x 20.00)", "fields": ["Quantity"]}}]	12	1
791	2025-07-04 11:13:31.588027+00	13	Invoice #473b00ef-b5c9-4a23-bd2f-c61bfa37a0ac - Al Malika (12345678)	1	[{"added": {}}, {"added": {"name": "invoice item", "object": "LIGHT X 40M CAT-6 CABLE (5 x 80)"}}, {"added": {"name": "invoice item", "object": "APPLE EARPODS USB C TYPE (1 x 95)"}}]	12	1
792	2025-07-04 13:08:51.821591+00	1	essyem	2	[{"changed": {"fields": ["Groups", "User permissions"]}}]	4	9
793	2025-07-04 13:09:00.938562+00	1	essyem	2	[]	4	9
794	2025-07-04 13:09:28.67435+00	2	manesh	2	[]	4	9
795	2025-07-04 13:11:37.301619+00	2	manesh	2	[{"changed": {"fields": ["Superuser status"]}}]	4	2
796	2025-07-04 13:13:14.316754+00	1	essyem	2	[{"changed": {"fields": ["Groups", "User permissions"]}}]	4	9
797	2025-07-04 13:13:35.63199+00	9	sadique	2	[]	4	9
798	2025-07-04 13:15:12.814996+00	1	essyem	2	[{"changed": {"fields": ["password"]}}]	4	9
799	2025-07-04 13:31:54.568146+00	14	Invoice #0265612d-c861-4745-8d48-2068d8951d3c - Ahmed Al-Rashid (+974-1234-5678)	1	[{"added": {}}, {"added": {"name": "invoice item", "object": "Premium Laptop Stand (1 x 1200)"}}]	12	1
800	2025-07-04 13:33:10.887478+00	64	Premium Laptop Stand (AM-LAPTOP-001) - Electronics	2	[]	14	1
801	2025-07-04 13:37:46.062066+00	15	Invoice #e3f3a555-1c08-4334-8680-9ed1cf496c61 - Ahmed Al-Rashid (+974-1234-5678)	1	[{"added": {}}, {"added": {"name": "invoice item", "object": "Premium Laptop Stand (5 x 65)"}}]	12	2
802	2025-07-04 13:44:43.334684+00	1	portal.trendzqtr.com	2	[]	23	1
803	2025-07-05 08:32:01.198647+00	9	sadique	2	[{"changed": {"fields": ["Groups"]}}]	4	1
804	2025-07-05 08:32:22.999702+00	2	manesh	2	[{"changed": {"fields": ["Superuser status", "Groups", "User permissions"]}}]	4	1
805	2025-07-05 08:32:31.816601+00	4	riyas	2	[]	4	1
806	2025-07-05 08:35:51.524924+00	9	sadique	2	[{"changed": {"fields": ["Groups", "User permissions"]}}]	4	1
807	2025-07-05 08:37:58.171392+00	7	testuser	2	[{"changed": {"fields": ["password"]}}]	4	1
808	2025-07-05 08:38:16.819279+00	8	testadmin	2	[{"changed": {"fields": ["password"]}}]	4	1
809	2025-07-05 08:38:33.846192+00	8	testadmin	2	[{"changed": {"fields": ["Superuser status"]}}]	4	1
810	2025-07-05 08:38:41.990865+00	9	sadique	2	[]	4	1
811	2025-07-05 08:38:55.839706+00	2	manesh	2	[{"changed": {"fields": ["Groups", "User permissions"]}}]	4	1
812	2025-07-05 08:39:22.003459+00	4	riyas	2	[]	4	1
813	2025-07-05 09:52:39.355195+00	7	testuser	2	[{"changed": {"fields": ["password"]}}]	4	1
814	2025-07-05 09:57:30.944367+00	7	testuser	2	[{"changed": {"fields": ["User permissions"]}}]	4	1
815	2025-07-05 10:09:27.441345+00	7	Jozour Al Mana (12345678)	1	[{"added": {}}]	8	1
816	2025-07-05 10:16:27.999629+00	16	Invoice #bb751fc0-3835-4da8-8524-d183b7c798e4 - Jozour Al Mana (12345678)	1	[{"added": {}}, {"added": {"name": "invoice item", "object": "Dell KM33 2W Wireless Combo Keyboard and Mouse (1 x 150)"}}]	12	1
817	2025-07-05 10:17:20.390164+00	16	Invoice #bb751fc0-3835-4da8-8524-d183b7c798e4 - Jozour Al Mana (12345678)	2	[{"changed": {"fields": ["Discount type"]}}]	12	1
818	2025-07-05 10:18:07.63343+00	16	Invoice #bb751fc0-3835-4da8-8524-d183b7c798e4 - Jozour Al Mana (12345678)	2	[{"changed": {"fields": ["Status"]}}]	12	1
819	2025-07-05 10:18:56.000358+00	14	Invoice #0265612d-c861-4745-8d48-2068d8951d3c - Ahmed Al-Rashid (+974-1234-5678)	3		12	1
820	2025-07-05 10:18:56.0004+00	13	Invoice #473b00ef-b5c9-4a23-bd2f-c61bfa37a0ac - Al Malika (12345678)	3		12	1
821	2025-07-05 10:18:56.000419+00	7	Invoice #5091a4a0-2131-487e-bb84-b19e28c21fa8 - Walk In (12345678)	3		12	1
822	2025-07-05 10:18:56.000435+00	6	Invoice #49774791-2ba0-401c-baef-2ad16443da24 - Walk-in Customer ()	3		12	1
823	2025-07-05 10:18:56.000449+00	5	Invoice #86ed8cf4-3856-448e-b4cf-822d676de7ed - Walk-in Customer ()	3		12	1
824	2025-07-05 10:18:56.000463+00	4	Invoice #08ebd180-8305-4571-a922-c775effc722b - Walk In (12345678)	3		12	1
825	2025-07-05 10:18:56.000477+00	3	Invoice #6dcb73a8-6092-4263-af8a-6c9464b2aefa - Al Malika (12345678)	3		12	1
826	2025-07-05 10:18:56.00049+00	2	Invoice #93344fe7-593e-41bb-88a0-4c8d47692ff5 - Al Malika (12345678)	3		12	1
827	2025-07-05 10:18:56.000503+00	1	Invoice #1dd6aef4-de59-43e5-8e67-4669871baa84 - Al Malika (12345678)	3		12	1
828	2025-07-05 13:38:49.07164+00	5	portal.trendzqtr.com: OXON	1	[{"added": {}}]	20	4
829	2025-07-05 15:11:09.091705+00	605	Test Product for Invoice (TEST-001) - Test Category	2	[{"changed": {"fields": ["Barcode"]}}]	14	1
830	2025-07-05 15:13:19.060449+00	606	Test Product with Barcode (TEST-BC-001) - Test Category	2	[{"changed": {"fields": ["Barcode"]}}]	14	1
831	2025-07-05 15:13:26.567041+00	605	Test Product for Invoice (TEST-001) - Test Category	2	[{"changed": {"fields": ["Barcode"]}}]	14	1
832	2025-07-05 15:42:29.608284+00	606	Test Product with Barcode (TEST-BC-001) - Test Category	2	[{"changed": {"fields": ["Barcode"]}}]	14	1
833	2025-07-05 15:42:37.687356+00	605	Test Product for Invoice (TEST-001) - Test Category	2	[{"changed": {"fields": ["Barcode"]}}]	14	1
834	2025-07-05 16:02:14.33321+00	17	TrendzQTR	2	[{"changed": {"fields": ["Permissions"]}}]	3	1
835	2025-07-05 16:08:36.569072+00	17	Trendz	2	[{"changed": {"fields": ["Name", "Permissions"]}}]	3	1
836	2025-07-05 16:09:13.562638+00	4	riyas	2	[{"changed": {"fields": ["Superuser status", "Groups"]}}]	4	1
837	2025-07-05 16:13:24.202976+00	2	manesh	2	[{"changed": {"fields": ["Superuser status", "Groups"]}}]	4	1
838	2025-07-05 16:13:51.154402+00	3	admin	2	[{"changed": {"fields": ["Active", "Staff status", "Superuser status"]}}]	4	1
839	2025-07-05 16:13:59.554982+00	6	almalikaa	2	[{"changed": {"fields": ["Active"]}}]	4	1
840	2025-07-05 16:14:20.201055+00	8	testadmin	2	[{"changed": {"fields": ["Active", "Staff status", "Superuser status"]}}]	4	1
841	2025-07-05 16:14:29.942683+00	7	testuser	2	[{"changed": {"fields": ["Active", "Staff status"]}}]	4	1
842	2025-07-05 17:41:55.677083+00	5	firoz	2	[{"changed": {"fields": ["First name", "Last name"]}}]	4	1
843	2025-07-05 17:42:11.657105+00	5	firoz	2	[{"changed": {"fields": ["password"]}}]	4	1
844	2025-07-06 07:58:02.869422+00	607	VENTION 10 METER CAT8 SFTP PATCH CABLE (6922794742864) - Accessories - Network	1	[{"added": {}}]	14	4
845	2025-07-06 08:07:13.44951+00	11	portal.trendzqtr.com: PO-23914	1	[{"added": {}}]	19	4
846	2025-07-06 08:10:22.733725+00	50	Vention Cat8 SFTP Patch Cable 15M Black x 5	1	[{"added": {}}]	21	4
847	2025-07-06 08:12:11.75215+00	51	VENTION 10 METER CAT8 SFTP PATCH CABLE x 5	1	[{"added": {}}]	21	4
848	2025-07-06 08:12:51.076217+00	52	VENTION 20 METER CAT8 CABLE x 2	1	[{"added": {}}]	21	4
849	2025-07-06 08:16:44.861031+00	11	portal.trendzqtr.com: PO-23914	2	[{"changed": {"fields": ["Status"]}}]	19	5
850	2025-07-06 08:20:20.206559+00	605	Test Product for Invoice (TEST-001) - Test Category	2	[{"changed": {"fields": ["Barcode"]}}]	14	5
851	2025-07-06 13:16:55.695087+00	608	GAMING MIC MC20 (6970344732872) - Accessories - Computer	1	[{"added": {}}]	14	4
852	2025-07-06 13:17:56.666309+00	609	GAMING VERTICAL MOUSE (6970344731851) - Accessories - Computer	1	[{"added": {}}]	14	4
853	2025-07-06 13:19:25.373907+00	610	MEETION KB015 ONE HANDED KEYBOARD (6970344732216) - Accessories - Computer	1	[{"added": {}}]	14	4
854	2025-07-06 13:20:26.654768+00	611	MECHANICAL KEYBOARD SLIM (6970344731769) - Accessories - Computer	1	[{"added": {}}]	14	4
855	2025-07-06 13:21:59.736769+00	612	MEETION K9000 GAMING KEYBOARD (6970344732650) - Accessories - Computer	1	[{"added": {}}]	14	4
856	2025-07-06 13:24:22.142301+00	613	HOCO L15 WIRLESS MICROPHONE IP (6931474789020) - Accessories - Computer	1	[{"added": {}}]	14	4
857	2025-07-06 13:25:48.407339+00	614	HOCO L15 WIRLESS MICROPHONE TYPE C (6931474789037) - Accessories - Mobile	1	[{"added": {}}]	14	4
858	2025-07-06 13:27:10.205842+00	615	HOCO DUAL MIC WIRLESS L17 (6942007645997) - Accessories - Mobile	1	[{"added": {}}]	14	4
859	2025-07-06 13:28:07.164163+00	616	NUMBER PAD (6966199508595) - Accessories - Computer	1	[{"added": {}}]	14	4
860	2025-07-06 13:29:43.605776+00	617	NOKIA CAR HOLDER (6438409033550) - Accessories - Mobile	1	[{"added": {}}]	14	4
861	2025-07-06 13:33:11.192901+00	618	MEETION MAT LONGER GAME MOUSEPAD P100 (6970344731394) - Accessories - Computer	1	[{"added": {}}]	14	4
862	2025-07-06 13:36:02.431202+00	619	MEETION MT-C011 GAME MOUSE+PAD (6970344732513) - Accessories - Computer	1	[{"added": {}}]	14	4
863	2025-07-06 13:39:06.576297+00	620	HAVIT SK210 MINI PRO RGB LIGHT STEREO ELECTRONIC SPORTS SPEAKER (6939119040260) - Accessories - Computer	1	[{"added": {}}]	14	4
864	2025-07-06 13:41:53.514109+00	621	HOCO K23 360 ROTATION TRACKING SHOT (6942007631273) - Accessories - Mobile	1	[{"added": {}}]	14	4
865	2025-07-06 13:43:06.752194+00	622	SELFIE STICK R1-L (20000231) - Accessories - Mobile	1	[{"added": {}}]	14	4
866	2025-07-06 13:46:58.639856+00	623	HOCO GM35 MAGNETIC SILENT TRANSPARENT COVER MOUSE (6942007643993) - Accessories - Computer	1	[{"added": {}}]	14	4
867	2025-07-06 13:47:42.988389+00	624	PLOKAMA LIVE -K8 BROADCAST STAND (6901771470181) - Accessories - Mobile	1	[{"added": {}}]	14	4
868	2025-07-06 13:48:07.327291+00	625	DELL CHARGER 19.5V 4.62A POWERGO (1000012) - Accessories - Computer	1	[{"added": {}}]	14	4
869	2025-07-06 13:50:06.757518+00	626	XTRIKE ME SK-612 STEREO SOUND 2.1 MULTIMEDIA SPEAKER (6932391928493) - Accessories - Computer	1	[{"added": {}}]	14	4
870	2025-07-06 13:52:44.081661+00	627	XTRIKE ME SK-406 STEREO SOUND 2.0 GAMING SOUNDBAR (6932391928479) - Accessories - Computer	1	[{"added": {}}]	14	4
871	2025-07-06 13:54:49.147404+00	628	XTRIKE ME GM-217 LIGHTWEIGHT WIRED GAMING MOUSE (6932391932193) - Accessories - Computer	1	[{"added": {}}]	14	4
872	2025-07-06 13:55:42.810564+00	629	HP TYPE C 90W ADAPTER (2000016256) - Accessories - Computer	1	[{"added": {}}]	14	4
873	2025-07-06 13:56:49.597799+00	630	XTRIKE ME GM-110 ERGONOMIC BACKLIT GAMING MOUSE (6932391930632) - Accessories - Computer	1	[{"added": {}}]	14	4
874	2025-07-06 14:01:09.816068+00	634	HP BLUEPIN 19.5V 3.33A 65W ADAPTER (200001625) - Accessories - Computer	1	[{"added": {}}]	14	4
875	2025-07-06 14:04:08.522723+00	635	HP WS10 MULTIMEDIA SPEAKER (6940252364724) - Accessories - Computer	1	[{"added": {}}]	14	4
876	2025-07-06 14:05:19.359891+00	636	HAVIT MS1029 RGB BACKLIT GAMING MOUSE (6939119067229) - Accessories - Computer	1	[{"added": {}}]	14	4
877	2025-07-06 14:21:55.554043+00	637	DELL TYPE C 130W CHARGER (800001) - Accessories - Computer	1	[{"added": {}}]	14	4
878	2025-07-06 14:39:38.520791+00	638	DELL 19.5V 9.23A POWER ADAPTER (800003) - Accessories - Computer	1	[{"added": {}}]	14	4
879	2025-07-06 14:40:57.07922+00	639	DELL 19.5V 7.7A BIG PIN CHARGER (800004) - Accessories - Computer	1	[{"added": {}}]	14	4
880	2025-07-06 14:42:26.170657+00	640	DELL 19.5V 6.67A BIG PIN CHARGER (800002) - Accessories - Computer	1	[{"added": {}}]	14	4
881	2025-07-06 14:43:54.018937+00	641	DELL 19.5V 6.67A SMALL PIN ADAPTER (800005) - Accessories - Computer	1	[{"added": {}}]	14	4
882	2025-07-06 14:48:29.511446+00	99	HEATZ ZS23 PORTABLE BT SPEAKER (6918051000235) - Accessories - Computer	2	[{"changed": {"fields": ["Stock"]}}]	14	5
883	2025-07-06 14:49:36.620293+00	463	LENOVO 65W STANDARD AC ADAPTER ORGINAL (191200521669) - Accessories - Computer	2	[{"changed": {"fields": ["Stock"]}}]	14	5
884	2025-07-06 15:17:47.06229+00	642	MEETION M930 GAMING MOUSE (6970344731172) - Accessories - Computer	1	[{"added": {}}]	14	2
885	2025-07-06 15:19:32.882325+00	643	MEETION GM20 GAMING MOUSE (6970344731530) - Accessories - Computer	1	[{"added": {}}]	14	2
886	2025-07-06 15:20:49.763316+00	644	MEETION M915 GAMING MOUSE (6970344731455) - Accessories - Computer	1	[{"added": {}}]	14	2
887	2025-07-06 15:25:05.549034+00	96	HOCO DS62 BT SPEAKER (6942007639552) - Accessories - Computer	2	[{"changed": {"fields": ["Stock"]}}]	14	5
888	2025-07-06 15:26:51.615121+00	17	Invoice #9515a37c-3a9c-42b1-95d0-7addc3c07a41 - Fatima Al-Zahra (+974-9876-5432)	1	[{"added": {}}, {"added": {"name": "invoice item", "object": "UNITEK LIGHTNING TO 3.5MM HEADPHONE JACK ADAPTER (2 x 75.00)"}}, {"added": {"name": "invoice item", "object": "UNITEK 2 METER CAT 6 STP EXTENSION CABLE (5 x 35.00)"}}]	12	1
889	2025-07-06 15:27:47.100025+00	18	Invoice #ee0c3482-cc58-40ed-af7f-23bd1195d77e - Fatima Al-Zahra (+974-9876-5432)	1	[{"added": {}}, {"added": {"name": "invoice item", "object": "APPLE EARPODS LIGHTNING TYPE (5 x 95.00)"}}, {"added": {"name": "invoice item", "object": "UNITEK 3 METER USB 2.0 MALE TO FEMALE CABLE (10 x 35.00)"}}]	12	1
890	2025-07-06 15:48:47.180383+00	645	ANKER SOUNDCORE PYRO MINI PORTABLE BLUTOOTH SPEAKER (194644175016) - Accessories - Mobile	1	[{"added": {}}]	14	2
891	2025-07-06 15:51:54.987397+00	264	BUDI USB TO IP 1M CABLE (6971536926697) - Accessories - Mobile	2	[{"changed": {"fields": ["Stock"]}}]	14	5
892	2025-07-06 15:52:45.076074+00	552	GAMING HEADSET K20 (6972470560473) - Accessories - Computer	2	[{"changed": {"fields": ["Stock"]}}]	14	5
893	2025-07-06 15:55:46.712757+00	636	HAVIT MS1029 RGB BACKLIT GAMING MOUSE (6939119067229) - Accessories - Computer	2	[{"changed": {"fields": ["Stock"]}}]	14	5
894	2025-07-06 15:56:25.958915+00	636	HAVIT MS1029 RGB BACKLIT GAMING MOUSE (6939119067229) - Accessories - Computer	2	[{"changed": {"fields": ["Stock"]}}]	14	5
895	2025-07-06 16:27:22.186501+00	646	MEETION M975 GAMING MOUSE (6970344731462) - Accessories - Computer	1	[{"added": {}}]	14	2
896	2025-07-06 16:30:31.671127+00	647	MEETION M371 GAMING MOUSE (6970344731257) - Accessories - Computer	1	[{"added": {}}]	14	2
897	2025-07-06 16:33:17.267454+00	628	XTRIKE ME GM-217 LIGHTWEIGHT WIRED GAMING MOUSE (6932391932193) - Accessories - Computer	2	[{"changed": {"fields": ["Stock"]}}]	14	5
898	2025-07-06 16:46:54.85717+00	24	Invoice #482ca6e0-ff05-4433-a5c3-4c1eb6bdc544 - Walk In (12345678)	1	[{"added": {}}]	12	2
899	2025-07-06 16:51:19.235315+00	648	MEETION M940 GAMING MOUSE (6970344730922) - Accessories - Computer	1	[{"added": {}}]	14	2
900	2025-07-06 16:52:26.101264+00	649	MEETION GM22 GAMING MOUSE (6970344731547) - Accessories - Computer	1	[{"added": {}}]	14	2
901	2025-07-06 16:53:35.145232+00	650	MEETION GM015 GAMING MOUSE (6970344732209) - Accessories - Computer	1	[{"added": {}}]	14	2
902	2025-07-06 16:55:25.830338+00	651	MEETION MT-C4130 WIRLESS COMBO (6970344733626) - Accessories - Computer	1	[{"added": {}}]	14	2
903	2025-07-06 16:57:52.730651+00	652	MEETION C4120 WIRLESS COMBO (6970344733367) - Accessories - Computer	1	[{"added": {}}]	14	2
904	2025-07-06 17:02:28.399266+00	654	TV WALL BRACKET (4047443308436) - Accessories - Computer	1	[{"added": {}}]	14	2
905	2025-07-06 17:03:55.414835+00	655	TV WALL BRACKET PINK (40000023) - Accessories - Computer	1	[{"added": {}}]	14	2
906	2025-07-06 17:23:51.089435+00	656	DELL CORE I7 14TH GEN 7020 NEW (5000000482) - Accessories - Computer	1	[{"added": {}}]	14	2
907	2025-07-06 17:38:02.068707+00	657	NORDON 305M CABLE BOX (120-11001104GY) - Accessories - Computer	1	[{"added": {}}]	14	2
908	2025-07-06 17:40:55.363109+00	658	CANON 450 PGBK (4960999904597) - Accessories - Computer	1	[{"added": {}}]	14	2
909	2025-07-06 17:41:50.22636+00	658	CANON 450 PGBK (4960999904597) - Accessories - Computer	2	[{"changed": {"fields": ["Stock"]}}]	14	5
910	2025-07-06 18:50:53.18231+00	659	CANON 451 MAGENTA (4960999905266) - Accessories - Network	1	[{"added": {}}]	14	2
911	2025-07-06 18:51:53.312325+00	660	CANON 451 YELLOW (4960999904634) - Accessories - Printer	1	[{"added": {}}]	14	2
912	2025-07-06 18:52:47.603345+00	661	CANON 451 CYAN (4960999905259) - Accessories - Network	1	[{"added": {}}]	14	2
913	2025-07-06 18:59:55.210419+00	662	CANON 481 CYAN (4549292086607) - Accessories - Network	1	[{"added": {}}]	14	2
914	2025-07-06 19:01:50.173613+00	663	CANON 481 BLACK (4549292086584) - Accessories - Printer	1	[{"added": {}}]	14	2
915	2025-07-06 19:05:36.926736+00	664	CANON 481 YELLOW (4549292086638) - Accessories - Printer	1	[{"added": {}}]	14	2
916	2025-07-06 19:12:40.177426+00	665	CANON 481 MAGENTA (4549292086621) - Accessories - Printer	1	[{"added": {}}]	14	2
917	2025-07-06 19:14:45.638016+00	666	CANON 48O PGBK (4549292086560) - Accessories - Printer	1	[{"added": {}}]	14	2
918	2025-07-06 19:18:24.714687+00	667	CANON 1400 XL CYAN (4549292003994) - Accessories - Printer	1	[{"added": {}}]	14	2
919	2025-07-07 11:23:31.547885+00	1	Computer Service (123456789) - Services - Computer	2	[{"changed": {"fields": ["Barcode"]}}]	14	1
920	2025-07-07 11:32:11.576903+00	1	Computer Service (123456789) - Services - Computer	2	[{"changed": {"fields": ["Barcode"]}}]	14	1
921	2025-07-07 11:50:49.313701+00	28	Invoice #INV-2025-0014 - Sadique Mohammed (55537994)	2	[{"changed": {"fields": ["Status"]}}]	12	5
922	2025-07-07 11:52:04.399681+00	28	Invoice #INV-2025-0014 - Sadique Mohammed (55537994)	3		12	5
923	2025-07-07 11:55:32.5535+00	1	Computer Service (123456789) - Services - Computer	2	[{"changed": {"fields": ["Barcode"]}}]	14	1
924	2025-07-07 11:59:58.601929+00	1	Computer Service (123456789) - Services - Computer	2	[{"changed": {"fields": ["Barcode"]}}]	14	1
925	2025-07-07 12:04:44.486225+00	1	Computer Service (123456789) - Services - Computer	2	[{"changed": {"fields": ["Barcode"]}}]	14	1
926	2025-07-07 13:02:43.544579+00	1	Computer Service (123456789) - Services - Computer	2	[{"changed": {"fields": ["Barcode"]}}]	14	1
927	2025-07-07 18:43:48.470379+00	1	Computer Service (123456789) - Services - Computer	2	[{"changed": {"fields": ["Barcode"]}}]	14	5
928	2025-07-08 06:26:29.958493+00	133	TEAM GROUP DDR3L (765441615809) - Accessories - Computer	2	[{"changed": {"fields": ["Category"]}}]	14	1
929	2025-07-08 06:32:03.311466+00	6	portal.trendzqtr.com: Al Malika	1	[{"added": {}}]	20	5
930	2025-07-08 06:33:00.739983+00	12	portal.trendzqtr.com: PO-25070801	1	[{"added": {}}]	19	5
931	2025-07-08 06:36:32.082882+00	668	Canon 445blk (4960999974460) - Accessories - Printer	1	[{"added": {}}]	14	5
932	2025-07-08 06:40:39.707025+00	12	portal.trendzqtr.com: PO-25070801	2	[{"added": {"name": "purchase item", "object": "Canon 445blk x 5"}}]	19	5
933	2025-07-08 06:42:51.184917+00	12	portal.trendzqtr.com: PO-25070801	2	[{"added": {"name": "purchase item", "object": "CANON PIXMA 445,446 COMBO x 2"}}]	19	5
934	2025-07-08 06:47:00.936611+00	669	Canon Pixma 490 Yellow (4549292041781) - Accessories - Printer	1	[{"added": {}}]	14	5
935	2025-07-08 06:49:15.476492+00	670	Canon Pixma 490 Magenta (4549292041767) - Accessories - Printer	1	[{"added": {}}]	14	5
936	2025-07-08 06:50:22.554934+00	671	Canon Pixma 490 Cyan (4549292041743) - Accessories - Printer	1	[{"added": {}}]	14	5
937	2025-07-08 06:51:13.582796+00	672	Canon Pixma 490 Blk (4549292041729) - Accessories - Printer	1	[{"added": {}}]	14	5
938	2025-07-08 06:52:46.4755+00	673	Brother BT D60 blk (4977766786324) - Accessories - Printer	1	[{"added": {}}]	14	5
939	2025-07-08 06:54:18.551284+00	674	Brother BT 5000 Cyan (4977766748131) - Accessories - Printer	1	[{"added": {}}]	14	5
940	2025-07-08 06:55:11.552063+00	675	Brother BT 5000 Magenta (4977766748148) - Accessories - Printer	1	[{"added": {}}]	14	5
941	2025-07-08 07:07:00.158995+00	676	Epson 103 Cyan (8715946655857) - Accessories - Printer	1	[{"added": {}}]	14	5
942	2025-07-08 07:08:13.424801+00	677	Epson 103 Blk (8715946655840) - Accessories - Printer	1	[{"added": {}}]	14	5
943	2025-07-08 07:09:09.946131+00	678	Epson 103 Yellow (8715946655871) - Accessories - Printer	1	[{"added": {}}]	14	5
944	2025-07-08 07:10:02.049293+00	679	Epson 103 Magenta (8715946655864) - Accessories - Printer	1	[{"added": {}}]	14	5
945	2025-07-08 07:10:12.894238+00	12	portal.trendzqtr.com: PO-25070801	2	[{"added": {"name": "purchase item", "object": "Canon Pixma 490 Yellow x 1"}}, {"added": {"name": "purchase item", "object": "Canon Pixma 490 Magenta x 1"}}, {"added": {"name": "purchase item", "object": "Canon Pixma 490 Cyan x 1"}}, {"added": {"name": "purchase item", "object": "Canon Pixma 490 Blk x 1"}}, {"added": {"name": "purchase item", "object": "Brother BT D60 blk x 2"}}, {"added": {"name": "purchase item", "object": "Brother BT 5000 Cyan x 2"}}, {"added": {"name": "purchase item", "object": "Brother BT 5000 Magenta x 2"}}, {"added": {"name": "purchase item", "object": "Epson 103 Blk x 1"}}, {"added": {"name": "purchase item", "object": "Epson 103 Yellow x 1"}}, {"added": {"name": "purchase item", "object": "Epson 103 Magenta x 1"}}]	19	5
946	2025-07-08 07:11:24.840929+00	679	Epson 103 Magenta (8715946655864) - Accessories - Printer	2	[{"changed": {"fields": ["Barcode"]}}]	14	5
947	2025-07-08 07:11:31.301536+00	678	Epson 103 Yellow (8715946655871) - Accessories - Printer	2	[{"changed": {"fields": ["Barcode"]}}]	14	5
948	2025-07-08 07:11:37.173355+00	677	Epson 103 Blk (8715946655840) - Accessories - Printer	2	[{"changed": {"fields": ["Barcode"]}}]	14	5
949	2025-07-08 07:11:42.350109+00	676	Epson 103 Cyan (8715946655857) - Accessories - Printer	2	[{"changed": {"fields": ["Barcode"]}}]	14	5
950	2025-07-08 07:19:55.349657+00	679	Epson 103 Magenta (8715946655864) - Accessories - Printer	2	[{"changed": {"fields": ["Barcode"]}}]	14	5
951	2025-07-08 07:20:01.721897+00	678	Epson 103 Yellow (8715946655871) - Accessories - Printer	2	[{"changed": {"fields": ["Barcode"]}}]	14	5
952	2025-07-08 07:20:08.519861+00	677	Epson 103 Blk (8715946655840) - Accessories - Printer	2	[{"changed": {"fields": ["Barcode"]}}]	14	5
953	2025-07-08 07:20:15.944767+00	676	Epson 103 Cyan (8715946655857) - Accessories - Printer	2	[{"changed": {"fields": ["Barcode"]}}]	14	5
954	2025-07-08 07:24:30.534588+00	676	Epson 103 Cyan (8715946655857) - Accessories - Printer	2	[{"changed": {"fields": ["Image"]}}]	14	5
955	2025-07-08 07:51:06.097528+00	680	LIGHT RING (20000RING) - Accessories - Mobile	1	[{"added": {}}]	14	5
956	2025-07-08 07:53:43.740013+00	680	LIGHT RING (20000RING) - Accessories - Mobile	2	[{"changed": {"fields": ["Barcode"]}}]	14	5
957	2025-07-08 07:56:39.569643+00	33	Invoice #INV-2025-0018 - Walk In (12345678)	2	[{"changed": {"fields": ["Status"]}}]	12	5
958	2025-07-08 07:57:20.239511+00	32	Invoice #INV-2025-0017 - Walk In (12345678)	3		12	5
959	2025-07-08 08:28:12.049186+00	677	Epson 103 Blk (8715946655840) - Accessories - Printer	2	[{"changed": {"fields": ["Stock"]}}]	14	5
960	2025-07-08 08:28:48.432096+00	676	Epson 103 Cyan (8715946655857) - Accessories - Printer	2	[{"changed": {"fields": ["Stock"]}}]	14	5
961	2025-07-08 08:29:01.494278+00	678	Epson 103 Yellow (8715946655871) - Accessories - Printer	2	[{"changed": {"fields": ["Stock"]}}]	14	5
962	2025-07-08 08:29:13.796485+00	679	Epson 103 Magenta (8715946655864) - Accessories - Printer	2	[{"changed": {"fields": ["Stock"]}}]	14	5
963	2025-07-08 15:06:22.326617+00	681	HP PROBOOK CORE I7 16GB RAM 256GB SSD 512GB NVME 1 MONTH MOTHERBOARD/ 1YEAR NVME WARRANTY (200000PROBOOK) - Laptop	1	[{"added": {}}]	14	4
964	2025-07-08 18:42:35.815275+00	13	portal.trendzqtr.com: PO-25070802	1	[{"added": {}}]	19	4
965	2025-07-08 18:43:27.727611+00	65	Dell KM33 2W Wireless Combo Keyboard and Mouse x 30	1	[{"added": {}}]	21	4
966	2025-07-08 18:45:16.099835+00	51	Invoice #INV-2025-0036 - Walk In (12345678)	2	[{"changed": {"fields": ["Status"]}}]	12	4
967	2025-07-08 18:45:29.652038+00	50	Invoice #INV-2025-0035 - Walk In (12345678)	2	[{"changed": {"fields": ["Status"]}}]	12	4
968	2025-07-08 18:45:47.501408+00	49	Invoice #INV-2025-0034 - JINEESH (66188387)	2	[{"changed": {"fields": ["Status"]}}]	12	4
969	2025-07-08 18:46:02.019496+00	48	Invoice #INV-2025-0033 - Walk In (12345678)	2	[{"changed": {"fields": ["Status"]}}]	12	4
970	2025-07-08 18:46:14.184801+00	47	Invoice #INV-2025-0032 - Walk In (12345678)	2	[{"changed": {"fields": ["Status"]}}]	12	4
971	2025-07-08 18:46:26.088262+00	46	Invoice #INV-2025-0031 - Walk In (12345678)	2	[{"changed": {"fields": ["Status"]}}]	12	4
972	2025-07-08 18:46:36.023979+00	45	Invoice #INV-2025-0030 - SHARQ MEDICAL SUPPLY (77098313)	2	[{"changed": {"fields": ["Status"]}}]	12	4
973	2025-07-08 18:46:44.59099+00	44	Invoice #INV-2025-0029 - MANEESH (77059566)	2	[{"changed": {"fields": ["Status"]}}]	12	4
974	2025-07-08 18:46:57.231626+00	43	Invoice #INV-2025-0028 - Walk In (12345678)	2	[{"changed": {"fields": ["Status"]}}]	12	4
975	2025-07-08 18:47:14.569935+00	42	Invoice #INV-2025-0027 - Walk In (12345678)	2	[{"changed": {"fields": ["Status"]}}]	12	4
976	2025-07-08 18:47:34.158432+00	41	Invoice #INV-2025-0026 - Walk In (12345678)	2	[{"changed": {"fields": ["Status"]}}]	12	4
977	2025-07-08 18:47:44.703295+00	40	Invoice #INV-2025-0025 - Walk In (12345678)	2	[{"changed": {"fields": ["Status"]}}]	12	4
978	2025-07-08 18:47:53.774662+00	39	Invoice #INV-2025-0024 - Walk In (12345678)	2	[{"changed": {"fields": ["Status"]}}]	12	4
979	2025-07-08 18:48:01.918026+00	38	Invoice #INV-2025-0023 - Walk In (12345678)	2	[{"changed": {"fields": ["Status"]}}]	12	4
980	2025-07-08 18:48:12.245277+00	37	Invoice #INV-2025-0022 - Walk In (12345678)	2	[{"changed": {"fields": ["Status"]}}]	12	4
981	2025-07-08 18:48:20.910682+00	36	Invoice #INV-2025-0021 - ABDULLA (55548821)	2	[{"changed": {"fields": ["Status"]}}]	12	4
982	2025-07-08 18:48:30.33306+00	35	Invoice #INV-2025-0020 - ABDULLA (55548821)	2	[{"changed": {"fields": ["Status"]}}]	12	4
983	2025-07-08 18:48:41.50725+00	34	Invoice #INV-2025-0019 - Walk In (12345678)	2	[{"changed": {"fields": ["Status"]}}]	12	4
984	2025-07-08 18:48:54.881481+00	31	Invoice #INV-2025-0016 - Manesh Makkada (55067851)	2	[{"changed": {"fields": ["Status"]}}]	12	4
985	2025-07-09 07:30:00.36316+00	682	DELL LAPTOP LATITUD 3510 CORE I5 10TH GEN 8/256 (70000001) - Laptop	1	[{"added": {}}]	14	4
986	2025-07-09 07:34:33.259619+00	683	DELL LATITUD 5400 CORE I5 8GB RAM/256GB SSD 13INCH (2000005400) - Laptop	1	[{"added": {}}]	14	4
987	2025-07-09 07:36:38.825434+00	684	DELL LATITUD 5300 CORE I5 8GB RAM/256GB SSD 13INCH TOUCH SCREEN (200005300touch) - Laptop	1	[{"added": {}}]	14	4
1296	2025-07-10 18:55:15.223606+00	1	portal.trendzqtr.com: PO-25070101	2	[]	19	1
988	2025-07-09 07:40:01.810981+00	685	DELL LATITUD 7420 CORE I5 11TH GEN 16GB RAM/256GB SSD 13INCH TOUCH SCREEN (2000007420) - Laptop	1	[{"added": {}}]	14	4
989	2025-07-09 07:42:31.928735+00	686	DELL 3561 CORE I7 11TH GEN 16GB RAM/512GB SSD 15.6INCH (200003561) - Laptop	1	[{"added": {}}]	14	4
990	2025-07-09 07:48:27.620387+00	687	DELL LATITUDE 5420 CORE I5 11TH GEN 16GB RAM/512GB SSD 14 INCH (2000002650) - Laptop	1	[{"added": {}}]	14	4
991	2025-07-09 07:52:17.411646+00	688	DELL LATITUDE 3490 CORE I5 8TH GEN 8GB RAM/256GB SSD 14 INCH (200003490) - Laptop	1	[{"added": {}}]	14	4
992	2025-07-09 08:13:37.681271+00	689	A 2140 MAGNETIC CHARGER TO USB -C CABLE 1M (194252192450) - Accessories - Mobile	1	[{"added": {}}]	14	4
993	2025-07-09 08:15:58.781998+00	690	A2257 MAGNETIC CHARGER TO USB C 1M (190199291317) - Accessories - Mobile	1	[{"added": {}}]	14	4
994	2025-07-09 08:17:54.024612+00	691	APPLE A2676 DUAL USB C PORT 35W POWER ADAPTER (194253337324) - Accessories - Mobile	1	[{"added": {}}]	14	4
995	2025-07-09 08:20:22.850891+00	13	portal.trendzqtr.com: PO-25070802	2	[{"changed": {"fields": ["Status"]}}]	19	1
996	2025-07-09 08:33:15.92248+00	13	portal.trendzqtr.com: PO-25070802	2	[{"changed": {"fields": ["Delivery date", "Payment due"]}}]	19	1
997	2025-07-09 08:33:56.28651+00	13	portal.trendzqtr.com: PO-25070802	2	[{"changed": {"fields": ["Delivery date"]}}]	19	1
998	2025-07-09 08:39:29.311841+00	500	Dell KM33 2W Wireless Combo Keyboard and Mouse (884116416593) - Accessories - Computer	2	[{"changed": {"fields": ["Barcode"]}}]	14	1
999	2025-07-09 08:47:41.441403+00	500	Dell KM33 2W Wireless Combo Keyboard and Mouse (884116416593) - Accessories - Computer	2	[]	14	1
1000	2025-07-09 09:36:54.39702+00	500	Dell KM33 2W Wireless Combo Keyboard and Mouse (884116416593) - Accessories - Computer	2	[{"changed": {"fields": ["Stock"]}}]	14	1
1001	2025-07-09 11:01:35.130738+00	500	Dell KM33 2W Wireless Combo Keyboard and Mouse (884116416593) - Accessories - Computer	2	[{"changed": {"fields": ["Image"]}}]	14	5
1002	2025-07-09 11:05:29.330301+00	500	Dell KM33 2W Wireless Combo Keyboard and Mouse (884116416593) - Accessories - Computer	2	[{"changed": {"fields": ["Image"]}}]	14	5
1003	2025-07-09 11:05:36.698245+00	500	Dell KM33 2W Wireless Combo Keyboard and Mouse (884116416593) - Accessories - Computer	2	[{"changed": {"fields": ["Image"]}}]	14	5
1004	2025-07-09 11:22:17.506874+00	691	APPLE A2676 DUAL USB C PORT 35W POWER ADAPTER (194253337324) - Accessories - Mobile	2	[{"changed": {"fields": ["Barcode"]}}]	14	5
1005	2025-07-09 11:42:57.71729+00	380	HP 150 wireless Mouse (195161884655) - Accessories - Computer	2	[{"changed": {"fields": ["Barcode"]}}]	14	1
1006	2025-07-09 11:45:50.657548+00	380	HP 150 wireless Mouse (195161884655) - Accessories - Computer	2	[{"changed": {"fields": ["Barcode"]}}]	14	1
1007	2025-07-09 11:51:24.339439+00	66	UNITEK 2 METER USB 3.0 TO TYPE C x 1	1	[{"added": {}}]	21	4
1008	2025-07-09 11:57:51.400953+00	12	portal.trendzqtr.com: PO-25070801	2	[{"changed": {"fields": ["Status"]}}]	19	1
1009	2025-07-09 11:58:33.67181+00	2	UNITEK 2 METER USB 3.0 TO TYPE C (4894160047717) - Accessories - Computer	2	[]	14	1
1010	2025-07-09 11:59:29.584484+00	12	portal.trendzqtr.com: PO-25070801	2	[{"deleted": {"name": "purchase item", "object": "UNITEK 2 METER USB 3.0 TO TYPE C x 1"}}]	19	1
1011	2025-07-09 12:00:08.363678+00	66	UNITEK 2 METER USB 3.0 TO TYPE C x 1	3		21	1
1012	2025-07-09 12:06:29.635164+00	14	portal.trendzqtr.com: PO-25070901	1	[{"added": {}}]	19	1
1013	2025-07-09 12:07:33.879254+00	14	portal.trendzqtr.com: PO-25070901	2	[{"changed": {"fields": ["Status"]}}]	19	1
1014	2025-07-09 12:08:45.963473+00	14	portal.trendzqtr.com: PO-25070901	2	[{"added": {"name": "purchase item", "object": "ANKER SOUND CORE A20i x 1"}}]	19	1
1015	2025-07-09 12:10:15.015348+00	67	ANKER SOUND CORE A20i x 1	3		21	1
1016	2025-07-09 12:12:54.950041+00	14	portal.trendzqtr.com: PO-25070901	2	[{"changed": {"fields": ["Status"]}}, {"added": {"name": "purchase item", "object": "CROZBRO STEREO EARPHONE x 1"}}]	19	1
1017	2025-07-09 12:16:54.887931+00	14	portal.trendzqtr.com: PO-25070901	2	[{"changed": {"fields": ["Status"]}}, {"changed": {"name": "purchase item", "object": "CROZBRO STEREO EARPHONE x 1", "fields": ["Unit cost"]}}]	19	1
1018	2025-07-09 12:17:04.231216+00	14	portal.trendzqtr.com: PO-25070901	2	[]	19	1
1019	2025-07-09 12:21:58.189349+00	22	CROZBRO STEREO EARPHONE (6920241221009) - Accessories - Mobile	2	[{"changed": {"fields": ["Unit price"]}}]	14	1
1020	2025-07-09 13:01:32.246073+00	68	CROZBRO STEREO EARPHONE x 1	3		21	1
1021	2025-07-09 13:03:37.709737+00	69	CROZBRO STEREO EARPHONE x 1	1	[{"added": {}}]	21	1
1022	2025-07-09 13:03:58.989099+00	69	CROZBRO STEREO EARPHONE x 1	2	[]	21	1
1023	2025-07-09 13:04:16.769461+00	14	portal.trendzqtr.com: PO-25070901	2	[]	19	1
1024	2025-07-09 13:04:57.938125+00	14	portal.trendzqtr.com: PO-25070901	3		19	1
1025	2025-07-09 13:05:08.553958+00	65	Dell KM33 2W Wireless Combo Keyboard and Mouse x 30	2	[]	21	1
1026	2025-07-09 13:06:07.866732+00	15	portal.trendzqtr.com: PO-25070901	1	[{"added": {}}]	19	1
1027	2025-07-09 13:07:19.634107+00	70	CROZBRO STEREO EARPHONE x 5	1	[{"added": {}}]	21	1
1028	2025-07-09 13:07:25.071901+00	70	CROZBRO STEREO EARPHONE x 5	2	[]	21	1
1029	2025-07-09 13:08:08.86573+00	15	portal.trendzqtr.com: PO-25070901	3		19	1
1030	2025-07-09 13:29:15.951121+00	691	APPLE A2676 DUAL USB C PORT 35W POWER ADAPTER (194253337324) - Accessories - Mobile	2	[{"changed": {"fields": ["Image"]}}]	14	5
1031	2025-07-10 05:52:39.428806+00	12	portal.trendzqtr.com: EXPIRIENCE	1	[{"added": {}}]	20	4
1032	2025-07-10 05:55:37.243626+00	692	ASUS NCB1916 KEYBOARD LAPTOP (200000KY) - Accessories - Computer	1	[{"added": {}}]	14	4
1033	2025-07-10 05:56:41.937462+00	21	portal.trendzqtr.com: PO-2233	1	[{"added": {}}, {"added": {"name": "purchase item", "object": "ASUS NCB1916 KEYBOARD LAPTOP x 1"}}]	19	4
1034	2025-07-10 05:57:01.275268+00	1046	ASUS NCB1916 KEYBOARD LAPTOP x 1	1	[{"added": {}}]	21	4
1035	2025-07-10 06:04:03.42899+00	13	portal.trendzqtr.com: JAPAN	1	[{"added": {}}]	20	4
1036	2025-07-10 06:20:45.345951+00	693	HP 207A BLACK TONER (193905265138) - Accessories - Printer	1	[{"added": {}}]	14	4
1037	2025-07-10 07:11:38.122128+00	694	Software Update (1234567890101) - Services - Computer	1	[{"added": {}}]	14	4
1038	2025-07-10 07:57:23.261186+00	695	Hinges Repair (12345678950) - Services - Computer	1	[{"added": {}}]	14	4
1039	2025-07-10 08:28:58.787392+00	17	Trendz	2	[{"changed": {"fields": ["Permissions"]}}]	3	1
1040	2025-07-10 08:29:27.385641+00	21	portal.trendzqtr.com: PO-2233	2	[{"deleted": {"name": "purchase item", "object": "ASUS NCB1916 KEYBOARD LAPTOP x 1"}}]	19	1
1041	2025-07-10 08:30:18.927758+00	1046	ASUS NCB1916 KEYBOARD LAPTOP x 1	3		21	1
1042	2025-07-10 08:30:29.901094+00	1045	ASUS NCB1916 KEYBOARD LAPTOP x 1	2	[]	21	1
1043	2025-07-10 08:30:52.95675+00	21	portal.trendzqtr.com: PO-2233	2	[]	19	1
1044	2025-07-10 08:31:42.977534+00	21	portal.trendzqtr.com: PO-25071001	2	[{"changed": {"fields": ["Reference"]}}]	19	1
1045	2025-07-10 08:32:08.429979+00	21	portal.trendzqtr.com: PO-25071002	2	[{"changed": {"fields": ["Reference"]}}]	19	1
1046	2025-07-10 08:33:30.374003+00	22	portal.trendzqtr.com: PO-2501305	1	[{"added": {}}]	19	4
1047	2025-07-10 08:35:44.189427+00	696	HP CORE I7 10TH GEN 840 G7 16GB RAM/512GB SSD (2000840G7) - Laptop	1	[{"added": {}}]	14	4
1048	2025-07-10 08:41:00.937731+00	1047	HP CORE I7 10TH GEN 840 G7 16GB RAM/512GB SSD x 1	1	[{"added": {}}]	21	4
1049	2025-07-10 08:43:07.900954+00	696	HP CORE I7 10TH GEN 840 G7 16GB RAM/512GB SSD (2000840G7) - Laptop	2	[{"changed": {"fields": ["Stock"]}}]	14	4
1050	2025-07-10 08:45:09.211225+00	690	A2257 MAGNETIC CHARGER TO USB C 1M (190199291317) - Accessories - Mobile	2	[]	14	4
1051	2025-07-10 08:48:32.426742+00	5	portal.trendzqtr.com: OXON	3		20	1
1052	2025-07-10 09:01:01.324558+00	697	Lenovo Hanging Headphone (6928760163664) - Accessories - Mobile	1	[{"added": {}}]	14	1
1053	2025-07-10 09:04:59.656164+00	698	PUBG Triger LX (12345678960) - Accessories - Mobile	1	[{"added": {}}]	14	1
1054	2025-07-10 09:06:46.678785+00	23	portal.trendzqtr.com: PO-26121	1	[{"added": {}}, {"added": {"name": "purchase item", "object": "LED SOFT RING LIGHT RL14 x 1"}}, {"added": {"name": "purchase item", "object": "RGB LED Softring Light - MJ36 x 1"}}, {"added": {"name": "purchase item", "object": "Lenovo Hanging Headphone x 2"}}, {"added": {"name": "purchase item", "object": "PUBG Triger LX x 2"}}]	19	1
1055	2025-07-10 09:12:25.565688+00	699	WASP Gaming Finger Sleeve (12345678961) - Accessories - Mobile	1	[{"added": {}}]	14	1
1056	2025-07-10 09:13:05.155779+00	1052	WASP Gaming Finger Sleeve x 5	1	[{"added": {}}]	21	1
1057	2025-07-10 09:15:17.77515+00	24	portal.trendzqtr.com: PO-25071004	1	[{"added": {}}]	19	1
1058	2025-07-10 09:22:11.130434+00	700	Apple Ear Pod A1472 (190198107077) - Accessories - Mobile	1	[{"added": {}}]	14	1
1059	2025-07-10 09:22:21.928675+00	1053	Apple Ear Pod A1472 x 1	1	[{"added": {}}]	21	1
1060	2025-07-10 09:22:31.882132+00	1053	Apple Ear Pod A1472 x 1	2	[]	21	1
1061	2025-07-10 09:24:18.830059+00	701	Apple Lightning to USB Cable A1480 (190199534865) - Accessories - Mobile	1	[{"added": {}}]	14	1
1062	2025-07-10 09:24:28.945703+00	1054	Apple Lightning to USB Cable A1480 x 1	1	[{"added": {}}]	21	1
1063	2025-07-10 09:26:07.741663+00	702	Apple USB Power Adapter 5W (194252034491) - Accessories - Mobile	1	[{"added": {}}]	14	1
1064	2025-07-10 09:26:14.209311+00	1055	Apple USB Power Adapter 5W x 1	1	[{"added": {}}]	21	1
1065	2025-07-10 09:30:39.212046+00	690	A2257 MAGNETIC CHARGER TO USB C 1M (190199291317) - Accessories - Mobile	2	[]	14	1
1066	2025-07-10 09:34:12.417523+00	1043	A2257 MAGNETIC CHARGER TO USB C 1M x 1	2	[{"changed": {"fields": ["Purchase order"]}}]	21	1
1067	2025-07-10 09:35:52.202737+00	1042	A 2140 MAGNETIC CHARGER TO USB -C CABLE 1M x 1	2	[{"changed": {"fields": ["Purchase order"]}}]	21	1
1068	2025-07-10 09:40:44.390264+00	1044	APPLE A2676 DUAL USB C PORT 35W POWER ADAPTER x 1	2	[{"changed": {"fields": ["Purchase order"]}}]	21	1
1069	2025-07-10 09:45:12.291547+00	702	Apple USB Power Adapter 5W A2128 (194252034491) - Accessories - Mobile	2	[{"changed": {"fields": ["Name", "Description"]}}]	14	1
1070	2025-07-10 09:45:49.949549+00	23	portal.trendzqtr.com: PO-26121	2	[]	19	1
1071	2025-07-10 09:48:21.429943+00	703	A1923G9 Apple Magnetic Charges to USB 1M (4549995053371) - Accessories - Mobile	1	[{"added": {}}]	14	1
1072	2025-07-10 09:48:39.891038+00	703	A1923G9 Apple Magnetic Charges to USB 1M (4549995053371) - Accessories - Mobile	2	[]	14	1
1073	2025-07-10 09:48:50.896518+00	1056	A1923G9 Apple Magnetic Charges to USB 1M x 1	1	[{"added": {}}]	21	1
1074	2025-07-10 09:51:15.404617+00	23	portal.trendzqtr.com: PO-26121	2	[{"changed": {"name": "purchase item", "object": "WASP Gaming Finger Sleeve x 5", "fields": ["Unit cost"]}}]	19	1
1075	2025-07-10 11:35:10.621389+00	704	Canon 2400XL Black (4549292004830) - Accessories - Printer	1	[{"added": {}}]	14	2
1076	2025-07-10 11:35:34.45292+00	1057	Canon 2400XL Black x 1	1	[{"added": {}}]	21	2
1077	2025-07-10 11:36:49.316041+00	705	Canon 2400XL Cyan (4549292005004) - Accessories - Printer	1	[{"added": {}}]	14	2
1078	2025-07-10 11:38:21.92773+00	1058	Canon 2400XL Cyan x 1	1	[{"added": {}}]	21	2
1079	2025-07-10 11:47:56.884549+00	706	Canon 2400XL Yellow (4549292005028) - Accessories - Printer	1	[{"added": {}}]	14	2
1080	2025-07-10 11:49:05.425029+00	1059	Canon 2400XL Yellow x 1	1	[{"added": {}}]	21	2
1081	2025-07-10 11:50:19.811942+00	707	Canon 2400XL Magenta (4549292005011) - Accessories - Printer	1	[{"added": {}}]	14	2
1082	2025-07-10 11:50:35.91366+00	1060	Canon 2400XL Magenta x 1	1	[{"added": {}}]	21	2
1083	2025-07-10 11:54:16.938684+00	708	Canon Pixma 41 PGBK (4549292169522) - Accessories - Printer	1	[{"added": {}}]	14	2
1084	2025-07-10 11:54:34.464479+00	1061	Canon Pixma 41 PGBK x 1	1	[{"added": {}}]	21	2
1085	2025-07-10 11:55:42.609651+00	709	Canon Pixma 41 cyan (4549292169768) - Accessories - Printer	1	[{"added": {}}]	14	2
1086	2025-07-10 11:56:06.138332+00	1062	Canon Pixma 41 cyan x 3	1	[{"added": {}}]	21	2
1087	2025-07-10 11:57:29.775758+00	710	Canon Pixma 41 Yellow (4549292169805) - Accessories - Printer	1	[{"added": {}}]	14	2
1088	2025-07-10 12:28:34.267298+00	1	portal.trendzqtr.com: Al Malika	1	[{"added": {}}]	20	2
1089	2025-07-10 12:29:06.448838+00	1	portal.trendzqtr.com: PO-25070101	1	[{"added": {}}]	19	2
1090	2025-07-10 12:33:23.635774+00	1	Canon Pixma 41 PGBK x 1	1	[{"added": {}}]	21	2
1091	2025-07-10 13:02:35.429267+00	711	POST COVER SMALL (20000POSTCOVER) - Accessories - Network	1	[{"added": {}}]	14	4
1092	2025-07-10 13:15:31.607449+00	2	portal.trendzqtr.com: SEVAN STAR	1	[{"added": {}}]	20	4
1093	2025-07-10 13:17:00.207082+00	2	portal.trendzqtr.com: PO-25070803	1	[{"added": {}}, {"added": {"name": "purchase item", "object": "POST COVER SMALL x 2"}}]	19	4
1094	2025-07-10 13:17:38.81364+00	3	POST COVER SMALL x 2	1	[{"added": {}}]	21	4
1095	2025-07-10 13:28:19.729159+00	712	Canon Pixma 41 Magenta (4549292169782) - Accessories - Printer	1	[{"added": {}}]	14	2
1096	2025-07-10 13:35:12.298141+00	713	Canon Maxify 1400XL Yellow (4549292004014) - Accessories - Printer	1	[{"added": {}}]	14	2
1097	2025-07-10 13:36:25.075885+00	710	Canon Pixma 41 Yellow (4549292169805) - Accessories - Printer	2	[{"changed": {"fields": ["Stock"]}}]	14	2
1098	2025-07-10 13:36:45.829132+00	709	Canon Pixma 41 cyan (4549292169768) - Accessories - Printer	2	[{"changed": {"fields": ["Stock"]}}]	14	2
1099	2025-07-10 13:37:12.288612+00	708	Canon Pixma 41 PGBK (4549292169522) - Accessories - Printer	2	[{"changed": {"fields": ["Stock"]}}]	14	2
1100	2025-07-10 13:40:05.749636+00	714	Hp GT52 Yellow (889296713135) - Accessories - Printer	1	[{"added": {}}]	14	2
1101	2025-07-10 13:41:01.597031+00	715	Hp GT52 Blk (192545527569) - Accessories - Printer	1	[{"added": {}}]	14	2
1102	2025-07-10 13:44:25.617135+00	714	Hp GT52 Yellow (889296713135) - Accessories - Printer	2	[{"changed": {"fields": ["Stock"]}}]	14	2
1103	2025-07-10 13:44:31.98712+00	714	Hp GT52 Yellow (889296713135) - Accessories - Printer	2	[]	14	2
1104	2025-07-10 13:44:42.996157+00	715	Hp GT52 Blk (192545527569) - Accessories - Printer	2	[{"changed": {"fields": ["Stock"]}}]	14	2
1324	2025-07-10 19:19:04.166324+00	12	portal.trendzqtr.com: PO-25070102	2	[]	19	5
1105	2025-07-10 13:45:48.615096+00	716	Hp GT52 Magenta (889296713128) - Accessories - Printer	1	[{"added": {}}]	14	2
1106	2025-07-10 13:47:01.111112+00	717	Hp GT52 Cyan (889296713111) - Accessories - Printer	1	[{"added": {}}]	14	2
1107	2025-07-10 13:51:24.688576+00	718	Epson 101 Yellow (8715946643410) - Accessories - Printer	1	[{"added": {}}]	14	2
1108	2025-07-10 13:54:40.912351+00	719	Epson 101 Blk (8715946643380) - Accessories - Printer	1	[{"added": {}}]	14	2
1109	2025-07-10 13:55:25.208572+00	720	Epson 101 Cyan (8715946643397) - Accessories - Printer	1	[{"added": {}}]	14	2
1110	2025-07-10 14:08:49.548121+00	721	Epson 003 Blk (8906049013167) - Accessories - Printer	1	[{"added": {}}]	14	2
1111	2025-07-10 14:09:32.377237+00	722	Epson 003 Magenta (8906049013181) - Accessories - Printer	1	[{"added": {}}]	14	2
1112	2025-07-10 14:10:22.409717+00	723	Epson 003 Cyan (8906049013174) - Accessories - Printer	1	[{"added": {}}]	14	2
1113	2025-07-10 14:11:46.904476+00	724	Epson 003 Yellow (8906049013198) - Accessories - Printer	1	[{"added": {}}]	14	2
1114	2025-07-10 14:13:59.796444+00	725	Epson 664 Yellow (8906049010241) - Accessories - Printer	1	[{"added": {}}]	14	2
1115	2025-07-10 14:16:11.555799+00	726	Epson 664 Blk (8906049010210) - Accessories - Printer	1	[{"added": {}}]	14	2
1116	2025-07-10 14:17:57.292261+00	727	Epson 664 Cyan (8906049010227) - Accessories - Printer	1	[{"added": {}}]	14	2
1117	2025-07-10 14:18:41.278515+00	728	Epson 664 Magenta (8906049010234) - Accessories - Printer	1	[{"added": {}}]	14	2
1118	2025-07-10 14:23:01.435526+00	729	Brother LC3719XL BK (4977766767750) - Accessories - Printer	1	[{"added": {}}]	14	2
1119	2025-07-10 14:23:39.483074+00	730	Brother LC3719XL C (4977766767767) - Accessories - Printer	1	[{"added": {}}]	14	2
1120	2025-07-10 14:24:13.327102+00	731	Brother LC3719XL Y (4977766767781) - Accessories - Printer	1	[{"added": {}}]	14	2
1121	2025-07-10 14:24:53.527454+00	732	Brother LC3719XL M (4977766767774) - Accessories - Printer	1	[{"added": {}}]	14	2
1122	2025-07-10 14:25:59.566445+00	728	Epson 664 Magenta (8906049010234) - Accessories - Printer	2	[{"changed": {"fields": ["Stock"]}}]	14	2
1123	2025-07-10 14:29:22.006696+00	733	Brother LC3717BK (4977766767712) - Accessories - Printer	1	[{"added": {}}]	14	2
1124	2025-07-10 14:31:44.875499+00	734	Brother LC3717C (4977766767729) - Accessories - Printer	1	[{"added": {}}]	14	2
1125	2025-07-10 14:32:25.098793+00	735	Brother LC3717M (4977766767736) - Accessories - Printer	1	[{"added": {}}]	14	2
1126	2025-07-10 14:35:49.812391+00	736	Brother LC3717Y (4977766767743) - Accessories - Printer	1	[{"added": {}}]	14	2
1127	2025-07-10 14:38:49.715556+00	679	Epson 103 Magenta (8715946655864) - Accessories - Printer	2	[{"changed": {"fields": ["Stock"]}}]	14	2
1128	2025-07-10 14:39:00.701165+00	678	Epson 103 Yellow (8715946655871) - Accessories - Printer	2	[{"changed": {"fields": ["Stock"]}}]	14	2
1129	2025-07-10 14:39:00.703586+00	677	Epson 103 Blk (8715946655840) - Accessories - Printer	2	[{"changed": {"fields": ["Stock"]}}]	14	2
1130	2025-07-10 14:39:00.705646+00	676	Epson 103 Cyan (8715946655857) - Accessories - Printer	2	[{"changed": {"fields": ["Stock"]}}]	14	2
1131	2025-07-10 14:40:48.066662+00	679	Epson 103 Magenta (8715946655864) - Accessories - Printer	2	[{"changed": {"fields": ["Stock"]}}]	14	2
1132	2025-07-10 14:41:21.646693+00	678	Epson 103 Yellow (8715946655871) - Accessories - Printer	2	[{"changed": {"fields": ["Stock"]}}]	14	2
1133	2025-07-10 14:43:40.408573+00	676	Epson 103 Cyan (8715946655857) - Accessories - Printer	2	[{"changed": {"fields": ["Stock"]}}]	14	2
1134	2025-07-10 14:44:05.503541+00	677	Epson 103 Blk (8715946655840) - Accessories - Printer	2	[{"changed": {"fields": ["Stock"]}}]	14	2
1135	2025-07-10 14:46:09.743137+00	674	Brother BT 5000 Cyan (4977766748131) - Accessories - Printer	2	[{"changed": {"fields": ["Stock"]}}]	14	2
1136	2025-07-10 14:46:49.703954+00	675	Brother BT 5000 Magenta (4977766748148) - Accessories - Printer	2	[{"changed": {"fields": ["Stock"]}}]	14	2
1137	2025-07-10 14:48:52.422925+00	737	Epson LQ-590 (010343605480) - Accessories - Printer	1	[{"added": {}}]	14	2
1138	2025-07-10 14:49:06.260404+00	737	Epson LQ-590 (010343605480) - Accessories - Printer	2	[]	14	2
1139	2025-07-10 14:49:33.708182+00	737	Epson LQ-590 / S015337 (010343605480) - Accessories - Printer	2	[{"changed": {"fields": ["Name"]}}]	14	2
1140	2025-07-10 14:54:30.96755+00	738	Epson LQ-300/350/S015633 (8715946522081) - Accessories - Printer	1	[{"added": {}}]	14	2
1141	2025-07-10 14:56:49.315327+00	739	Brother LC472BK (4977766816441) - Accessories - Printer	1	[{"added": {}}]	14	2
1142	2025-07-10 14:57:40.790963+00	740	Brother LC472M (4977766816465) - Accessories - Printer	1	[{"added": {}}]	14	2
1143	2025-07-10 14:58:10.741279+00	741	Brother LC472C (4977766816458) - Accessories - Printer	1	[{"added": {}}]	14	2
1144	2025-07-10 14:58:41.590764+00	742	Brother LC472Y (4977766816472) - Accessories - Printer	1	[{"added": {}}]	14	2
1145	2025-07-10 15:06:32.169162+00	743	MOTHER BOARD REPAIR (800000A) - Services - Computer	1	[{"added": {}}]	14	4
1146	2025-07-10 15:13:32.330125+00	744	SOFTWARE UPDATE (800000B) - Services - Computer	1	[{"added": {}}]	14	4
1147	2025-07-10 15:44:10.854973+00	745	HP 207A Yellow (193905265152) - Accessories - Printer	1	[{"added": {}}]	14	2
1148	2025-07-10 15:45:16.997182+00	746	HP 207A Magenta (193905265169) - Accessories - Printer	1	[{"added": {}}]	14	2
1149	2025-07-10 15:46:37.561092+00	747	HP 415A BLK (192018046344) - Accessories - Printer	1	[{"added": {}}]	14	2
1150	2025-07-10 15:47:33.217568+00	748	HP 17A (889894797407) - Accessories - Printer	1	[{"added": {}}]	14	2
1151	2025-07-10 15:48:43.945304+00	749	HP 83A BLK (886112397692) - Accessories - Printer	1	[{"added": {}}]	14	2
1152	2025-07-10 15:48:52.541013+00	748	HP 17A BLK (889894797407) - Accessories - Printer	2	[{"changed": {"fields": ["Name"]}}]	14	2
1153	2025-07-10 15:50:08.634666+00	750	HP 203A Magenta (190781107118) - Accessories - Printer	1	[{"added": {}}]	14	2
1154	2025-07-10 15:50:53.782852+00	751	HP 203A Yellow (190781107101) - Accessories - Printer	1	[{"added": {}}]	14	2
1155	2025-07-10 15:51:57.072518+00	752	HP 410A Magenta (888793807538) - Accessories - Printer	1	[{"added": {}}]	14	2
1156	2025-07-10 15:52:47.508341+00	753	HP 410A Yellow (888793807521) - Accessories - Printer	1	[{"added": {}}]	14	2
1157	2025-07-10 15:54:01.370891+00	754	HP 410 Cyan (888793807514) - Accessories - Printer	1	[{"added": {}}]	14	2
1158	2025-07-10 16:36:54.165766+00	755	Brother 2405 Blk (4977766795340) - Accessories - Printer	1	[{"added": {}}]	14	2
1159	2025-07-10 16:37:30.978955+00	756	Brother 2305 Blk (4977766738156) - Accessories - Printer	1	[{"added": {}}]	14	2
1160	2025-07-10 16:38:31.131226+00	757	Brother TN273 BK (4977766791243) - Accessories - Printer	1	[{"added": {}}]	14	2
1161	2025-07-10 16:38:40.032667+00	756	Brother TN2305 Blk (4977766738156) - Accessories - Printer	2	[{"changed": {"fields": ["Name"]}}]	14	2
1162	2025-07-10 16:38:46.679245+00	755	Brother TN2405 Blk (4977766795340) - Accessories - Printer	2	[{"changed": {"fields": ["Name"]}}]	14	2
1163	2025-07-10 17:13:58.963923+00	758	Canon 069 Magenta (4549292196689) - Accessories - Printer	1	[{"added": {}}]	14	2
1164	2025-07-10 17:15:39.190786+00	758	Canon 069 Magenta (4549292196719) - Accessories - Printer	2	[{"changed": {"fields": ["Sku"]}}]	14	2
1165	2025-07-10 17:16:02.808993+00	759	Canon 069 Yellow (4549292196689) - Accessories - Printer	1	[{"added": {}}]	14	2
1166	2025-07-10 17:16:38.556111+00	758	Canon 069 Magenta (4549292196719) - Accessories - Printer	2	[]	14	2
1167	2025-07-10 17:16:43.369234+00	758	Canon 069 Magenta (4549292196719) - Accessories - Printer	2	[]	14	2
1168	2025-07-10 17:16:49.481547+00	759	Canon 069 Yellow (4549292196689) - Accessories - Printer	2	[]	14	2
1169	2025-07-10 17:17:34.247066+00	760	Canon 069 Blk (4549292196771) - Accessories - Printer	1	[{"added": {}}]	14	2
1170	2025-07-10 17:18:25.012992+00	761	Canon 069 Cyan (4549292196740) - Accessories - Printer	1	[{"added": {}}]	14	2
1171	2025-07-10 17:19:24.996583+00	762	Canon 067 Cyan (4549292187533) - Accessories - Printer	1	[{"added": {}}]	14	2
1172	2025-07-10 17:21:48.5075+00	763	Canon 731 Yellow (4960999904665) - Accessories - Printer	1	[{"added": {}}]	14	2
1173	2025-07-10 17:22:59.251708+00	764	Canon 731 Magenta (4960999904702) - Accessories - Printer	1	[{"added": {}}]	14	2
1174	2025-07-10 17:23:50.903399+00	765	Canon 731 Cyan (4960999904733) - Accessories - Printer	1	[{"added": {}}]	14	2
1175	2025-07-10 17:23:56.937493+00	764	Canon 731 Magenta (4960999904702) - Accessories - Printer	2	[]	14	2
1176	2025-07-10 17:27:39.746136+00	766	UPC TN273 Compatible Yellow (UW101968) - Accessories - Printer	1	[{"added": {}}]	14	2
1177	2025-07-10 17:28:13.130802+00	767	UPC TN273 Compatible Blk (UW101966) - Accessories - Printer	1	[{"added": {}}]	14	2
1178	2025-07-10 17:30:06.170156+00	768	UPC TN273 Compatible Magenta (UW101969) - Accessories - Printer	1	[{"added": {}}]	14	2
1179	2025-07-10 17:30:46.29827+00	769	UPC TN273 Compatible Cyan (UW101967) - Accessories - Printer	1	[{"added": {}}]	14	2
1180	2025-07-10 17:33:06.462613+00	64	Invoice #de5e07ca-5eec-4049-81ca-22944b77a9b1 - Walk In (12345678)	1	[{"added": {}}, {"added": {"name": "invoice item", "object": "APPLE 20W USB C POWER ADAPTER (1 x 120.00)"}}]	12	1
1181	2025-07-10 17:34:02.537718+00	770	UPC 131A Compatable Magenta (UPC01055) - Accessories - Printer	1	[{"added": {}}]	14	2
1182	2025-07-10 17:35:01.191563+00	771	UPC 131A CompatableYellow (UPC01054) - Accessories - Printer	1	[{"added": {}}]	14	2
1183	2025-07-10 17:35:12.345987+00	766	UPC World TN273 Compatible Yellow (UW101968) - Accessories - Printer	2	[{"changed": {"fields": ["Name"]}}]	14	2
1184	2025-07-10 17:35:25.961539+00	767	UPC World TN273 Compatible Blk (UW101966) - Accessories - Printer	2	[{"changed": {"fields": ["Name"]}}]	14	2
1185	2025-07-10 17:35:36.716514+00	768	UPCWorld TN273 Compatible Magenta (UW101969) - Accessories - Printer	2	[{"changed": {"fields": ["Name"]}}]	14	2
1186	2025-07-10 17:35:46.441925+00	769	UPC World TN273 Compatible Cyan (UW101967) - Accessories - Printer	2	[{"changed": {"fields": ["Name"]}}]	14	2
1187	2025-07-10 17:36:33.358468+00	772	UPC 131A Compatable Cyan (UPC01053) - Accessories - Printer	1	[{"added": {}}]	14	2
1188	2025-07-10 17:37:17.445873+00	773	UPC 131A Compatable BlkUPC01052 (UPC01052) - Accessories - Printer	1	[{"added": {}}]	14	2
1189	2025-07-10 17:41:28.537084+00	774	UP TN273 Magenta (UP8000055) - Accessories - Printer	1	[{"added": {}}]	14	2
1190	2025-07-10 17:46:56.093761+00	775	Multicolour 131A Compatable Cyan (12345678980) - Accessories - Printer	1	[{"added": {}}]	14	2
1191	2025-07-10 17:47:46.565324+00	776	Multicolour 131A Compatable Blk (12345678981) - Accessories - Printer	1	[{"added": {}}]	14	2
1192	2025-07-10 17:48:22.534204+00	777	Multicolour 131A Compatable Yellow (12345678982) - Accessories - Printer	1	[{"added": {}}]	14	2
1193	2025-07-10 17:51:12.357333+00	778	Reliable 131A Compatble Magenta (12345678983) - Accessories - Printer	1	[{"added": {}}]	14	2
1194	2025-07-10 17:51:41.896816+00	778	Reliable 131A Compatble Magenta (12345678983) - Accessories - Printer	2	[{"changed": {"fields": ["Description", "Cost price"]}}]	14	2
1195	2025-07-10 17:52:46.905123+00	779	Reliable 131A Compatble Yellow (12345678984) - Accessories - Printer	1	[{"added": {}}]	14	2
1196	2025-07-10 17:53:21.718013+00	780	Reliable 131A Compatable Cyan (12345678985) - Accessories - Printer	1	[{"added": {}}]	14	2
1197	2025-07-10 17:55:57.263043+00	781	Reliable MLT- D101 Blk (200003) - Accessories - Printer	1	[{"added": {}}]	14	2
1198	2025-07-10 18:16:18.373282+00	782	Reliable 201A Cyan (200005) - Accessories - Printer	1	[{"added": {}}]	14	2
1199	2025-07-10 18:16:55.522618+00	782	Reliable 201A Cyan (200005) - Accessories - Printer	2	[]	14	2
1200	2025-07-10 18:17:42.360405+00	783	Reliable 201A Yellow (200004) - Accessories - Printer	1	[{"added": {}}]	14	2
1201	2025-07-10 18:18:26.903008+00	784	Reliable 201A Magenta (200006) - Accessories - Printer	1	[{"added": {}}]	14	2
1202	2025-07-10 18:20:19.14308+00	785	Multicolour 201A Compatable Yellow (6942552392230) - Accessories - Printer	1	[{"added": {}}]	14	2
1203	2025-07-10 18:20:57.302195+00	786	Multicolour 201A Compatable Magenta (6942552392247) - Accessories - Printer	1	[{"added": {}}]	14	2
1204	2025-07-10 18:21:56.842748+00	787	Multicolour 201A Compatable Cyan (12345678986) - Accessories - Printer	1	[{"added": {}}]	14	2
1205	2025-07-10 18:22:04.461611+00	785	Multicolour 201A Compatable Yellow (6942552392230) - Accessories - Printer	2	[]	14	2
1206	2025-07-10 18:24:14.97464+00	788	Elle 201A Compatable Cyan (12345678987) - Accessories - Printer	1	[{"added": {}}]	14	2
1207	2025-07-10 18:24:46.447598+00	783	Reliable 201A Yellow (200004) - Accessories - Printer	2	[{"changed": {"fields": ["Stock"]}}]	14	2
1208	2025-07-10 18:26:20.17652+00	789	Golden Star TN2405 Compatable Blk (6936904789397) - Accessories - Printer	1	[{"added": {}}]	14	2
1209	2025-07-10 18:28:39.278879+00	790	4X 201A Compatable Blk (12345678988) - Accessories - Printer	1	[{"added": {}}]	14	2
1210	2025-07-10 18:30:37.675503+00	791	UPC World Compatable  406 Blk (UW100270) - Accessories - Printer	1	[{"added": {}}]	14	2
1211	2025-07-10 18:32:42.025898+00	712	Canon Pixma 41 Magenta (4549292169782) - Accessories - Printer	2	[{"changed": {"fields": ["Stock"]}}]	14	2
1212	2025-07-10 18:33:05.386768+00	712	Canon Pixma 41 Magenta (4549292169782) - Accessories - Printer	2	[{"changed": {"fields": ["Cost price"]}}]	14	2
1213	2025-07-10 18:33:38.133163+00	713	Canon Maxify 1400XL Yellow (4549292004014) - Accessories - Printer	2	[{"changed": {"fields": ["Stock"]}}]	14	2
1214	2025-07-10 18:33:57.963494+00	714	Hp GT52 Yellow (889296713135) - Accessories - Printer	2	[{"changed": {"fields": ["Stock"]}}]	14	2
1215	2025-07-10 18:34:24.115776+00	715	Hp GT52 Blk (192545527569) - Accessories - Printer	2	[{"changed": {"fields": ["Cost price", "Stock"]}}]	14	2
1216	2025-07-10 18:34:38.549463+00	716	Hp GT52 Magenta (889296713128) - Accessories - Printer	2	[{"changed": {"fields": ["Stock"]}}]	14	2
1217	2025-07-10 18:34:54.747849+00	717	Hp GT52 Cyan (889296713111) - Accessories - Printer	2	[{"changed": {"fields": ["Stock"]}}]	14	2
1218	2025-07-10 18:35:08.183269+00	719	Epson 101 Blk (8715946643380) - Accessories - Printer	2	[{"changed": {"fields": ["Stock"]}}]	14	2
1402	2025-07-10 20:27:38.407778+00	190	Mac 87W Usb C Adapter x 1	1	[{"added": {}}]	21	2
1219	2025-07-10 18:35:20.585903+00	720	Epson 101 Cyan (8715946643397) - Accessories - Printer	2	[{"changed": {"fields": ["Stock"]}}]	14	2
1220	2025-07-10 18:35:41.697704+00	721	Epson 003 Blk (8906049013167) - Accessories - Printer	2	[{"changed": {"fields": ["Stock"]}}]	14	2
1221	2025-07-10 18:36:08.053938+00	722	Epson 003 Magenta (8906049013181) - Accessories - Printer	2	[{"changed": {"fields": ["Stock"]}}]	14	2
1222	2025-07-10 18:36:20.924646+00	723	Epson 003 Cyan (8906049013174) - Accessories - Printer	2	[{"changed": {"fields": ["Stock"]}}]	14	2
1223	2025-07-10 18:36:33.935595+00	724	Epson 003 Yellow (8906049013198) - Accessories - Printer	2	[{"changed": {"fields": ["Stock"]}}]	14	2
1224	2025-07-10 18:36:53.557722+00	726	Epson 664 Blk (8906049010210) - Accessories - Printer	2	[{"changed": {"fields": ["Stock"]}}]	14	2
1225	2025-07-10 18:37:07.388743+00	727	Epson 664 Cyan (8906049010227) - Accessories - Printer	2	[{"changed": {"fields": ["Stock"]}}]	14	2
1226	2025-07-10 18:37:17.938394+00	728	Epson 664 Magenta (8906049010234) - Accessories - Printer	2	[{"changed": {"fields": ["Stock"]}}]	14	2
1227	2025-07-10 18:37:31.122565+00	729	Brother LC3719XL BK (4977766767750) - Accessories - Printer	2	[{"changed": {"fields": ["Stock"]}}]	14	2
1228	2025-07-10 18:37:42.870709+00	730	Brother LC3719XL C (4977766767767) - Accessories - Printer	2	[{"changed": {"fields": ["Stock"]}}]	14	2
1229	2025-07-10 18:38:25.186749+00	731	Brother LC3719XL Y (4977766767781) - Accessories - Printer	2	[{"changed": {"fields": ["Stock"]}}]	14	2
1230	2025-07-10 18:38:38.928609+00	732	Brother LC3719XL M (4977766767774) - Accessories - Printer	2	[{"changed": {"fields": ["Stock"]}}]	14	2
1231	2025-07-10 18:39:16.679083+00	733	Brother LC3717BK (4977766767712) - Accessories - Printer	2	[{"changed": {"fields": ["Stock"]}}]	14	2
1232	2025-07-10 18:39:33.238853+00	734	Brother LC3717C (4977766767729) - Accessories - Printer	2	[{"changed": {"fields": ["Stock"]}}]	14	2
1233	2025-07-10 18:39:46.598222+00	735	Brother LC3717M (4977766767736) - Accessories - Printer	2	[{"changed": {"fields": ["Stock"]}}]	14	2
1234	2025-07-10 18:40:03.227249+00	736	Brother LC3717Y (4977766767743) - Accessories - Printer	2	[{"changed": {"fields": ["Stock"]}}]	14	2
1235	2025-07-10 18:40:24.510653+00	679	Epson 103 Magenta (8715946655864) - Accessories - Printer	2	[{"changed": {"fields": ["Stock"]}}]	14	2
1236	2025-07-10 18:40:57.42292+00	678	Epson 103 Yellow (8715946655871) - Accessories - Printer	2	[{"changed": {"fields": ["Stock"]}}]	14	2
1237	2025-07-10 18:41:13.620796+00	676	Epson 103 Cyan (8715946655857) - Accessories - Printer	2	[{"changed": {"fields": ["Stock"]}}]	14	2
1238	2025-07-10 18:41:29.361865+00	677	Epson 103 Blk (8715946655840) - Accessories - Printer	2	[{"changed": {"fields": ["Stock"]}}]	14	2
1239	2025-07-10 18:41:46.602423+00	673	Brother BT D60 blk (4977766786324) - Accessories - Printer	2	[{"changed": {"fields": ["Stock"]}}]	14	2
1240	2025-07-10 18:42:01.879707+00	674	Brother BT 5000 Cyan (4977766748131) - Accessories - Printer	2	[{"changed": {"fields": ["Stock"]}}]	14	2
1241	2025-07-10 18:42:14.099747+00	675	Brother BT 5000 Magenta (4977766748148) - Accessories - Printer	2	[{"changed": {"fields": ["Stock"]}}]	14	2
1242	2025-07-10 18:42:29.248381+00	737	Epson LQ-590 / S015337 (010343605480) - Accessories - Printer	2	[]	14	2
1243	2025-07-10 18:42:32.93964+00	62	Invoice #INV-2025-0047 - CUTOMER (30300403)	2	[{"changed": {"fields": ["Status"]}}]	12	4
1244	2025-07-10 18:42:45.190937+00	737	Epson LQ-590 / S015337 (010343605480) - Accessories - Printer	2	[{"changed": {"fields": ["Stock"]}}]	14	2
1245	2025-07-10 18:43:02.175553+00	738	Epson LQ-300/350/S015633 (8715946522081) - Accessories - Printer	2	[{"changed": {"fields": ["Stock"]}}]	14	2
1246	2025-07-10 18:43:19.164282+00	739	Brother LC472BK (4977766816441) - Accessories - Printer	2	[{"changed": {"fields": ["Stock"]}}]	14	2
1247	2025-07-10 18:43:34.580245+00	740	Brother LC472M (4977766816465) - Accessories - Printer	2	[{"changed": {"fields": ["Stock"]}}]	14	2
1248	2025-07-10 18:43:47.357728+00	741	Brother LC472C (4977766816458) - Accessories - Printer	2	[{"changed": {"fields": ["Stock"]}}]	14	2
1249	2025-07-10 18:44:30.649183+00	742	Brother LC472Y (4977766816472) - Accessories - Printer	2	[{"changed": {"fields": ["Stock"]}}]	14	2
1250	2025-07-10 18:44:45.988224+00	745	HP 207A Yellow (193905265152) - Accessories - Printer	2	[{"changed": {"fields": ["Stock"]}}]	14	2
1251	2025-07-10 18:45:39.757614+00	745	HP 207A Yellow (193905265152) - Accessories - Printer	2	[]	14	2
1252	2025-07-10 18:45:50.976419+00	746	HP 207A Magenta (193905265169) - Accessories - Printer	2	[{"changed": {"fields": ["Stock"]}}]	14	2
1253	2025-07-10 18:46:04.306096+00	747	HP 415A BLK (192018046344) - Accessories - Printer	2	[{"changed": {"fields": ["Stock"]}}]	14	2
1254	2025-07-10 18:46:23.383362+00	748	HP 17A BLK (889894797407) - Accessories - Printer	2	[{"changed": {"fields": ["Stock"]}}]	14	2
1255	2025-07-10 18:46:35.519795+00	749	HP 83A BLK (886112397692) - Accessories - Printer	2	[{"changed": {"fields": ["Stock"]}}]	14	2
1256	2025-07-10 18:46:51.14651+00	750	HP 203A Magenta (190781107118) - Accessories - Printer	2	[{"changed": {"fields": ["Stock"]}}]	14	2
1257	2025-07-10 18:47:04.206177+00	751	HP 203A Yellow (190781107101) - Accessories - Printer	2	[{"changed": {"fields": ["Stock"]}}]	14	2
1258	2025-07-10 18:47:18.593148+00	752	HP 410A Magenta (888793807538) - Accessories - Printer	2	[{"changed": {"fields": ["Stock"]}}]	14	2
1259	2025-07-10 18:47:31.23517+00	753	HP 410A Yellow (888793807521) - Accessories - Printer	2	[{"changed": {"fields": ["Stock"]}}]	14	2
1260	2025-07-10 18:47:43.640586+00	754	HP 410 Cyan (888793807514) - Accessories - Printer	2	[{"changed": {"fields": ["Stock"]}}]	14	2
1261	2025-07-10 18:47:59.606949+00	755	Brother TN2405 Blk (4977766795340) - Accessories - Printer	2	[{"changed": {"fields": ["Stock"]}}]	14	2
1262	2025-07-10 18:48:16.076119+00	756	Brother TN2305 Blk (4977766738156) - Accessories - Printer	2	[{"changed": {"fields": ["Stock"]}}]	14	2
1263	2025-07-10 18:48:47.457373+00	757	Brother TN273 BK (4977766791243) - Accessories - Printer	2	[{"changed": {"fields": ["Stock"]}}]	14	2
1264	2025-07-10 18:48:59.127696+00	758	Canon 069 Magenta (4549292196719) - Accessories - Printer	2	[{"changed": {"fields": ["Stock"]}}]	14	2
1265	2025-07-10 18:49:12.129775+00	759	Canon 069 Yellow (4549292196689) - Accessories - Printer	2	[{"changed": {"fields": ["Stock"]}}]	14	2
1266	2025-07-10 18:49:24.76103+00	760	Canon 069 Blk (4549292196771) - Accessories - Printer	2	[{"changed": {"fields": ["Stock"]}}]	14	2
1267	2025-07-10 18:49:36.315615+00	761	Canon 069 Cyan (4549292196740) - Accessories - Printer	2	[{"changed": {"fields": ["Stock"]}}]	14	2
1268	2025-07-10 18:50:00.259074+00	762	Canon 067 Cyan (4549292187533) - Accessories - Printer	2	[{"changed": {"fields": ["Stock"]}}]	14	2
1269	2025-07-10 18:50:09.264784+00	64	Invoice #de5e07ca-5eec-4049-81ca-22944b77a9b1 - Walk In (12345678)	3		12	1
1270	2025-07-10 18:50:18.705842+00	763	Canon 731 Yellow (4960999904665) - Accessories - Printer	2	[{"changed": {"fields": ["Stock"]}}]	14	2
1271	2025-07-10 18:50:36.956766+00	764	Canon 731 Magenta (4960999904702) - Accessories - Printer	2	[{"changed": {"fields": ["Stock"]}}]	14	2
1272	2025-07-10 18:50:47.582549+00	765	Canon 731 Cyan (4960999904733) - Accessories - Printer	2	[{"changed": {"fields": ["Stock"]}}]	14	2
1273	2025-07-10 18:51:01.666523+00	766	UPC World TN273 Compatible Yellow (UW101968) - Accessories - Printer	2	[{"changed": {"fields": ["Stock"]}}]	14	2
1274	2025-07-10 18:51:16.043443+00	58	Invoice #INV-2025-0043 - Walk In (12345678)	3		12	1
1275	2025-07-10 18:51:18.313374+00	767	UPC World TN273 Compatible Blk (UW101966) - Accessories - Printer	2	[{"changed": {"fields": ["Stock"]}}]	14	2
1276	2025-07-10 18:51:29.563114+00	768	UPCWorld TN273 Compatible Magenta (UW101969) - Accessories - Printer	2	[{"changed": {"fields": ["Stock"]}}]	14	2
1277	2025-07-10 18:51:41.272678+00	769	UPC World TN273 Compatible Cyan (UW101967) - Accessories - Printer	2	[{"changed": {"fields": ["Stock"]}}]	14	2
1278	2025-07-10 18:51:58.090243+00	770	UPC 131A Compatable Magenta (UPC01055) - Accessories - Printer	2	[{"changed": {"fields": ["Stock"]}}]	14	2
1279	2025-07-10 18:52:10.764749+00	771	UPC 131A CompatableYellow (UPC01054) - Accessories - Printer	2	[]	14	2
1280	2025-07-10 18:52:19.331937+00	771	UPC 131A CompatableYellow (UPC01054) - Accessories - Printer	2	[{"changed": {"fields": ["Stock"]}}]	14	2
1281	2025-07-10 18:52:23.357346+00	792	Asus 19V 2.37A 4.0MM 1.35MM Adapter (123456789101) - Accessories - Computer	1	[{"added": {}}]	14	2
1282	2025-07-10 18:52:36.579836+00	772	UPC 131A Compatable Cyan (UPC01053) - Accessories - Printer	2	[{"changed": {"fields": ["Stock"]}}]	14	2
1283	2025-07-10 18:52:46.29486+00	1	Asus 19V 2.37A 4.0MM 1.35MM Adapter x 5	2	[{"changed": {"fields": ["Product", "Quantity", "Unit cost"]}}]	21	2
1284	2025-07-10 18:52:49.617485+00	773	UPC 131A Compatable BlkUPC01052 (UPC01052) - Accessories - Printer	2	[{"changed": {"fields": ["Stock"]}}]	14	2
1286	2025-07-10 18:53:01.821374+00	774	UP TN273 Magenta (UP8000055) - Accessories - Printer	2	[{"changed": {"fields": ["Stock"]}}]	14	2
1287	2025-07-10 18:53:12.486178+00	775	Multicolour 131A Compatable Cyan (12345678980) - Accessories - Printer	2	[{"changed": {"fields": ["Stock"]}}]	14	2
1288	2025-07-10 18:53:23.818773+00	776	Multicolour 131A Compatable Blk (12345678981) - Accessories - Printer	2	[{"changed": {"fields": ["Stock"]}}]	14	2
1289	2025-07-10 18:53:34.483547+00	777	Multicolour 131A Compatable Yellow (12345678982) - Accessories - Printer	2	[{"changed": {"fields": ["Stock"]}}]	14	2
1290	2025-07-10 18:53:47.138015+00	778	Reliable 131A Compatble Magenta (12345678983) - Accessories - Printer	2	[{"changed": {"fields": ["Stock"]}}]	14	2
1291	2025-07-10 18:54:03.177654+00	779	Reliable 131A Compatble Yellow (12345678984) - Accessories - Printer	2	[{"changed": {"fields": ["Stock"]}}]	14	2
1292	2025-07-10 18:54:30.794659+00	780	Reliable 131A Compatable Cyan (12345678985) - Accessories - Printer	2	[{"changed": {"fields": ["Stock"]}}]	14	2
1293	2025-07-10 18:54:42.116765+00	781	Reliable MLT- D101 Blk (200003) - Accessories - Printer	2	[{"changed": {"fields": ["Stock"]}}]	14	2
1294	2025-07-10 18:54:57.125001+00	782	Reliable 201A Cyan (200005) - Accessories - Printer	2	[{"changed": {"fields": ["Stock"]}}]	14	2
1295	2025-07-10 18:55:11.093676+00	783	Reliable 201A Yellow (200004) - Accessories - Printer	2	[{"changed": {"fields": ["Stock"]}}]	14	2
1297	2025-07-10 18:55:30.441322+00	784	Reliable 201A Magenta (200006) - Accessories - Printer	2	[{"changed": {"fields": ["Stock"]}}]	14	2
1298	2025-07-10 18:55:44.120282+00	785	Multicolour 201A Compatable Yellow (6942552392230) - Accessories - Printer	2	[{"changed": {"fields": ["Stock"]}}]	14	2
1299	2025-07-10 18:55:55.976904+00	786	Multicolour 201A Compatable Magenta (6942552392247) - Accessories - Printer	2	[{"changed": {"fields": ["Stock"]}}]	14	2
1300	2025-07-10 18:56:09.809748+00	787	Multicolour 201A Compatable Cyan (12345678986) - Accessories - Printer	2	[{"changed": {"fields": ["Stock"]}}]	14	2
1301	2025-07-10 18:56:22.724379+00	788	Elle 201A Compatable Cyan (12345678987) - Accessories - Printer	2	[{"changed": {"fields": ["Stock"]}}]	14	2
1302	2025-07-10 18:56:34.921427+00	789	Golden Star TN2405 Compatable Blk (6936904789397) - Accessories - Printer	2	[{"changed": {"fields": ["Stock"]}}]	14	2
1303	2025-07-10 18:56:49.567579+00	790	4X 201A Compatable Blk (12345678988) - Accessories - Printer	2	[{"changed": {"fields": ["Stock"]}}]	14	2
1304	2025-07-10 18:57:39.288381+00	793	Samsung 14V 3A 6.5MM 4.4MM Adapter (123456789102) - Accessories - Computer	1	[{"added": {}}]	14	2
1305	2025-07-10 18:57:53.392918+00	53	Samsung 14V 3A 6.5MM 4.4MM Adapter x 4	1	[{"added": {}}]	21	2
1306	2025-07-10 19:00:29.99235+00	794	Lazer 273 Compatable Magenta (2000011) - Accessories - Printer	1	[{"added": {}}]	14	2
1307	2025-07-10 19:01:33.575749+00	795	Sony 19V 4.7A 6.5MM 4.4MM Adapter (123456789103) - Accessories - Computer	1	[{"added": {}}]	14	2
1308	2025-07-10 19:01:36.064611+00	791	UPC World Compatable  406 Blk (UW100270) - Accessories - Printer	2	[{"changed": {"fields": ["Stock"]}}]	14	2
1309	2025-07-10 19:03:03.844551+00	796	Multicolour TN273 Compatable Magenta (12345678989) - Accessories - Printer	1	[{"added": {}}]	14	2
1310	2025-07-10 19:04:02.92353+00	54	Sony 19V 4.7A 6.5MM 4.4MM Adapter x 5	1	[{"added": {}}]	21	2
1311	2025-07-10 19:04:30.571384+00	797	UPC World 410 Magenta (UW100074) - Accessories - Printer	1	[{"added": {}}]	14	2
1312	2025-07-10 19:05:49.803317+00	798	UPC World 410 Blk (UW100071) - Accessories - Printer	1	[{"added": {}}]	14	2
1313	2025-07-10 19:07:06.443425+00	799	Acer 19V 3.42A 3.0MM 1.1MM Adapter (123456789104) - Accessories - Computer	1	[{"added": {}}]	14	2
1314	2025-07-10 19:08:02.775353+00	55	Acer 19V 3.42A 3.0MM 1.1MM Adapter x 11	1	[{"added": {}}]	21	2
1315	2025-07-10 19:10:06.611029+00	800	Lenovo 20V 3.25A 5.5MM 2.5MM Adapter (123456789105) - Accessories - Computer	1	[{"added": {}}]	14	2
1316	2025-07-10 19:10:43.718747+00	56	Lenovo 20V 3.25A 5.5MM 2.5MM Adapter x 13	1	[{"added": {}}]	21	2
1317	2025-07-10 19:13:27.255862+00	801	Lenovo Usb 20V 3.25A  Adapter (123456789106) - Accessories - Computer	1	[{"added": {}}]	14	2
1318	2025-07-10 19:13:43.949315+00	57	Lenovo Usb 20V 3.25A  Adapter x 13	1	[{"added": {}}]	21	2
1319	2025-07-10 19:17:00.800977+00	667	CANON Maxify 1400XL CYAN (4549292003994) - Accessories - Printer	2	[{"changed": {"fields": ["Name", "Stock"]}}]	14	5
1320	2025-07-10 19:17:25.382916+00	12	portal.trendzqtr.com: PO-25070102	1	[{"added": {}}, {"added": {"name": "purchase item", "object": "Canon Maxify 1400XL Yellow x 2"}}, {"added": {"name": "purchase item", "object": "CANON Maxify 1400XL CYAN x 2"}}]	19	5
1321	2025-07-10 19:18:04.04797+00	1	portal.trendzqtr.com: PO-25070101	2	[{"changed": {"fields": ["Status"]}}]	19	1
1322	2025-07-10 19:18:12.289386+00	1	portal.trendzqtr.com: PO-25070101	2	[{"changed": {"fields": ["Status"]}}]	19	1
1323	2025-07-10 19:18:55.872862+00	12	portal.trendzqtr.com: PO-25070102	2	[{"added": {"name": "purchase item", "object": "Canon 2400XL Cyan x 1"}}, {"added": {"name": "purchase item", "object": "Canon 2400XL Yellow x 1"}}, {"added": {"name": "purchase item", "object": "Canon 2400XL Magenta x 1"}}, {"added": {"name": "purchase item", "object": "Canon 2400XL Black x 1"}}]	19	5
1325	2025-07-10 19:19:12.537544+00	1	Asus 19V 2.37A 4.0MM 1.35MM Adapter x 7	2	[{"changed": {"fields": ["Quantity"]}}]	21	1
1326	2025-07-10 19:19:44.141516+00	658	CANON 450 PGBK (4960999904597) - Accessories - Printer	2	[{"changed": {"fields": ["Category", "Stock"]}}]	14	5
1327	2025-07-10 19:22:02.940525+00	792	Asus 19V 2.37A 4.0MM 1.35MM Adapter (123456789101) - Accessories - Computer	2	[]	14	1
1328	2025-07-10 19:23:54.767923+00	802	Asus 19V 3.42A 3.0MM 1.1MM Adapter (123456789107) - Accessories - Computer	1	[{"added": {}}]	14	2
1329	2025-07-10 19:24:12.03494+00	715	Hp GT53 Blk (192545527569) - Accessories - Printer	2	[{"changed": {"fields": ["Name"]}}]	14	5
1330	2025-07-10 19:26:13.781138+00	64	Asus 19V 3.42A 3.0MM 1.1MM Adapter x 4	1	[{"added": {}}]	21	2
1331	2025-07-10 19:27:56.135392+00	803	Asus 19V 3.42A 3.0MM 1.1MM Adapter (123456789108) - Accessories - Computer	1	[{"added": {}}]	14	2
1332	2025-07-10 19:28:06.551934+00	65	Asus 19V 3.42A 3.0MM 1.1MM Adapter x 3	1	[{"added": {}}]	21	2
1333	2025-07-10 19:29:32.125804+00	804	Asus 19V 3.42A 4.5MM 3.0MM Adapter (123456789109) - Accessories - Computer	1	[{"added": {}}]	14	2
1334	2025-07-10 19:29:48.802686+00	66	Asus 19V 3.42A 4.5MM 3.0MM Adapter x 5	1	[{"added": {}}]	21	2
1335	2025-07-10 19:32:09.235246+00	802	Asus 19V 3.42A 3.0MM 1.1MM Adapter (123456789107) - Accessories - Computer	2	[{"changed": {"fields": ["Stock"]}}]	14	2
1336	2025-07-10 19:32:33.063108+00	12	portal.trendzqtr.com: PO-25070102	2	[{"added": {"name": "purchase item", "object": "CANON 450 PGBK x 3"}}, {"added": {"name": "purchase item", "object": "Canon Pixma 41 Yellow x 5"}}, {"added": {"name": "purchase item", "object": "Canon Pixma 41 cyan x 3"}}, {"added": {"name": "purchase item", "object": "Canon Pixma 41 Magenta x 3"}}, {"added": {"name": "purchase item", "object": "Canon Pixma 490 Blk x 1"}}, {"added": {"name": "purchase item", "object": "Hp GT52 Yellow x 5"}}, {"added": {"name": "purchase item", "object": "Hp GT52 Magenta x 3"}}, {"added": {"name": "purchase item", "object": "Hp GT52 Cyan x 1"}}, {"added": {"name": "purchase item", "object": "Hp GT53 Blk x 5"}}, {"added": {"name": "purchase item", "object": "Epson 101 Cyan x 3"}}, {"added": {"name": "purchase item", "object": "Epson 101 Yellow x 1"}}, {"added": {"name": "purchase item", "object": "Epson 101 Blk x 1"}}, {"added": {"name": "purchase item", "object": "Brother LC3717BK x 3"}}, {"added": {"name": "purchase item", "object": "Brother LC3717C x 2"}}, {"added": {"name": "purchase item", "object": "Brother LC3717M x 2"}}, {"added": {"name": "purchase item", "object": "Brother LC3717Y x 3"}}, {"added": {"name": "purchase item", "object": "Brother LC3719XL BK x 2"}}, {"added": {"name": "purchase item", "object": "Brother LC3719XL C x 1"}}, {"added": {"name": "purchase item", "object": "Brother LC3719XL M x 1"}}, {"added": {"name": "purchase item", "object": "Brother LC3717Y x 1"}}]	19	5
1337	2025-07-10 19:35:27.432599+00	12	portal.trendzqtr.com: PO-25070102	2	[{"added": {"name": "purchase item", "object": "Epson 664 Blk x 2"}}, {"added": {"name": "purchase item", "object": "Epson 664 Yellow x 2"}}, {"added": {"name": "purchase item", "object": "Epson 664 Magenta x 1"}}, {"added": {"name": "purchase item", "object": "Epson 664 Cyan x 3"}}, {"added": {"name": "purchase item", "object": "Epson 003 Blk x 1"}}, {"added": {"name": "purchase item", "object": "Epson 003 Yellow x 1"}}, {"added": {"name": "purchase item", "object": "Epson 003 Magenta x 1"}}, {"added": {"name": "purchase item", "object": "Epson 003 Cyan x 1"}}]	19	5
1338	2025-07-10 19:37:08.798667+00	803	Asus 19V 3.42A 5.5MM 2.5MM Adapter (123456789108) - Accessories - Computer	2	[{"changed": {"fields": ["Name", "Description", "Stock"]}}]	14	2
1339	2025-07-10 19:37:22.062252+00	65	Asus 19V 3.42A 5.5MM 2.5MM Adapter x 10	2	[{"changed": {"fields": ["Quantity"]}}]	21	2
1340	2025-07-10 19:38:44.509235+00	805	Toshiba 19V 3.95A 5.5MM 2.5MM Adapter (123456789110) - Accessories - Computer	1	[{"added": {}}]	14	2
1341	2025-07-10 19:38:56.424079+00	95	Toshiba 19V 3.95A 5.5MM 2.5MM Adapter x 6	1	[{"added": {}}]	21	2
1342	2025-07-10 19:39:05.858658+00	12	portal.trendzqtr.com: PO-25070102	2	[{"added": {"name": "purchase item", "object": "Canon Pixma 490 Blk x 3"}}, {"added": {"name": "purchase item", "object": "Canon Pixma 490 Cyan x 2"}}, {"added": {"name": "purchase item", "object": "Canon Pixma 490 Yellow x 3"}}, {"added": {"name": "purchase item", "object": "Canon Pixma 490 Magenta x 3"}}, {"added": {"name": "purchase item", "object": "Brother LC472BK x 2"}}, {"added": {"name": "purchase item", "object": "Brother LC472Y x 1"}}, {"added": {"name": "purchase item", "object": "Brother LC472C x 1"}}, {"added": {"name": "purchase item", "object": "Brother LC472M x 1"}}, {"changed": {"name": "purchase item", "object": "Epson 664 Magenta x 2", "fields": ["Quantity"]}}]	19	5
1343	2025-07-10 19:42:14.708684+00	508	LQ 350 EPSON (8715946521886) - Printer	2	[{"changed": {"fields": ["Category"]}}]	14	5
1344	2025-07-10 19:42:53.389456+00	806	Dell 19.5V 3.34A 4.5MM 3.0MM Adapter (123456789111) - Accessories - Computer	1	[{"added": {}}]	14	2
1345	2025-07-10 19:43:30.834602+00	104	Dell 19.5V 3.34A 4.5MM 3.0MM Adapter x 13	1	[{"added": {}}]	21	2
1346	2025-07-10 19:44:49.447605+00	807	Dell 19.5V 4.62A 7.4MM 5.0MM Adapter (123456789112) - Accessories - Computer	1	[{"added": {}}]	14	2
1347	2025-07-10 19:45:06.796403+00	808	Epson LQ-690 (8715946430393) - Accessories - Printer	1	[{"added": {}}]	14	5
1348	2025-07-10 19:45:14.44671+00	12	portal.trendzqtr.com: PO-25070102	2	[{"added": {"name": "purchase item", "object": "Brother BT D60 blk x 1"}}, {"added": {"name": "purchase item", "object": "Brother BT 5000 Cyan x 1"}}, {"added": {"name": "purchase item", "object": "Brother BT 5000 Magenta x 1"}}, {"added": {"name": "purchase item", "object": "Epson 103 Blk x 1"}}, {"added": {"name": "purchase item", "object": "Epson 103 Cyan x 2"}}, {"added": {"name": "purchase item", "object": "Epson 103 Yellow x 1"}}, {"added": {"name": "purchase item", "object": "Epson 103 Magenta x 2"}}, {"added": {"name": "purchase item", "object": "Epson LQ-300/350/S015633 x 1"}}, {"added": {"name": "purchase item", "object": "Epson LQ-590 / S015337 x 2"}}, {"added": {"name": "purchase item", "object": "Epson LQ-690 x 4"}}]	19	5
1349	2025-07-10 19:45:24.568314+00	115	Dell 19.5V 4.62A 7.4MM 5.0MM Adapter x 14	1	[{"added": {}}]	21	2
1350	2025-07-10 19:47:18.496284+00	809	Hp  Blue Pin19.5V 3.33A 4.5MM 3.0MM Adapter (123456789113) - Accessories - Computer	1	[{"added": {}}]	14	2
1351	2025-07-10 19:47:31.724434+00	116	Hp  Blue Pin19.5V 3.33A 4.5MM 3.0MM Adapter x 9	1	[{"added": {}}]	21	2
1352	2025-07-10 19:47:35.230008+00	117	Hp  Blue Pin19.5V 3.33A 4.5MM 3.0MM Adapter x 9	1	[{"added": {}}]	21	2
1353	2025-07-10 19:49:22.79336+00	810	Hp 19V 4.74A 7.4MM 5.0MM Adapter (123456789114) - Accessories - Computer	1	[{"added": {}}]	14	2
1354	2025-07-10 19:49:33.939403+00	118	Hp 19V 4.74A 7.4MM 5.0MM Adapter x 8	1	[{"added": {}}]	21	2
1355	2025-07-10 19:52:03.4102+00	811	Lenovo 20V 2.54A Type C Adapter (123456789115) - Accessories - Computer	1	[{"added": {}}]	14	2
1398	2025-07-10 20:27:01.975552+00	841	SUPER TN1000 BLK (200007) - Accessories - Printer	1	[{"added": {}}]	14	5
1399	2025-07-10 20:27:09.870503+00	12	portal.trendzqtr.com: PO-25070102	2	[{"added": {"name": "purchase item", "object": "Multicolour 201A Compatable Magenta x 1"}}, {"added": {"name": "purchase item", "object": "Multicolour 201A Compatable Cyan x 1"}}, {"added": {"name": "purchase item", "object": "Multicolour 201A Compatable Yellow x 2"}}, {"added": {"name": "purchase item", "object": "Elle 201A Compatable Cyan x 1"}}, {"added": {"name": "purchase item", "object": "4X 201A Compatable Blk x 1"}}, {"added": {"name": "purchase item", "object": "Golden Star TN2405 Compatable Blk x 2"}}, {"added": {"name": "purchase item", "object": "Lazer 273 Compatable Magenta x 1"}}, {"added": {"name": "purchase item", "object": "UPC World Compatable  406 Blk x 1"}}, {"added": {"name": "purchase item", "object": "Multicolour TN273 Compatable Magenta x 1"}}, {"added": {"name": "purchase item", "object": "UPC World 410 Blk x 1"}}, {"added": {"name": "purchase item", "object": "UPC World 410 Magenta x 1"}}, {"added": {"name": "purchase item", "object": "4x 410A Cyan x 1"}}, {"added": {"name": "purchase item", "object": "4x 410 Magenta x 1"}}, {"added": {"name": "purchase item", "object": "4x 410A Yellow x 1"}}, {"added": {"name": "purchase item", "object": "4X 117A MAGENTA x 1"}}, {"added": {"name": "purchase item", "object": "4X 117A YELLOW x 1"}}, {"added": {"name": "purchase item", "object": "4X 117A CYAN x 1"}}, {"added": {"name": "purchase item", "object": "4X 117A BLK x 1"}}, {"added": {"name": "purchase item", "object": "UP 207A YELLOW x 1"}}, {"added": {"name": "purchase item", "object": "UP 207A MAGENTA x 2"}}, {"added": {"name": "purchase item", "object": "UP 207A CYAN x 2"}}, {"added": {"name": "purchase item", "object": "4X 05A BLK x 3"}}, {"added": {"name": "purchase item", "object": "UPC World 26A x 2"}}, {"added": {"name": "purchase item", "object": "Gustec 203 Yellow x 1"}}, {"added": {"name": "purchase item", "object": "Gustec 203 Cyan x 1"}}, {"added": {"name": "purchase item", "object": "Gustec 203 magenta x 1"}}, {"added": {"name": "purchase item", "object": "UP 069 BLK x 1"}}, {"added": {"name": "purchase item", "object": "UP 069 CYAN x 1"}}, {"added": {"name": "purchase item", "object": "UP 069 YELLOW x 1"}}, {"added": {"name": "purchase item", "object": "SUPER TN1000 BLK x 2"}}]	19	5
1356	2025-07-10 19:52:15.388126+00	12	portal.trendzqtr.com: PO-25070102	2	[{"added": {"name": "purchase item", "object": "HP 415A BLK x 1"}}, {"added": {"name": "purchase item", "object": "HP 83A BLK x 1"}}, {"added": {"name": "purchase item", "object": "HP 17A BLK x 1"}}, {"added": {"name": "purchase item", "object": "HP 410A Magenta x 1"}}, {"added": {"name": "purchase item", "object": "HP 410 Cyan x 1"}}, {"added": {"name": "purchase item", "object": "HP 410A Yellow x 1"}}, {"added": {"name": "purchase item", "object": "HP 203A Yellow x 1"}}, {"added": {"name": "purchase item", "object": "HP 203A Magenta x 1"}}, {"added": {"name": "purchase item", "object": "HP 207A Magenta x 1"}}, {"added": {"name": "purchase item", "object": "HP 207A Yellow x 2"}}, {"added": {"name": "purchase item", "object": "Brother TN2405 Blk x 1"}}, {"added": {"name": "purchase item", "object": "Brother TN2305 Blk x 1"}}, {"added": {"name": "purchase item", "object": "Brother TN273 BK x 1"}}, {"added": {"name": "purchase item", "object": "Canon 069 Blk x 1"}}, {"added": {"name": "purchase item", "object": "Canon 069 Cyan x 1"}}, {"added": {"name": "purchase item", "object": "Canon 069 Yellow x 1"}}, {"added": {"name": "purchase item", "object": "Canon 069 Magenta x 1"}}, {"added": {"name": "purchase item", "object": "Canon 067 Cyan x 1"}}]	19	5
1357	2025-07-10 19:52:17.185852+00	137	Lenovo 20V 2.54A Type C Adapter x 2	1	[{"added": {}}]	21	2
1358	2025-07-10 19:53:54.86381+00	800	Lenovo 20V 3.25A 5.5MM 2.5MM Adapter (123456789105) - Accessories - Computer	2	[]	14	2
1359	2025-07-10 19:54:10.573673+00	56	Lenovo 20V 3.25A 5.5MM 2.5MM Adapter x 15	2	[{"changed": {"fields": ["Quantity"]}}]	21	2
1360	2025-07-10 19:56:27.048094+00	812	Lenovo 20V 3.25A Type C 65W Adapter (123456789116) - Accessories - Computer	1	[{"added": {}}]	14	2
1361	2025-07-10 19:56:38.466526+00	138	Lenovo 20V 3.25A Type C 65W Adapter x 6	1	[{"added": {}}]	21	2
1362	2025-07-10 19:58:35.90938+00	12	portal.trendzqtr.com: PO-25070102	2	[{"added": {"name": "purchase item", "object": "Canon 731 Yellow x 2"}}, {"added": {"name": "purchase item", "object": "Canon 731 Cyan x 2"}}, {"added": {"name": "purchase item", "object": "Canon 731 Magenta x 2"}}, {"added": {"name": "purchase item", "object": "UPC World TN273 Compatible Yellow x 1"}}, {"added": {"name": "purchase item", "object": "UPCWorld TN273 Compatible Magenta x 1"}}, {"added": {"name": "purchase item", "object": "UPC World TN273 Compatible Blk x 1"}}, {"added": {"name": "purchase item", "object": "UPC World TN273 Compatible Cyan x 1"}}, {"added": {"name": "purchase item", "object": "UP TN273 Magenta x 1"}}, {"added": {"name": "purchase item", "object": "Multicolour 131A Compatable Blk x 2"}}, {"added": {"name": "purchase item", "object": "Multicolour 131A Compatable Cyan x 1"}}, {"added": {"name": "purchase item", "object": "Multicolour 131A Compatable Yellow x 1"}}, {"added": {"name": "purchase item", "object": "Reliable 131A Compatble Yellow x 1"}}, {"added": {"name": "purchase item", "object": "Reliable 131A Compatble Magenta x 2"}}, {"added": {"name": "purchase item", "object": "Reliable MLT- D101 Blk x 1"}}, {"added": {"name": "purchase item", "object": "Reliable 131A Compatable Cyan x 1"}}, {"added": {"name": "purchase item", "object": "Reliable 201A Cyan x 5"}}, {"added": {"name": "purchase item", "object": "Reliable 201A Yellow x 3"}}, {"added": {"name": "purchase item", "object": "Reliable 201A Magenta x 3"}}]	19	5
1363	2025-07-10 20:05:52.48402+00	813	4x 410A Cyan (200000410C) - Accessories - Printer	1	[{"added": {}}]	14	5
1364	2025-07-10 20:06:01.188084+00	813	4x 410A Cyan (200000410C) - Accessories - Printer	2	[{"changed": {"fields": ["Stock"]}}]	14	5
1365	2025-07-10 20:07:12.231212+00	814	4x 410 Magenta (200000410M) - Accessories - Printer	1	[{"added": {}}]	14	5
1366	2025-07-10 20:07:30.598558+00	13	portal.trendzqtr.com: PO-25070103	1	[{"added": {}}]	19	4
1367	2025-07-10 20:08:07.419203+00	815	4x 410A Yellow (20000410YELLOW) - Accessories - Printer	1	[{"added": {}}]	14	5
1368	2025-07-10 20:09:51.425268+00	816	4X 117A MAGENTA (200009) - Accessories - Printer	1	[{"added": {}}]	14	5
1369	2025-07-10 20:10:50.528121+00	817	4X 117A YELLOW (200010) - Accessories - Printer	1	[{"added": {}}]	14	5
1370	2025-07-10 20:11:35.901488+00	818	4X 117A CYAN (200008) - Accessories - Printer	1	[{"added": {}}]	14	5
1371	2025-07-10 20:12:42.242119+00	819	ASUS 20V 7.5A M SIZE PIN (20000022) - Accessories - Computer	1	[{"added": {}}]	14	4
1372	2025-07-10 20:12:47.434602+00	820	4X 117A BLK (2000013) - Accessories - Printer	1	[{"added": {}}]	14	5
1373	2025-07-10 20:14:22.199107+00	821	UP 207A YELLOW (up8000075) - Accessories - Printer	1	[{"added": {}}]	14	5
1374	2025-07-10 20:14:49.665287+00	819	ASUS 20V 7.5A M SIZE PIN (20000022) - Accessories - Computer	2	[{"changed": {"fields": ["Stock"]}}]	14	4
1375	2025-07-10 20:14:57.169664+00	822	UP 207A MAGENTA (up8000076) - Accessories - Printer	1	[{"added": {}}]	14	5
1376	2025-07-10 20:15:02.091884+00	819	ASUS 20V 7.5A M SIZE PIN (20000022) - Accessories - Computer	2	[]	14	4
1377	2025-07-10 20:15:34.91844+00	823	UP 207A CYAN (up8000074) - Accessories - Printer	1	[{"added": {}}]	14	5
1378	2025-07-10 20:16:00.336633+00	824	Mac T Type 45W Power Adapter (2000001) - Accessories - Computer	1	[{"added": {}}]	14	2
1379	2025-07-10 20:16:00.871235+00	825	ASUS 20V 7.5A L SIZE PIN (20000020) - Accessories - Computer	1	[{"added": {}}]	14	4
1380	2025-07-10 20:16:16.474454+00	157	Mac T Type 45W Power Adapter x 1	1	[{"added": {}}]	21	2
1381	2025-07-10 20:16:55.411715+00	826	4X 05A BLK (2000000067) - Accessories - Printer	1	[{"added": {}}]	14	5
1382	2025-07-10 20:17:57.403724+00	827	UPC World 26A (UW100015) - Accessories - Printer	1	[{"added": {}}]	14	5
1383	2025-07-10 20:18:10.037558+00	828	Mac 14.5V 3.1A Power Adapter (1000000111) - Accessories - Computer	1	[{"added": {}}]	14	2
1384	2025-07-10 20:18:25.144815+00	158	Mac 14.5V 3.1A Power Adapter x 4	1	[{"added": {}}]	21	2
1385	2025-07-10 20:18:57.894216+00	829	ASUS 20V 9V L SIZE PIN (20000023) - Accessories - Computer	1	[{"added": {}}]	14	4
1386	2025-07-10 20:19:16.461109+00	830	Gustec 203 Yellow (20008655) - Accessories - Printer	1	[{"added": {}}]	14	5
1387	2025-07-10 20:19:51.317815+00	831	Gustec 203 Cyan (2097545) - Accessories - Printer	1	[{"added": {}}]	14	5
1388	2025-07-10 20:20:08.194662+00	832	ASUS 20V 7.7A FEMALE (20000024) - Accessories - Computer	1	[{"added": {}}]	14	4
1389	2025-07-10 20:20:11.977696+00	833	Mac 60W L Type Power Adapter (2000003) - Accessories - Computer	1	[{"added": {}}]	14	2
1390	2025-07-10 20:20:29.156428+00	159	Mac 60W L Type Power Adapter x 5	1	[{"added": {}}]	21	2
1391	2025-07-10 20:20:45.280801+00	834	Gustec 203 magenta (416893) - Accessories - Printer	1	[{"added": {}}]	14	5
1392	2025-07-10 20:22:18.365487+00	835	ASUS 19.5V 11.8A FEMALE (20000025) - Accessories - Computer	1	[{"added": {}}]	14	4
1393	2025-07-10 20:23:13.116947+00	836	UP 069 BLK (UP8000327) - Accessories - Printer	1	[{"added": {}}]	14	5
1394	2025-07-10 20:24:48.900797+00	837	UP 069 CYAN (up8000328) - Accessories - Printer	1	[{"added": {}}]	14	5
1395	2025-07-10 20:24:56.057024+00	838	ASUS 20V 9.23A (20000027) - Accessories - Computer	1	[{"added": {}}]	14	4
1396	2025-07-10 20:25:56.864979+00	839	UP 069 YELLOW (UP8000329) - Accessories - Printer	1	[{"added": {}}]	14	5
1397	2025-07-10 20:26:13.336641+00	840	ASUS 20V 14A POWER ADAPTER (20000026) - Accessories - Computer	1	[{"added": {}}]	14	4
1400	2025-07-10 20:27:18.433081+00	842	ASUS 20V 9A POWER ADAPTER (20000028) - Accessories - Computer	1	[{"added": {}}]	14	4
1401	2025-07-10 20:27:30.098702+00	843	Mac 87W Usb C Adapter (123456789118) - Accessories - Computer	1	[{"added": {}}]	14	2
1403	2025-07-10 20:28:16.992973+00	844	UP 069 MAGENTA (UP8000330) - Accessories - Printer	1	[{"added": {}}]	14	5
1404	2025-07-10 20:28:40.111474+00	845	HP 19.5V 7.7A POWER ADAPTER (BA0033) - Accessories - Computer	1	[{"added": {}}]	14	4
1405	2025-07-10 20:29:09.814792+00	846	RELIABLE 217A BLK (2000016) - Accessories - Printer	1	[{"added": {}}]	14	5
1406	2025-07-10 20:29:16.142131+00	847	Mac 45W T Type Adapter (x24p06g15) - Accessories - Computer	1	[{"added": {}}]	14	2
1407	2025-07-10 20:29:24.354267+00	191	Mac 45W T Type Adapter x 1	1	[{"added": {}}]	21	2
1408	2025-07-10 20:29:56.765704+00	848	HP 19.5V 6.15A POWER ADAPTER (20000029) - Accessories - Computer	1	[{"added": {}}]	14	4
1409	2025-07-10 20:30:00.29022+00	849	UP 217A BLK (up8000002) - Accessories - Printer	1	[{"added": {}}]	14	5
1410	2025-07-10 20:30:45.275829+00	850	Mac 18.5V 4.6A L Type Adapter (1000000113) - Accessories - Computer	1	[{"added": {}}]	14	2
1411	2025-07-10 20:30:55.388708+00	192	Mac 18.5V 4.6A L Type Adapter x 2	1	[{"added": {}}]	21	2
1412	2025-07-10 20:31:07.135814+00	851	Multicolour 217A Blk (216523715263) - Accessories - Printer	1	[{"added": {}}]	14	5
1413	2025-07-10 20:32:16.756347+00	852	4x 85A Blk (363423949) - Accessories - Printer	1	[{"added": {}}]	14	5
1414	2025-07-10 20:32:22.030739+00	853	Mac 18.5V 4.6A L Type Adapter (1000000112) - Accessories - Computer	1	[{"added": {}}]	14	2
1415	2025-07-10 20:32:27.287107+00	12	portal.trendzqtr.com: PO-25070102	2	[{"added": {"name": "purchase item", "object": "UP 069 MAGENTA x 1"}}, {"added": {"name": "purchase item", "object": "RELIABLE 217A BLK x 1"}}, {"added": {"name": "purchase item", "object": "UP 217A BLK x 1"}}, {"added": {"name": "purchase item", "object": "Multicolour 217A Blk x 1"}}, {"added": {"name": "purchase item", "object": "4x 85A Blk x 1"}}]	19	5
1416	2025-07-10 20:33:19.070065+00	198	Mac 18.5V 4.6A L Type Adapter x 2	1	[{"added": {}}]	21	2
1417	2025-07-10 20:33:33.850466+00	854	LENOVO 20V 11.5A POWER ADAPTER (20000030) - Accessories - Computer	1	[{"added": {}}]	14	4
1418	2025-07-10 20:34:18.937356+00	855	Reliable 83A Blk (42526731) - Accessories - Printer	1	[{"added": {}}]	14	5
1419	2025-07-10 20:34:22.642785+00	856	Mac 14.85V 3.05A T Type Adapter (1000000115) - Accessories - Computer	1	[{"added": {}}]	14	2
1420	2025-07-10 20:34:31.706058+00	199	Mac 14.85V 3.05A T Type Adapter x 1	1	[{"added": {}}]	21	2
1421	2025-07-10 20:35:05.222008+00	857	LENOVO 20V 8.5A USB POWER ADAPTER (20000031) - Accessories - Computer	1	[{"added": {}}]	14	4
1422	2025-07-10 20:35:40.994067+00	12	portal.trendzqtr.com: PO-25070102	2	[{"added": {"name": "purchase item", "object": "Reliable 83A Blk x 2"}}, {"changed": {"name": "purchase item", "object": "4x 85A Blk x 2", "fields": ["Quantity"]}}]	19	5
1423	2025-07-10 20:35:56.160236+00	858	Mac 45W  L Type Adapter (X25P08G23) - Accessories - Computer	1	[{"added": {}}]	14	2
1424	2025-07-10 20:36:11.011104+00	201	Mac 45W  L Type Adapter x 2	1	[{"added": {}}]	21	2
1425	2025-07-10 20:37:19.04815+00	859	Super 78A Blk (41235646123) - Accessories - Printer	1	[{"added": {}}]	14	5
1426	2025-07-10 20:38:25.983242+00	860	Multicolour 203A Cyan (93025124) - Accessories - Printer	1	[{"added": {}}]	14	5
1427	2025-07-10 20:38:33.042573+00	640	DELL 19.5V 6.67A BIG PIN CHARGER (800002) - Accessories - Computer	2	[{"changed": {"fields": ["Stock"]}}]	14	4
1428	2025-07-10 20:39:00.632089+00	192	Mac 18.5V 4.6A L Type Adapter x 7	2	[{"changed": {"fields": ["Quantity"]}}]	21	2
1429	2025-07-10 20:39:20.961637+00	12	portal.trendzqtr.com: PO-25070102	2	[{"added": {"name": "purchase item", "object": "Super 78A Blk x 1"}}, {"added": {"name": "purchase item", "object": "Multicolour 203A Cyan x 2"}}]	19	5
1430	2025-07-10 20:40:13.627603+00	192	Mac 18.5V 4.6A L Type Adapter x 10	2	[{"changed": {"fields": ["Quantity"]}}]	21	2
1431	2025-07-10 20:40:56.32239+00	861	Upc World 78A (UW100011) - Accessories - Printer	1	[{"added": {}}]	14	5
1432	2025-07-10 20:41:52.59533+00	862	4x 150A (7249201) - Accessories - Printer	1	[{"added": {}}]	14	5
1433	2025-07-10 20:41:59.680125+00	863	MAC CHARGER TYPE C OG (190198098887) - Accessories - Computer	1	[{"added": {}}]	14	4
1434	2025-07-10 20:43:12.090802+00	864	MAC T TYPE ADAPTER (885909611546) - Accessories - Computer	1	[{"added": {}}]	14	4
1435	2025-07-10 20:43:23.115485+00	865	Multicolour 83A Blk (835728191) - Accessories - Printer	1	[{"added": {}}]	14	5
1436	2025-07-10 20:43:36.754627+00	866	Mac 85W 20V 4.25A T Type Adapter (1000000114) - Accessories - Computer	1	[{"added": {}}]	14	2
1437	2025-07-10 20:44:09.375491+00	204	Mac 85W 20V 4.25A T Type Adapter x 6	1	[{"added": {}}]	21	2
1438	2025-07-10 20:44:12.532344+00	205	Mac 85W 20V 4.25A T Type Adapter x 6	1	[{"added": {}}]	21	2
1439	2025-07-10 20:44:25.105026+00	867	Eagle print 83A (42690174) - Accessories - Printer	1	[{"added": {}}]	14	5
1440	2025-07-10 20:45:23.322273+00	868	Multicolour 203A Magenta (6942552396696) - Accessories - Printer	1	[{"added": {}}]	14	5
1441	2025-07-10 20:45:50.765986+00	869	Mac 60W 16.5V 3.65A T Type Adapter (1000000116) - Accessories - Computer	1	[{"added": {}}]	14	2
1442	2025-07-10 20:46:03.296128+00	206	Mac 60W 16.5V 3.65A T Type Adapter x 3	1	[{"added": {}}]	21	2
1443	2025-07-10 20:46:36.066011+00	870	Multicolour 203A Yellow (6942552396689) - Accessories - Printer	1	[{"added": {}}]	14	5
1444	2025-07-10 20:47:16.759602+00	871	Multicolour 203A Cyan (6942552396672) - Accessories - Printer	1	[{"added": {}}]	14	5
1445	2025-07-10 20:47:18.49703+00	872	15.6 WHM DISPLAY FRAMELESS (EEAF2368B30N002KY) - Accessories - Computer	1	[{"added": {}}]	14	4
1446	2025-07-10 20:48:16.480129+00	199	Mac 14.85V 3.05A T Type Adapter x 3	2	[{"changed": {"fields": ["Quantity"]}}]	21	2
1447	2025-07-10 20:49:43.799563+00	873	4x 201A Cyan (20000203AC) - Accessories - Printer	1	[{"added": {}}]	14	5
1448	2025-07-10 20:50:33.26485+00	874	4x 201A Yellow (20000203AY) - Accessories - Printer	1	[{"added": {}}]	14	5
1449	2025-07-10 20:51:29.658381+00	875	4x 201A Magenta (20000203AM) - Accessories - Printer	1	[{"added": {}}]	14	5
1450	2025-07-10 20:51:50.302927+00	876	Mac 60W T Type Adapter (X24P11G25) - Accessories - Computer	1	[{"added": {}}]	14	2
1451	2025-07-10 20:52:21.314616+00	207	Mac 60W T Type Adapter x 8	1	[{"added": {}}]	21	2
1452	2025-07-10 20:52:23.769876+00	208	Mac 60W T Type Adapter x 8	1	[{"added": {}}]	21	2
1453	2025-07-10 20:52:27.583764+00	209	Mac 60W T Type Adapter x 8	1	[{"added": {}}]	21	2
1454	2025-07-10 20:53:32.467539+00	877	Super 203A (2000018) - Accessories - Printer	1	[{"added": {}}]	14	5
1455	2025-07-10 20:53:49.564941+00	209	Mac 60W T Type Adapter x 9	2	[{"changed": {"fields": ["Quantity"]}}]	21	2
1456	2025-07-10 20:54:16.952003+00	878	UP 203A Magenta (UP8000029) - Accessories - Printer	1	[{"added": {}}]	14	5
1457	2025-07-10 20:54:54.46399+00	879	Mac 45W T Type Adapter (X24P06G15) - Accessories - Computer	1	[{"added": {}}]	14	2
1822	2025-07-20 16:06:28.268435+00	21	NVME	3		7	1
1458	2025-07-10 20:54:56.261635+00	880	UP 203A Yellow (UP8000028) - Accessories - Printer	1	[{"added": {}}]	14	5
1459	2025-07-10 20:55:06.448626+00	210	Mac 45W T Type Adapter x 4	1	[{"added": {}}]	21	2
1460	2025-07-10 20:55:09.917477+00	211	Mac 45W T Type Adapter x 4	1	[{"added": {}}]	21	2
1461	2025-07-10 20:56:02.90864+00	881	UP 203A Cyan (UP8000027) - Accessories - Printer	1	[{"added": {}}]	14	5
1462	2025-07-10 20:56:18.726021+00	882	Mac 85W T Type Adapter (x24p06g16) - Accessories - Computer	1	[{"added": {}}]	14	2
1463	2025-07-10 20:56:31.818524+00	212	Mac 85W T Type Adapter x 1	1	[{"added": {}}]	21	2
1464	2025-07-10 20:57:51.872463+00	883	Multicolour SAM105 (7929763529) - Accessories - Printer	1	[{"added": {}}]	14	5
1465	2025-07-10 20:59:11.150493+00	884	Lazer 203A Magenta (2000017) - Accessories - Printer	1	[{"added": {}}]	14	5
1466	2025-07-10 20:59:30.334169+00	885	Asus Type C 20V Adapter (1000000117) - Accessories - Computer	1	[{"added": {}}]	14	2
1467	2025-07-10 20:59:40.485503+00	12	portal.trendzqtr.com: PO-25070102	2	[{"added": {"name": "purchase item", "object": "Upc World 78A x 2"}}, {"added": {"name": "purchase item", "object": "4x 150A x 1"}}, {"added": {"name": "purchase item", "object": "Multicolour 83A Blk x 7"}}, {"added": {"name": "purchase item", "object": "Eagle print 83A x 3"}}, {"added": {"name": "purchase item", "object": "Multicolour 203A Magenta x 4"}}, {"added": {"name": "purchase item", "object": "Multicolour 203A Yellow x 4"}}, {"added": {"name": "purchase item", "object": "Multicolour 203A Cyan x 1"}}, {"added": {"name": "purchase item", "object": "4x 201A Cyan x 1"}}, {"added": {"name": "purchase item", "object": "4x 201A Yellow x 1"}}, {"added": {"name": "purchase item", "object": "4x 201A Magenta x 1"}}, {"added": {"name": "purchase item", "object": "Super 203A x 1"}}, {"added": {"name": "purchase item", "object": "UP 203A Magenta x 2"}}, {"added": {"name": "purchase item", "object": "UP 203A Yellow x 2"}}, {"added": {"name": "purchase item", "object": "UP 203A Cyan x 2"}}, {"added": {"name": "purchase item", "object": "Multicolour SAM105 x 1"}}, {"added": {"name": "purchase item", "object": "Lazer 203A Magenta x 1"}}, {"changed": {"name": "purchase item", "object": "Reliable MLT- D101 Blk x 2", "fields": ["Quantity"]}}]	19	5
1468	2025-07-10 20:59:49.531705+00	886	15.6 FHD DISPLAY FRAMELESS (B156HAN02.1) - Accessories - Computer	1	[{"added": {}}]	14	4
1469	2025-07-10 21:00:00.121364+00	229	Asus Type C 20V Adapter x 24	1	[{"added": {}}]	21	2
1470	2025-07-10 21:01:44.165563+00	505	MICROSOFT SURFACE 12V 3.6A (8000008) - Accessories - Computer	2	[{"changed": {"fields": ["Stock"]}}]	14	2
1471	2025-07-10 21:02:05.166524+00	502	MICROSOFT SURFACE 15V 2.58A (8000009) - Accessories - Computer	2	[{"changed": {"fields": ["Stock"]}}]	14	2
1472	2025-07-10 21:02:35.115772+00	886	15.6 FHD DISPLAY FRAMELESS (B156HAN02.1) - Accessories - Computer	2	[{"changed": {"fields": ["Stock"]}}]	14	4
1473	2025-07-10 21:03:06.336201+00	507	MICROSOFT SURFACE 12V 2.58A (8000007) - Accessories - Computer	2	[{"changed": {"fields": ["Stock"]}}]	14	2
1474	2025-07-10 21:05:04.873257+00	887	15.6 30PIN FHD BOX TYPE DISPLAY (ETAF2428B32000KHS) - Accessories - Computer	1	[{"added": {}}]	14	4
1475	2025-07-10 21:06:54.690485+00	888	Cisco Power Cable (810979012023) - Accessories - Network	1	[{"added": {}}]	14	2
1476	2025-07-10 21:07:07.752844+00	230	Cisco Power Cable x 268	1	[{"added": {}}]	21	2
1477	2025-07-10 21:08:03.818578+00	889	14 INCH FHD 3 PIN BOX TYPE DISPLAY (6DFF21X8B300X00DR) - Accessories - Computer	1	[{"added": {}}]	14	4
1478	2025-07-10 21:09:24.082785+00	890	14 INCH FHD 30 PIN BOX TYPE DISPLAY (JQAF2438941E01KHP) - Accessories - Computer	1	[{"added": {}}]	14	4
1479	2025-07-10 21:10:40.161124+00	890	14 INCH FHD 30 PIN BOX TYPE DISPLAY (ASZRCR20250613OS101(24)) - Accessories - Computer	2	[{"changed": {"fields": ["Sku"]}}]	14	4
1480	2025-07-10 21:10:53.273855+00	890	14 INCH FHD 30 PIN BOX TYPE DISPLAY (ASZRCR20250613OS101(24)) - Accessories - Computer	2	[{"changed": {"fields": ["Barcode"]}}]	14	4
1481	2025-07-10 21:11:01.643915+00	285	UGREEN USB 3.0 4 Port HUB (6957303822904) - Accessories - Computer	2	[{"changed": {"fields": ["Stock"]}}]	14	2
1482	2025-07-10 21:13:05.48971+00	891	14 INCH 40 PIN FRAME DISPLAY (AGZHZWK20231202) - Accessories - Computer	1	[{"added": {}}]	14	4
1483	2025-07-10 21:14:37.047245+00	892	14 INCH 30PIN WHM FRAMLESS (AGZHZ20231212JC) - Accessories - Computer	1	[{"added": {}}]	14	4
1484	2025-07-10 21:16:47.743772+00	893	Lenovo Laptop Bag (2000028) - Accessories - Computer	1	[{"added": {}}]	14	2
1485	2025-07-10 21:17:12.419087+00	894	14 INCH 30PIN WHM WITH FRAME (ASZRCR202501150S17) - Accessories - Computer	1	[{"added": {}}]	14	4
1486	2025-07-10 21:18:51.800216+00	231	Lenovo Laptop Bag x 20	1	[{"added": {}}]	21	2
1487	2025-07-10 21:20:02.942798+00	895	Hp Laptop Bag (2000029) - Accessories - Computer	1	[{"added": {}}]	14	2
1488	2025-07-10 21:20:32.285663+00	896	14 INCH 40 PINFRAMELESS FHD (14INCH) - Accessories - Computer	1	[{"added": {}}]	14	4
1489	2025-07-10 21:20:43.004653+00	232	Hp Laptop Bag x 7	1	[{"added": {}}]	21	2
1490	2025-07-10 21:22:37.216953+00	897	15.6 144HZ FHD DISPLAY FRAMELESS (G9FY3CGE1111111000HESC) - Accessories - Computer	1	[{"added": {}}]	14	4
1491	2025-07-10 21:22:57.266967+00	898	Lenovo Back Bag (2000032) - Accessories - Computer	1	[{"added": {}}]	14	2
1492	2025-07-10 21:23:07.571879+00	233	Lenovo Back Bag x 2	1	[{"added": {}}]	21	2
1493	2025-07-10 21:24:17.754736+00	899	15.6 WHM 30PIN DISPLAY FRAME (ASZRCR20260308GWD57(O)) - Accessories - Computer	1	[{"added": {}}]	14	4
1494	2025-07-10 21:24:23.632825+00	900	Dell Mini Laptop Bag (2000031) - Accessories - Computer	1	[{"added": {}}]	14	2
1495	2025-07-10 21:24:33.160123+00	234	Dell Mini Laptop Bag x 3	1	[{"added": {}}]	21	2
1496	2025-07-10 21:24:52.718065+00	235	Dell Mini Laptop Bag x 3	1	[{"added": {}}]	21	2
1497	2025-07-10 21:25:54.398596+00	901	Dell Laptop Bag (2000030) - Accessories - Computer	1	[{"added": {}}]	14	2
1498	2025-07-10 21:26:02.036459+00	236	Dell Laptop Bag x 2	1	[{"added": {}}]	21	2
1499	2025-07-10 21:29:11.708501+00	902	RJ 45  Pcs (123456789119) - Accessories - Network	1	[{"added": {}}]	14	2
1500	2025-07-10 21:29:24.353121+00	237	RJ 45  Pcs x 9000	1	[{"added": {}}]	21	2
1501	2025-07-10 21:31:26.803419+00	903	TN 221M MAGENTA (1PA8K3390) - Accessories - Printer	1	[{"added": {}}]	14	4
1502	2025-07-10 21:32:24.739219+00	904	RJ 45 Moduler Pcs (123456789120) - Accessories - Network	1	[{"added": {}}]	14	2
1503	2025-07-10 21:32:35.388766+00	238	RJ 45 Moduler Pcs x 500	1	[{"added": {}}]	21	2
1504	2025-07-10 21:33:12.019816+00	905	TN 221C CYAN (1PA8K3490) - Accessories - Printer	1	[{"added": {}}]	14	4
1505	2025-07-10 21:33:56.089397+00	906	TN221Y YELLOW (1PA8K3290) - Accessories - Printer	1	[{"added": {}}]	14	4
1506	2025-07-10 21:36:09.25214+00	907	Brand-Rex 2M Cat6 Blue Cable (SPA07620C004) - Accessories - Network	1	[{"added": {}}]	14	2
1507	2025-07-10 21:36:20.250718+00	239	Brand-Rex 2M Cat6 Blue Cable x 63	1	[{"added": {}}]	21	2
1508	2025-07-10 21:38:35.644633+00	908	SHARP MX 61FT CB CYAN (4974019969886) - Accessories - Computer	1	[{"added": {}}]	14	4
1509	2025-07-10 21:39:38.499086+00	909	SHARP MX 51FT CA (4974019696799) - Accessories - Printer	1	[{"added": {}}]	14	4
1510	2025-07-10 21:40:05.49189+00	910	MarkHD 30M Cat6 Cable (1000111615) - Accessories - Network	1	[{"added": {}}]	14	2
1511	2025-07-10 21:40:20.993579+00	240	MarkHD 30M Cat6 Cable x 25	1	[{"added": {}}]	21	2
1512	2025-07-10 21:40:50.976918+00	911	MP C6003 YELLOW (2000006003C) - Accessories - Printer	1	[{"added": {}}]	14	4
1513	2025-07-10 21:42:08.109772+00	912	Zantek 30 M Cat6 Patch Cable (6999987899872) - Accessories - Network	1	[{"added": {}}]	14	2
1514	2025-07-10 21:42:16.534265+00	241	Zantek 30 M Cat6 Patch Cable x 3	1	[{"added": {}}]	21	2
1515	2025-07-10 21:44:30.29676+00	913	Light X Gel Mouse Pad (7000076676584) - Accessories - Computer	1	[{"added": {}}]	14	2
1516	2025-07-10 21:44:36.823868+00	242	Light X Gel Mouse Pad x 9	1	[{"added": {}}]	21	2
1517	2025-07-10 21:45:33.725253+00	914	Gel Mouse Pad (42312531277) - Accessories - Computer	1	[{"added": {}}]	14	2
1518	2025-07-10 21:46:04.261129+00	915	5 WAY 5M POWER EXTENDAR WITH SWITCH (7700789661371) - Accessories - Computer	1	[{"added": {}}]	14	4
1519	2025-07-10 21:46:04.529145+00	914	Gel Mouse Pad (42312531277) - Accessories - Computer	2	[{"changed": {"fields": ["Stock"]}}]	14	2
1520	2025-07-10 21:46:09.364845+00	243	Gel Mouse Pad x 1	1	[{"added": {}}]	21	2
1521	2025-07-10 21:46:45.154593+00	916	Unitek Mouse Pad (2000035) - Accessories - Computer	1	[{"added": {}}]	14	2
1522	2025-07-10 21:47:03.797436+00	244	Unitek Mouse Pad x 5	1	[{"added": {}}]	21	2
1523	2025-07-10 21:47:38.526256+00	917	4WAY 4M POWER EXTENDAR (7700789661340) - Accessories - Network	1	[{"added": {}}]	14	4
1524	2025-07-10 21:49:27.633214+00	918	Norden Cat6 3M (127-M2103GY) - Accessories - Network	1	[{"added": {}}]	14	2
1525	2025-07-10 21:49:37.865694+00	245	Norden Cat6 3M x 4	1	[{"added": {}}]	21	2
1526	2025-07-10 21:51:32.172337+00	919	Norden Cat 6 1M (127-M2101GY) - Accessories - Network	1	[{"added": {}}]	14	2
1527	2025-07-10 21:51:45.42945+00	246	Norden Cat 6 1M x 31	1	[{"added": {}}]	21	2
1528	2025-07-10 21:55:13.637703+00	80	D-LINK Cat 5 CABLE 5M (790069388347) - Accessories - Network	2	[{"changed": {"fields": ["Name", "Stock"]}}]	14	2
1529	2025-07-10 21:58:43.878148+00	920	Cat 6 Normal Cable 25M (23478193) - Accessories - Network	1	[{"added": {}}]	14	2
1530	2025-07-10 21:58:54.373597+00	247	Cat 6 Normal Cable 25M x 5	1	[{"added": {}}]	21	2
1531	2025-07-10 22:00:14.938804+00	921	Mark HD Cat6 Cable 5M (1000111481) - Accessories - Network	1	[{"added": {}}]	14	2
1532	2025-07-10 22:00:47.90108+00	248	Mark HD Cat6 Cable 5M x 6	1	[{"added": {}}]	21	2
1533	2025-07-10 22:01:47.6133+00	922	Terminator HDMI Cable 25M (8711757802350) - Accessories - Computer	1	[{"added": {}}]	14	2
1534	2025-07-10 22:01:53.183519+00	249	Terminator HDMI Cable 25M x 1	1	[{"added": {}}]	21	2
1535	2025-07-10 22:03:26.307376+00	923	Normal Hdmi Cable 20M (456789234) - Accessories - Computer	1	[{"added": {}}]	14	2
1536	2025-07-10 22:03:31.56411+00	250	Normal Hdmi Cable 20M x 2	1	[{"added": {}}]	21	2
1537	2025-07-10 22:04:16.828899+00	924	Normal Hdmi Cable 5M (9423900123) - Accessories - Computer	1	[{"added": {}}]	14	2
1538	2025-07-10 22:04:33.864229+00	251	Normal Hdmi Cable 5M x 4	1	[{"added": {}}]	21	2
1539	2025-07-10 22:05:44.094844+00	925	Mark HD Cat 6 50M (5415010037932) - Accessories - Network	1	[{"added": {}}]	14	2
1540	2025-07-10 22:05:52.522976+00	252	Mark HD Cat 6 50M x 1	1	[{"added": {}}]	21	2
1541	2025-07-10 22:06:58.223523+00	926	Usb Male to Female Cable 5M (50000026) - Accessories - Computer	1	[{"added": {}}]	14	2
1542	2025-07-10 22:07:10.343311+00	253	Usb Male to Female Cable 5M x 5	1	[{"added": {}}]	21	2
1543	2025-07-10 22:07:58.72912+00	92	LIGHT X 20M CAT-6 CABLE (700000020M) - Accessories - Network	2	[{"changed": {"fields": ["Stock"]}}]	14	2
1544	2025-07-10 22:09:27.412326+00	927	LightX  Cat 6 25M (426391280) - Accessories - Network	1	[{"added": {}}]	14	2
1545	2025-07-10 22:09:37.099593+00	254	LightX  Cat 6 25M x 1	1	[{"added": {}}]	21	2
1546	2025-07-10 22:10:01.904805+00	927	LightX  Cat 6 25M (426391280) - Accessories - Network	2	[{"changed": {"fields": ["Stock"]}}]	14	2
1547	2025-07-11 16:07:54.428438+00	6	portal.trendzqtr.com: AL TAMAYOZ -UNIQ TRADING	1	[{"added": {}}]	20	4
1548	2025-07-11 16:10:31.632197+00	928	MAC A1964 BATTERY (123456789121) - Accessories - Computer	1	[{"added": {}}]	14	4
1549	2025-07-11 16:10:55.419915+00	14	portal.trendzqtr.com: PO-25071101	1	[{"added": {}}, {"added": {"name": "purchase item", "object": "MAC A1964 BATTERY x 1"}}]	19	4
1550	2025-07-11 17:03:42.800753+00	22	SARKAR (55027426)	1	[{"added": {}}]	8	4
1551	2025-07-11 17:05:22.475256+00	65	Invoice #08cc607d-3641-4658-9db7-677096fe56e7 - SARKAR (55027426)	1	[{"added": {}}, {"added": {"name": "invoice item", "object": "TP Link 300 Mbpswireless USB Adapter (1 x 35)"}}]	12	4
1552	2025-07-11 17:06:37.101206+00	66	Invoice #a376bb91-c0a3-42dd-92f1-2360837797d3 - Walk In (12345678)	1	[{"added": {}}, {"added": {"name": "invoice item", "object": "PLOKAMA LIVE -K8 BROADCAST STAND (1 x 35)"}}]	12	4
1553	2025-07-11 17:08:06.343608+00	23	DAMIES (60019909)	1	[{"added": {}}]	8	4
1554	2025-07-11 17:09:20.364296+00	67	Invoice #eabe30f3-16c0-4981-9063-0e0de5b91d1c - DAMIES (60019909)	1	[{"added": {}}, {"added": {"name": "invoice item", "object": "MAC A1964 BATTERY (1 x 350)"}}]	12	4
1555	2025-07-11 17:23:09.838683+00	68	Invoice #742990ba-d6d0-4da9-b136-7e88b1e2e7bf - Walk In (12345678)	1	[{"added": {}}, {"added": {"name": "invoice item", "object": "CANON PIXMA 440 BLACK (1 x 50)"}}, {"added": {"name": "invoice item", "object": "CANON PIXMA 441 COLOUR (1 x 55)"}}]	12	4
1556	2025-07-11 17:26:56.734099+00	24	NERIO (31039814)	1	[{"added": {}}]	8	4
1557	2025-07-11 17:30:45.822805+00	69	Invoice #24abb0fc-d899-4234-b762-7477ad09b7f1 - NERIO (31039814)	1	[{"added": {}}, {"added": {"name": "invoice item", "object": "LEXAR NVME 2TB (1 x 390)"}}]	12	4
1558	2025-07-11 17:35:27.908547+00	929	Haysenser Enclosure HDD 2.5 (123456789122) - Accessories - Computer	1	[{"added": {}}]	14	4
1559	2025-07-11 17:35:39.001685+00	929	Haysenser Enclosure HDD 2.5 (123456789122) - Accessories - Computer	2	[{"changed": {"fields": ["Stock"]}}]	14	4
1560	2025-07-11 17:35:43.982646+00	256	Haysenser Enclosure HDD 2.5 x 1	1	[{"added": {}}]	21	4
1561	2025-07-11 17:41:35.104367+00	257	Haysenser Enclosure HDD 2.5 x 1	1	[{"added": {}}]	21	4
1562	2025-07-11 17:47:20.962448+00	70	Invoice #ea3712aa-b501-4cae-ba20-fa4d9c8d05e8 - Walk In (12345678)	1	[{"added": {}}, {"added": {"name": "invoice item", "object": "Lenovo Usb 20V 3.25A  Adapter (1 x 35)"}}]	12	4
1563	2025-07-11 17:49:47.0221+00	71	Invoice #d387ba98-ee8e-48a6-a1e4-cc1cbbf3a62e - Walk In (12345678)	1	[{"added": {}}, {"added": {"name": "invoice item", "object": "TP LINK ARCHER C20 AC750 (1 x 70)"}}]	12	4
1564	2025-07-11 17:51:38.493084+00	72	Invoice #453e1d93-5cee-4fc5-b186-4a9d4f45a94a - Walk In (12345678)	1	[{"added": {}}, {"added": {"name": "invoice item", "object": "Haysenser Enclosure HDD 2.5 (1 x 30)"}}, {"added": {"name": "invoice item", "object": "LEXAR 1TB SATA (1 x 250)"}}]	12	4
1565	2025-07-12 05:26:58.970929+00	930	NECK HANGING SPRAY FAN (6556479878984) - Accessories - Mobile	1	[{"added": {}}]	14	4
1566	2025-07-12 05:27:37.455378+00	931	PORTABLE MINI FAN (6956728890116) - Accessories - Computer	1	[{"added": {}}]	14	4
1567	2025-07-12 06:45:24.398699+00	258	LIGHT X 20M CAT-6 CABLE x 15	1	[{"added": {}}]	21	4
1568	2025-07-12 07:59:45.332795+00	7	portal.trendzqtr.com: GULF TRADING	1	[{"added": {}}]	20	4
1569	2025-07-12 08:01:49.494276+00	15	portal.trendzqtr.com: PO-2025127	1	[{"added": {}}, {"added": {"name": "purchase item", "object": "TOSHIBA CANVIO BASIS 1TB x 1"}}]	19	4
1570	2025-07-12 08:19:43.529003+00	76	Invoice #INV-2025-0004 - Manesh (55067851)	3		12	5
1571	2025-07-12 08:46:18.668059+00	260	LIGHT X 15M CAT-6 CABLE x 15	1	[{"added": {}}]	21	4
1572	2025-07-12 08:48:05.441674+00	91	LIGHT X 15M CAT-6 CABLE (70000015M) - Accessories - Network	2	[{"changed": {"fields": ["Stock"]}}]	14	4
1573	2025-07-12 09:08:08.372369+00	673	Brother BT D60 blk (4977766786324) - Accessories - Printer	2	[{"changed": {"fields": ["Stock"]}}]	14	4
1574	2025-07-12 09:08:54.760645+00	675	Brother BT 5000 Magenta (4977766748148) - Accessories - Printer	2	[{"changed": {"fields": ["Stock"]}}]	14	4
1575	2025-07-12 09:09:00.401202+00	674	Brother BT 5000 Cyan (4977766748131) - Accessories - Printer	2	[{"changed": {"fields": ["Stock"]}}]	14	4
1576	2025-07-12 09:10:26.355772+00	932	BT 5000 yellow (4977766748155) - Accessories - Printer	1	[{"added": {}}]	14	4
1577	2025-07-12 11:37:17.481599+00	8	portal.trendzqtr.com: OXON	1	[{"added": {}}]	20	4
1578	2025-07-12 11:39:01.765929+00	16	portal.trendzqtr.com: PO-25996	1	[{"added": {}}]	19	4
1579	2025-07-12 11:44:54.15583+00	933	Myxkronoz Ze time Hybrid Smart Watch (123456789150) - Accessories - Mobile	1	[{"added": {}}]	14	4
1580	2025-07-12 11:45:02.321743+00	261	Myxkronoz Ze time Hybrid Smart Watch x 1	1	[{"added": {}}]	21	4
1581	2025-07-12 11:46:42.565302+00	934	Oxonic Magnetic Adsorbed Holder OX-103 (123456789151) - Accessories - Mobile	1	[{"added": {}}]	14	4
1582	2025-07-12 11:47:39.97695+00	262	Oxonic Magnetic Adsorbed Holder OX-103 x 5	1	[{"added": {}}]	21	4
1583	2025-07-12 11:48:49.203217+00	935	Oxonic 360 Rotation Magnet Holder ox122 (123456789152) - Accessories - Mobile	1	[{"added": {}}]	14	4
1584	2025-07-12 11:48:58.206794+00	263	Oxonic 360 Rotation Magnet Holder ox122 x 4	1	[{"added": {}}]	21	4
1585	2025-07-12 12:00:43.484567+00	936	Yesido magnetic Bracket (123456789153) - Accessories - Mobile	1	[{"added": {}}]	14	4
1586	2025-07-12 12:00:52.01717+00	264	Yesido magnetic Bracket x 5	1	[{"added": {}}]	21	4
1587	2025-07-12 12:03:09.284898+00	937	Aukey Smart Watch 2 Pro (123456789154) - Accessories - Mobile	1	[{"added": {}}]	14	4
1588	2025-07-12 12:03:19.468268+00	265	Aukey Smart Watch 2 Pro x 1	1	[{"added": {}}]	21	4
1589	2025-07-12 12:04:40.550374+00	938	Aukey Smart Watch 1 S (123456789155) - Accessories - Mobile	1	[{"added": {}}]	14	4
1590	2025-07-12 12:04:46.920224+00	266	Aukey Smart Watch 1 S x 1	1	[{"added": {}}]	21	4
1591	2025-07-12 12:09:48.358761+00	939	JBL Harman Go Essential Speaker (123456789156) - Accessories - Mobile	1	[{"added": {}}]	14	4
1592	2025-07-12 12:11:29.692732+00	267	JBL Harman Go Essential Speaker x 1	1	[{"added": {}}]	21	4
1593	2025-07-12 12:22:12.19086+00	940	Huawei 4G mobile Wifi 5 E5586-326 (123456789157) - Accessories - Mobile	1	[{"added": {}}]	14	4
1594	2025-07-12 12:22:38.566828+00	268	Huawei 4G mobile Wifi 5 E5586-326 x 2	1	[{"added": {}}]	21	4
1595	2025-07-12 12:54:06.26632+00	95	Invoice #INV-2025-0005 - Yousef (77331400)	2	[{"changed": {"fields": ["Status"]}}]	12	4
1596	2025-07-12 13:00:00.447754+00	17	portal.trendzqtr.com: PO-25071201	1	[{"added": {}}]	19	4
1597	2025-07-12 15:40:03.16927+00	941	HP CORE I7 6TH GEN  850 G2 8GB RAM/256GB SSD (20000850G2) - Laptop	1	[{"added": {}}]	14	4
1598	2025-07-12 15:53:51.222873+00	9	portal.trendzqtr.com: ZX TECHNOLOGIES	1	[{"added": {}}]	20	4
1599	2025-07-12 15:57:28.150112+00	942	HP CORE I7 6TH GEN  850 G2 8GB RAM/256GB SSD (123456789200) - Laptop	1	[{"added": {}}]	14	4
1600	2025-07-12 16:00:24.250348+00	18	portal.trendzqtr.com: PO-2501305	1	[{"added": {}}]	19	4
1601	2025-07-12 16:01:01.284911+00	269	HP CORE I7 6TH GEN  850 G2 8GB RAM/256GB SSD x 1	1	[{"added": {}}]	21	4
1602	2025-07-12 16:31:36.200255+00	103	Invoice #INV-2025-0105 - IMMY (50540887)	2	[{"changed": {"fields": ["Status", "Discount type", "Discount value"]}}]	12	4
1603	2025-07-12 17:36:43.159733+00	4	riyas	2	[{"changed": {"fields": ["First name"]}}]	4	1
1604	2025-07-13 07:49:48.630211+00	19	portal.trendzqtr.com: PO-25071301	1	[{"added": {}}]	19	4
1605	2025-07-13 07:52:44.249533+00	943	Toshiba 4TB Surveillance S300 Hdd (1N80S2S7WL2) - Accessories - Computer	1	[{"added": {}}]	14	4
1606	2025-07-13 07:52:55.703093+00	270	Toshiba 4TB Surveillance S300 Hdd x 1	1	[{"added": {}}]	21	4
1607	2025-07-13 07:53:46.430168+00	944	Toshiba 8TB Surveillance S300 Hdd (P0U61251250630) - Accessories - Computer	1	[{"added": {}}]	14	4
1608	2025-07-13 07:53:56.923998+00	271	Toshiba 8TB Surveillance S300 Hdd x 1	1	[{"added": {}}]	21	4
1609	2025-07-13 07:54:43.554806+00	272	TOSHIBA CANVIO BASIS 1TB x 5	1	[{"added": {}}]	21	4
1610	2025-07-13 07:55:04.654993+00	273	TOSHIBA CANVIO BASIS 2TB x 5	1	[{"added": {}}]	21	4
1611	2025-07-13 07:56:36.528701+00	945	Verbatim vx500 1TB SSD External (023942474449) - Accessories - Computer	1	[{"added": {}}]	14	4
1612	2025-07-13 07:56:47.329086+00	274	Verbatim vx500 1TB SSD External x 2	1	[{"added": {}}]	21	4
1613	2025-07-13 07:58:30.867159+00	946	Verbatim nero1TB SSD External (023942532378) - Accessories - Computer	1	[{"added": {}}]	14	4
1614	2025-07-13 07:58:48.247156+00	275	Verbatim nero1TB SSD External x 2	1	[{"added": {}}]	21	4
1615	2025-07-13 07:59:49.041528+00	947	Imation 128GB Usb (8809588605391) - Accessories - Computer	1	[{"added": {}}]	14	4
1616	2025-07-13 08:00:08.257799+00	276	Imation 128GB Usb x 10	1	[{"added": {}}]	21	4
1617	2025-07-13 11:13:16.018821+00	102	Invoice #INV-2025-0104 - IMMY (50540887)	3		12	1
1618	2025-07-13 11:13:16.018865+00	101	Invoice #INV-2025-0103 - IMMY (50540887)	3		12	1
1619	2025-07-13 11:13:16.018885+00	100	Invoice #INV-2025-0102 - IMMY (50540887)	3		12	1
1620	2025-07-13 11:15:39.67831+00	98	Invoice #INV-2025-0100 - Walk In (12345678)	3		12	5
1621	2025-07-13 11:15:53.769656+00	77	Invoice #INV-2025-0004 - Walk In (12345678)	3		12	5
1622	2025-07-13 11:16:40.858505+00	106	Invoice #INV-2025-0108 - AHMED (55096607)	2	[{"changed": {"fields": ["Status"]}}]	12	5
1623	2025-07-13 11:16:51.623257+00	105	Invoice #INV-2025-0107 - B T CONTECTING (33797644)	2	[{"changed": {"fields": ["Status"]}}]	12	5
1624	2025-07-13 11:17:07.313532+00	104	Invoice #INV-2025-0106 - AHSAN (66782567)	2	[{"changed": {"fields": ["Status"]}}]	12	5
1625	2025-07-13 11:17:23.962091+00	99	Invoice #INV-2025-0101 - Walk In (12345678)	3		12	5
1626	2025-07-13 11:37:35.105476+00	108	Invoice #INV-2025-0110 - Walk-in Customer ()	2	[{"changed": {"fields": ["Status"]}}]	12	5
1627	2025-07-13 11:47:56.594341+00	801	Lenovo Usb 20V 3.25A  Adapter (6952603030455) - Accessories - Computer	2	[{"changed": {"fields": ["Sku"]}}]	14	5
1628	2025-07-13 11:48:13.226094+00	801	Lenovo Usb 20V 3.25A  Adapter (6952603030455) - Accessories - Computer	2	[{"changed": {"fields": ["Barcode"]}}]	14	5
1629	2025-07-13 11:48:44.636601+00	801	Lenovo Usb 20V 3.25A  Adapter (6952603030455) - Accessories - Computer	2	[]	14	5
1630	2025-07-13 11:51:38.098303+00	801	Lenovo Usb 20V 3.25A  Adapter (6952603030455) - Accessories - Computer	2	[{"changed": {"fields": ["Barcode"]}}]	14	5
1631	2025-07-13 11:53:51.489846+00	801	Lenovo Usb 20V 3.25A  Adapter (6952603030455) - Accessories - Computer	2	[{"changed": {"fields": ["Barcode"]}}]	14	5
1632	2025-07-13 11:55:13.835554+00	804	Asus 19V 3.42A 4.5MM 3.0MM Adapter (123456789109) - Accessories - Computer	2	[{"changed": {"fields": ["Barcode"]}}]	14	5
1633	2025-07-13 16:38:42.749374+00	20	portal.trendzqtr.com: PO-25071302	1	[{"added": {}}]	19	4
1634	2025-07-13 16:40:51.862387+00	948	Pinter Services (123456789180) - Services	1	[{"added": {}}]	14	4
1635	2025-07-13 16:41:06.910694+00	277	Pinter Services x 300	1	[{"added": {}}]	21	4
1636	2025-07-13 16:45:54.384224+00	277	Pinter Services x 300	2	[]	21	4
1637	2025-07-13 16:48:50.695584+00	948	Pinter Services (123456789180) - Services	2	[{"changed": {"fields": ["Cost price", "Unit price"]}}]	14	4
1638	2025-07-13 16:57:00.477554+00	27	Services - Printer	1	[{"added": {}}]	7	1
1639	2025-07-13 17:15:30.827113+00	948	Pinter Services (123456789180) - Services - Printer	2	[{"changed": {"fields": ["Category"]}}]	14	1
1640	2025-07-13 17:28:16.536926+00	21	portal.trendzqtr.com: PO-25071303	1	[{"added": {}}]	19	4
1641	2025-07-13 17:30:16.526421+00	949	Hp 150A  OG Tonner (123456789201) - Accessories - Printer	1	[{"added": {}}]	14	4
1642	2025-07-13 17:30:26.931958+00	278	Hp 150A  OG Tonner x 1	1	[{"added": {}}]	21	4
1643	2025-07-13 17:31:35.078058+00	950	Hp 203A Black OG Tonner (123456789202) - Accessories - Printer	1	[{"added": {}}]	14	4
1644	2025-07-13 17:31:43.435442+00	279	Hp 203A Black OG Tonner x 1	1	[{"added": {}}]	21	4
1645	2025-07-13 17:42:56.722897+00	948	Pinter Services (800000C) - Services - Printer	2	[{"changed": {"fields": ["Sku"]}}]	14	4
1646	2025-07-13 17:46:09.723348+00	948	Printer Services (800000C) - Services - Printer	2	[{"changed": {"fields": ["Name"]}}]	14	4
1647	2025-07-13 17:46:12.822859+00	277	Printer Services x 300	2	[]	21	4
1648	2025-07-13 17:53:47.739325+00	22	portal.trendzqtr.com: PO-25071304	1	[{"added": {}}]	19	4
1649	2025-07-13 17:56:01.917472+00	951	Used Wired Keyboard (123456789230) - Accessories - Computer	1	[{"added": {}}]	14	4
1650	2025-07-13 17:56:10.067205+00	280	Used Wired Keyboard x 20	1	[{"added": {}}]	21	4
1651	2025-07-13 17:57:05.594166+00	952	Used Wired Mouse (123456789221) - Accessories - Computer	1	[{"added": {}}]	14	4
1652	2025-07-13 17:57:18.933416+00	281	Used Wired Mouse x 20	1	[{"added": {}}]	21	4
1653	2025-07-13 18:00:34.620252+00	23	portal.trendzqtr.com: PO-25071305	1	[{"added": {}}]	19	4
1654	2025-07-13 18:04:53.944672+00	953	Logitech C270 Web Camera (123456789223) - Accessories - Computer	1	[{"added": {}}]	14	4
1655	2025-07-13 18:04:59.408545+00	282	Logitech C270 Web Camera x 1	1	[{"added": {}}]	21	4
1656	2025-07-14 07:32:39.149389+00	74	Invoice #INV-2025-0002 - Walk In (12345678)	2	[{"changed": {"fields": ["Status"]}}]	12	1
1657	2025-07-14 07:34:53.197402+00	75	Invoice #INV-2025-0003 - Walk In (12345678)	2	[{"changed": {"fields": ["Status"]}}]	12	1
1658	2025-07-14 07:45:57.315602+00	123	Invoice #INV-2025-0125 - Tawreed (77779506)	2	[{"changed": {"fields": ["Status"]}}]	12	1
1659	2025-07-14 07:46:48.68675+00	122	Invoice #INV-2025-0124 - Dennies (30333290)	2	[{"changed": {"fields": ["Status"]}}]	12	1
1660	2025-07-14 12:49:41.660915+00	24	portal.trendzqtr.com: PO-25071401	1	[{"added": {}}]	19	4
1661	2025-07-14 13:28:23.248261+00	10	portal.trendzqtr.com: SITHI	1	[{"added": {}}]	20	4
1662	2025-07-14 13:28:57.384513+00	25	portal.trendzqtr.com: PO-25071402	1	[{"added": {}}]	19	4
1663	2025-07-14 13:30:43.43814+00	954	Canon 054 Black OG (123456789301) - Accessories - Printer	1	[{"added": {}}]	14	4
1664	2025-07-14 13:30:52.908564+00	283	Canon 054 Black OG x 7	1	[{"added": {}}]	21	4
1665	2025-07-14 13:32:03.878357+00	955	Canon 054 Cyan OG (123456789302) - Accessories - Printer	1	[{"added": {}}]	14	4
1666	2025-07-14 13:32:14.921211+00	284	Canon 054 Cyan OG x 1	1	[{"added": {}}]	21	4
1667	2025-07-14 13:32:53.811633+00	956	Canon 054 Yellow OG (123456789303) - Accessories - Printer	1	[{"added": {}}]	14	4
1668	2025-07-14 13:33:02.755273+00	285	Canon 054 Yellow OG x 1	1	[{"added": {}}]	21	4
1669	2025-07-14 13:33:55.880563+00	957	Canon 054 Magentha OG (123456789304) - Accessories - Printer	1	[{"added": {}}]	14	4
1670	2025-07-14 13:34:05.401307+00	286	Canon 054 Magentha OG x 1	1	[{"added": {}}]	21	4
1671	2025-07-14 13:48:50.297712+00	287	HP 652 BLACK CATRIDGE x 5	1	[{"added": {}}]	21	5
1672	2025-07-14 13:55:20.883975+00	11	portal.trendzqtr.com: Hi Print	1	[{"added": {}}]	20	5
1673	2025-07-14 13:57:20.394676+00	26	portal.trendzqtr.com: PO-25071403	1	[{"added": {}}, {"added": {"name": "purchase item", "object": "HP 652 BLACK CATRIDGE x 2"}}]	19	5
1674	2025-07-14 13:57:40.108554+00	24	portal.trendzqtr.com: PO-25071401	2	[{"changed": {"fields": ["Status"]}}]	19	5
1675	2025-07-14 14:08:16.190714+00	760	Canon 069 Blk (4549292196771) - Accessories - Printer	2	[{"changed": {"fields": ["Stock"]}}]	14	4
1676	2025-07-14 14:13:29.765849+00	12	portal.trendzqtr.com: PO-25070102	2	[{"changed": {"fields": ["Status"]}}]	19	5
1677	2025-07-14 14:16:01.199773+00	12	portal.trendzqtr.com: JAPAN	1	[{"added": {}}]	20	4
1678	2025-07-14 14:16:22.388863+00	27	portal.trendzqtr.com: PO-25071404	1	[{"added": {}}]	19	4
1679	2025-07-14 14:20:19.623741+00	958	Lenovo E480 Battery (123456789305) - Accessories - Computer	1	[{"added": {}}]	14	4
1680	2025-07-14 14:20:28.693695+00	289	Lenovo E480 Battery x 1	1	[{"added": {}}]	21	4
1681	2025-07-14 14:28:48.757933+00	28	portal.trendzqtr.com: PO-25071405	1	[{"added": {}}]	19	4
1682	2025-07-14 14:31:17.430543+00	959	Micro Digit 150A Tonner (6334466101501) - Accessories - Printer	1	[{"added": {}}]	14	4
1683	2025-07-14 14:31:39.232181+00	290	Micro Digit 150A Tonner x 5	1	[{"added": {}}]	21	4
1684	2025-07-14 14:35:16.177906+00	13	portal.trendzqtr.com: UPC	1	[{"added": {}}]	20	4
1685	2025-07-14 14:35:50.419489+00	29	portal.trendzqtr.com: PO-25071406	1	[{"added": {}}]	19	4
1686	2025-07-14 14:38:55.273572+00	960	UPC 203A Black Tonner (UW100747) - Accessories - Printer	1	[{"added": {}}]	14	4
1687	2025-07-14 14:39:02.470958+00	291	UPC 203A Black Tonner x 3	1	[{"added": {}}]	21	4
1688	2025-07-14 14:40:10.340059+00	961	UPC 203A Yellow Tonner (UW100749) - Accessories - Printer	1	[{"added": {}}]	14	4
1689	2025-07-14 14:40:19.873031+00	292	UPC 203A Yellow Tonner x 1	1	[{"added": {}}]	21	4
1690	2025-07-14 14:46:55.32676+00	30	portal.trendzqtr.com: PO-25071407	1	[{"added": {}}]	19	4
1691	2025-07-14 14:49:49.08227+00	962	HP SN03XL Battery (123456789340) - Accessories - Computer	1	[{"added": {}}]	14	4
1692	2025-07-14 14:49:58.77919+00	293	HP SN03XL Battery x 1	1	[{"added": {}}]	21	4
1693	2025-07-14 15:28:17.488224+00	31	portal.trendzqtr.com: PO-25071408	1	[{"added": {}}]	19	4
1694	2025-07-14 15:31:09.903085+00	963	4X Colors 106A Tonner (123456789306) - Accessories - Printer	1	[{"added": {}}]	14	4
1695	2025-07-14 15:31:23.966808+00	294	4X Colors 106A Tonner x 3	1	[{"added": {}}]	21	4
1696	2025-07-14 15:32:30.012501+00	131	Invoice #INV-2025-0133 - Walk In (12345678)	2	[{"changed": {"fields": ["Status", "Discount type", "Discount value"]}}]	12	5
1697	2025-07-14 15:50:17.130399+00	129	Invoice #INV-2025-0131 - Walk In (12345678)	3		12	5
1698	2025-07-14 17:04:23.983542+00	32	portal.trendzqtr.com: PO-25071409	1	[{"added": {}}]	19	4
1699	2025-07-14 17:06:36.694499+00	964	LIGHTX 5M CAT 6 CABLE (2000005MCAT6) - Accessories - Network	1	[{"added": {}}]	14	4
1700	2025-07-15 11:15:43.841478+00	33	portal.trendzqtr.com: PO-25071501	1	[{"added": {}}]	19	4
1701	2025-07-15 11:18:53.345213+00	694	Software Update (1234567890101) - Services - Computer	2	[{"changed": {"fields": ["Unit price"]}}]	14	5
1702	2025-07-15 15:28:43.945877+00	965	HP 19.5V 3.33A 4.5*3.0 (CH000195333) - Accessories - Computer	1	[{"added": {}}]	14	4
1703	2025-07-15 15:32:07.167637+00	966	Lenovo 20V 3.25A 4.0*1.7 (chln00020325) - Accessories - Computer	1	[{"added": {}}]	14	4
1704	2025-07-15 15:34:00.789636+00	34	portal.trendzqtr.com: PO-25071502	1	[{"added": {}}, {"added": {"name": "purchase item", "object": "Acer 19V 3.42A 3.0MM 1.1MM Adapter x 14"}}, {"added": {"name": "purchase item", "object": "Toshiba 19V 3.95A 5.5MM 2.5MM Adapter x 10"}}, {"added": {"name": "purchase item", "object": "HP 19.5V 3.33A 4.5*3.0 x 10"}}, {"added": {"name": "purchase item", "object": "Lenovo 20V 3.25A 4.0*1.7 x 5"}}, {"added": {"name": "purchase item", "object": "DELL CHARGER 19.5V 4.62A POWERGO x 5"}}]	19	4
1705	2025-07-15 16:44:58.005144+00	967	Hp Mini PC/i5 7th gen/8gb/512gb (123456789456) - Desktop	1	[{"added": {}}]	14	4
1706	2025-07-15 16:45:08.139538+00	35	portal.trendzqtr.com: PO-25071503	1	[{"added": {}}, {"added": {"name": "purchase item", "object": "Hp Mini PC/i5 7th gen/8gb/512gb x 1"}}]	19	4
1707	2025-07-15 16:45:26.81815+00	967	Hp Mini PC/i5 7th gen/8gb/512gb (123456789456) - Desktop	2	[{"changed": {"fields": ["Stock"]}}]	14	4
1708	2025-07-15 16:45:34.965415+00	301	Hp Mini PC/i5 7th gen/8gb/512gb x 1	1	[{"added": {}}]	21	4
1709	2025-07-15 17:42:58.625347+00	36	portal.trendzqtr.com: PO-25071504	1	[{"added": {}}]	19	4
1710	2025-07-15 17:44:20.328653+00	968	Laptop Bag Normal (123456789501) - Accessories - Computer	1	[{"added": {}}]	14	4
1711	2025-07-16 06:36:10.152318+00	37	portal.trendzqtr.com: PO-26270	1	[{"added": {}}]	19	4
1712	2025-07-16 06:37:07.380167+00	969	HEADSET TYPE C (6904156454110) - Accessories - Mobile	1	[{"added": {}}]	14	4
1713	2025-07-16 06:37:21.290027+00	969	HEADSET TYPE C (6904156454110) - Accessories - Mobile	2	[{"changed": {"fields": ["Stock"]}}]	14	4
1714	2025-07-16 06:37:30.154872+00	302	HEADSET TYPE C x 5	1	[{"added": {}}]	21	4
1715	2025-07-16 06:38:40.883011+00	970	K8 WIRLESS MICROPHONE (20000K8) - Accessories - Mobile	1	[{"added": {}}]	14	4
1716	2025-07-16 06:38:48.801145+00	303	K8 WIRLESS MICROPHONE x 2	1	[{"added": {}}]	21	4
1717	2025-07-16 06:39:28.274732+00	304	PUBG Triger LX x 5	1	[{"added": {}}]	21	4
1718	2025-07-16 06:41:23.21014+00	971	BOLICE WIRED EARPHONE LIGHTNING (6366202307205) - Accessories - Mobile	1	[{"added": {}}]	14	4
1719	2025-07-16 06:41:36.577024+00	305	BOLICE WIRED EARPHONE LIGHTNING x 5	1	[{"added": {}}]	21	4
1720	2025-07-16 06:42:23.57281+00	972	CAT HEADSET MIX (6930481580255) - Accessories - Computer	1	[{"added": {}}]	14	4
1721	2025-07-16 06:42:32.504189+00	306	CAT HEADSET MIX x 2	1	[{"added": {}}]	21	4
1722	2025-07-16 08:29:49.231199+00	14	portal.trendzqtr.com: Connect Computers & Mobiles	1	[{"added": {}}]	20	4
1723	2025-07-16 08:30:35.147369+00	38	portal.trendzqtr.com: PO-SO-0235582	1	[{"added": {}}]	19	4
1724	2025-07-16 09:23:56.710714+00	20	Invoice #INV-2025-0006 - Walk-in Customer ()	2	[{"changed": {"fields": ["Status"]}}]	12	1
1725	2025-07-16 09:24:40.42849+00	15	Invoice #e3f3a555-1c08-4334-8680-9ed1cf496c61 - Ahmed Al-Rashid (+974-1234-5678)	3		12	1
1726	2025-07-16 09:26:36.329205+00	136	Invoice #INV-2025-0138 - Walk In (12345678)	2	[{"changed": {"fields": ["Status"]}}]	12	1
1727	2025-07-16 09:30:42.133834+00	135	Invoice #INV-2025-0137 - saith (66152200)	2	[{"changed": {"fields": ["Status"]}}]	12	1
1728	2025-07-16 09:52:29.986781+00	916	Meetion Mouse Pad (2000035) - Accessories - Computer	2	[{"changed": {"fields": ["Name", "Description", "Barcode"]}}]	14	4
1729	2025-07-16 13:04:20.616942+00	15	portal.trendzqtr.com: OFFICE MART	1	[{"added": {}}]	20	4
1730	2025-07-16 13:04:56.658443+00	39	portal.trendzqtr.com: PO-25160701	1	[{"added": {}}]	19	4
1731	2025-07-16 13:06:35.309+00	973	HP 230 BLACK (230230230) - Accessories - Printer	1	[{"added": {}}]	14	4
1732	2025-07-16 13:06:55.656399+00	307	HP 230 BLACK x 1	1	[{"added": {}}]	21	4
1733	2025-07-16 13:07:41.58095+00	974	HP 230 YELLOW (230230230Y) - Accessories - Printer	1	[{"added": {}}]	14	4
1734	2025-07-16 13:07:52.34075+00	308	HP 230 YELLOW x 1	1	[{"added": {}}]	21	4
1735	2025-07-16 13:17:42.344518+00	30	Invoice #INV-2025-0015 - Yasser (55784725)	2	[{"changed": {"fields": ["Status"]}}]	12	1
1736	2025-07-16 13:18:03.384496+00	24	Invoice #INV-2025-0010 - Walk In (12345678)	3		12	1
1737	2025-07-16 13:18:20.354069+00	22	Invoice #INV-2025-0008 - Walk-in Customer ()	2	[{"changed": {"fields": ["Status"]}}]	12	1
1738	2025-07-16 13:19:11.309343+00	16	Invoice #bb751fc0-3835-4da8-8524-d183b7c798e4 - Jozour Al Mana (12345678)	3		12	1
1739	2025-07-16 13:25:26.2389+00	152	Invoice #INV-2025-0154 - Yummy (55307408)	3		12	5
1740	2025-07-16 17:27:18.211917+00	463	LENOVO 65W STANDARD AC ADAPTER ORGINAL (191200521669) - Accessories - Computer	2	[{"changed": {"fields": ["Stock"]}}]	14	4
1741	2025-07-16 17:36:54.951741+00	40	portal.trendzqtr.com: PO-25071601	1	[{"added": {}}]	19	4
1742	2025-07-16 17:38:20.747096+00	39	portal.trendzqtr.com: PO-25071602	2	[{"changed": {"fields": ["Reference"]}}]	19	5
1743	2025-07-16 17:40:45.810123+00	975	14 Inch 30 Pin Frameless Display (123456789530) - Accessories - Computer	1	[{"added": {}}]	14	4
1744	2025-07-16 17:40:52.401311+00	309	14 Inch 30 Pin Frameless Display x 1	1	[{"added": {}}]	21	4
1745	2025-07-16 17:45:00.370828+00	975	14 Inch Fhd 30 Pin Frameless Display (123456789530) - Accessories - Computer	2	[{"changed": {"fields": ["Name", "Description"]}}]	14	5
1746	2025-07-16 18:27:23.591176+00	976	Lenovo Thinkpad T470 i7 7th/16/512 Touch (LNT470716512) - Laptop	1	[{"added": {}}]	14	4
1747	2025-07-16 18:27:35.017608+00	41	portal.trendzqtr.com: PO-789B	1	[{"added": {}}, {"added": {"name": "purchase item", "object": "Lenovo Thinkpad T470 i7 7th/16/512 Touch x 1"}}]	19	4
1748	2025-07-16 18:32:25.651567+00	977	Meetion M360 Wired Mouse (6970344732117) - Accessories - Computer	1	[{"added": {}}]	14	4
1749	2025-07-16 18:32:33.364022+00	977	Meetion M360 Wired Mouse (6970344732117) - Accessories - Computer	2	[]	14	4
1750	2025-07-16 18:32:40.108175+00	42	portal.trendzqtr.com: PO-25071605	1	[{"added": {}}, {"added": {"name": "purchase item", "object": "Meetion M360 Wired Mouse x 2"}}]	19	4
1751	2025-07-16 18:39:53.259189+00	502	MICROSOFT SURFACE 15V 2.58A (8000009) - Accessories - Computer	2	[{"changed": {"fields": ["Unit price"]}}]	14	5
1752	2025-07-16 18:55:29.057404+00	167	Invoice #INV-2025-0169 - Walk In (12345678)	2	[{"changed": {"fields": ["Status"]}}]	12	4
1753	2025-07-16 18:55:39.103375+00	166	Invoice #INV-2025-0168 - Hussain (31373826a)	2	[{"changed": {"fields": ["Status"]}}]	12	4
1754	2025-07-16 18:55:51.798844+00	165	Invoice #INV-2025-0167 - Walk In (12345678)	2	[{"changed": {"fields": ["Status"]}}]	12	4
1755	2025-07-16 18:56:04.820073+00	164	Invoice #INV-2025-0166 - Walk In (12345678)	2	[{"changed": {"fields": ["Status"]}}]	12	4
1756	2025-07-16 18:56:15.006082+00	163	Invoice #INV-2025-0165 - Walk In (12345678)	2	[{"changed": {"fields": ["Status"]}}]	12	4
1757	2025-07-16 18:56:23.833503+00	162	Invoice #INV-2025-0164 - Walk In (12345678)	2	[{"changed": {"fields": ["Status"]}}]	12	4
1758	2025-07-16 18:56:34.403302+00	161	Invoice #INV-2025-0163 - Walk In (12345678)	2	[{"changed": {"fields": ["Status"]}}]	12	4
1759	2025-07-16 18:56:49.365919+00	160	Invoice #INV-2025-0162 - Walk In (12345678)	2	[{"changed": {"fields": ["Status"]}}]	12	4
1760	2025-07-16 18:58:22.988041+00	159	Invoice #INV-2025-0161 - Walk In (12345678)	2	[{"changed": {"fields": ["Status"]}}]	12	4
1761	2025-07-16 18:58:31.966722+00	158	Invoice #INV-2025-0160 - Hassan (77200083)	2	[{"changed": {"fields": ["Status"]}}]	12	4
1762	2025-07-16 18:58:40.75379+00	157	Invoice #INV-2025-0159 - Mukiya (70125518)	2	[{"changed": {"fields": ["Status"]}}]	12	4
1763	2025-07-16 18:58:52.87441+00	156	Invoice #INV-2025-0158 - Mukiya (70125518)	2	[{"changed": {"fields": ["Status"]}}]	12	4
1764	2025-07-16 18:58:59.969874+00	151	Invoice #INV-2025-0153 - Hashim (33574359)	2	[{"changed": {"fields": ["Status"]}}]	12	4
1765	2025-07-16 18:59:09.205799+00	153	Invoice #INV-2025-0155 - Yummy (55307408)	2	[{"changed": {"fields": ["Status"]}}]	12	4
1766	2025-07-16 18:59:18.318881+00	154	Invoice #INV-2025-0156 - Mukiya (70125518)	2	[{"changed": {"fields": ["Status"]}}]	12	4
1767	2025-07-16 18:59:29.496289+00	155	Invoice #INV-2025-0157 - Walk In (12345678)	2	[{"changed": {"fields": ["Status"]}}]	12	4
1768	2025-07-17 05:48:53.345225+00	978	Deli Ethernet crimper (6973107487279) - Accessories - Printer	1	[{"added": {}}]	14	4
1769	2025-07-17 05:50:04.817085+00	979	Deli 33 pcs Electronics Precision Repair Set (6974173015212) - Accessories - Computer	1	[{"added": {}}]	14	4
1770	2025-07-17 05:53:47.526381+00	980	Deli Screwdriver Star Small DL623150 (6974173012419) - Accessories - Computer	1	[{"added": {}}]	14	4
1771	2025-07-17 05:55:13.861211+00	981	Deli Screwdriver Star Big DL626200 (6974173012518) - Accessories - Computer	1	[{"added": {}}]	14	4
1772	2025-07-17 06:04:56.614681+00	982	Deli Screwdriver Flat Big DL6262001 (6974173012334) - Accessories - Computer	1	[{"added": {}}]	14	4
1773	2025-07-17 06:06:33.301122+00	983	Unitek 2 in 1 Bluetooth Transmitter Receiver (4894160054883) - Accessories - Computer	1	[{"added": {}}]	14	4
1835	2025-07-21 05:53:49.012015+00	169	Invoice #INV-2025-0171 - Walk In (12345678)	2	[{"changed": {"fields": ["Status"]}}]	12	5
1836	2025-07-21 05:53:56.894251+00	168	Invoice #INV-2025-0170 - Walk In (12345678)	2	[{"changed": {"fields": ["Status"]}}]	12	5
1837	2025-07-21 05:54:22.777209+00	150	Invoice #INV-2025-0152 - Thalha (31428484)	2	[{"changed": {"fields": ["Status"]}}]	12	5
1838	2025-07-21 05:54:44.784476+00	52	Invoice #INV-2025-0037 - Walk In (12345678)	2	[{"changed": {"fields": ["Status"]}}]	12	5
1774	2025-07-17 06:06:41.69684+00	43	portal.trendzqtr.com: PO-25071701	1	[{"added": {}}, {"added": {"name": "purchase item", "object": "Deli Ethernet crimper x 5"}}, {"added": {"name": "purchase item", "object": "Deli 33 pcs Electronics Precision Repair Set x 5"}}, {"added": {"name": "purchase item", "object": "Deli Screwdriver Star Small DL623150 x 4"}}, {"added": {"name": "purchase item", "object": "Deli Screwdriver Star Big DL626200 x 10"}}, {"added": {"name": "purchase item", "object": "Deli Screwdriver Flat Big DL6262001 x 5"}}, {"added": {"name": "purchase item", "object": "Unitek 2 in 1 Bluetooth Transmitter Receiver x 1"}}]	19	4
1775	2025-07-17 07:43:37.134081+00	18	portal.trendzqtr.com: PO-2501305	2	[{"changed": {"fields": ["Status"]}}]	19	5
1776	2025-07-17 07:46:52.570558+00	44	portal.trendzqtr.com: PO-25071702	1	[{"added": {}}]	19	5
1777	2025-07-17 07:47:48.787694+00	318	LEXAR 1TB SATA x 2	1	[{"added": {}}]	21	5
1778	2025-07-17 08:31:26.656723+00	38	portal.trendzqtr.com: PO-SO-0235582	3		19	1
1779	2025-07-17 08:50:05.504606+00	846	RELIABLE 217A BLK (2000016) - Accessories - Printer	2	[{"changed": {"fields": ["Barcode"]}}]	14	4
1780	2025-07-17 08:50:18.977197+00	849	UP 217A BLK (up8000002) - Accessories - Printer	2	[{"changed": {"fields": ["Barcode"]}}]	14	4
1781	2025-07-17 08:50:29.050922+00	851	Multicolour 217A Blk (216523715263) - Accessories - Printer	2	[{"changed": {"fields": ["Barcode"]}}]	14	4
1782	2025-07-17 09:27:07.528653+00	45	portal.trendzqtr.com: PO-SO-023582	1	[{"added": {}}]	19	1
1783	2025-07-17 09:32:30.940534+00	984	LightX Laptop Power Cable 3 Prong 1.5m (12345678991) - Accessories - Computer	1	[{"added": {}}]	14	1
1784	2025-07-17 09:33:12.404875+00	319	LightX Laptop Power Cable 3 Prong 1.5m x 100	1	[{"added": {}}]	21	1
1785	2025-07-17 09:33:38.71342+00	984	LightX Laptop Power Cable 3 Prong 1.5m (12345678991) - Accessories - Computer	2	[{"changed": {"fields": ["Stock"]}}]	14	1
1786	2025-07-17 09:38:25.097193+00	320	UNITEK 15CM USB TO ETHERNET ADAPTER x 10	1	[{"added": {}}]	21	1
1787	2025-07-17 09:43:24.804254+00	45	portal.trendzqtr.com: PO-SO-023582	2	[{"changed": {"fields": ["Status", "Payment due"]}}]	19	1
1788	2025-07-17 09:43:39.236186+00	45	portal.trendzqtr.com: PO-SO-023582	2	[]	19	1
1789	2025-07-17 09:44:03.938436+00	339	UNITEK 15CM USB TO ETHERNET ADAPTER (4894160018960) - Accessories - Computer	2	[]	14	1
1790	2025-07-19 07:31:00.912029+00	46	portal.trendzqtr.com: PO-19072501	1	[{"added": {}}]	19	4
1791	2025-07-19 07:33:12.066878+00	985	HP LASER 107W PRINTER (jc69-06418f02) - Accessories - Printer	1	[{"added": {}}]	14	4
1792	2025-07-19 07:33:22.446899+00	985	HP LASER 107W PRINTER (jc69-06418f02) - Accessories - Printer	2	[{"changed": {"fields": ["Stock"]}}]	14	4
1793	2025-07-19 07:33:37.719595+00	985	HP LASER 107W PRINTER (jc69-06418f02) - Accessories - Printer	2	[]	14	4
1794	2025-07-19 07:33:38.577512+00	321	HP LASER 107W PRINTER x 1	1	[{"added": {}}]	21	4
1795	2025-07-19 07:48:08.404463+00	47	portal.trendzqtr.com: PO-25071901	1	[{"added": {}}]	19	4
1796	2025-07-19 07:53:14.579331+00	47	portal.trendzqtr.com: PO-25071902	2	[{"changed": {"fields": ["Reference"]}}]	19	5
1797	2025-07-19 07:53:30.150624+00	46	portal.trendzqtr.com: PO-25071901	2	[{"changed": {"fields": ["Reference"]}}]	19	5
1798	2025-07-19 07:55:32.849316+00	986	Lenovo L16M2PB Battery (123456789601) - Accessories - Computer	1	[{"added": {}}]	14	4
1799	2025-07-19 07:55:39.397512+00	322	Lenovo L16M2PB Battery x 1	1	[{"added": {}}]	21	4
1800	2025-07-20 14:00:42.514714+00	133	TEAM GROUP DDR3L (765441615809) - Accessories - Computer	2	[]	14	1
1801	2025-07-20 14:02:45.910112+00	17	DESKTOP RAM	3		7	1
1802	2025-07-20 14:04:15.101059+00	154	LEXAR DDR4 8GB (843367123766) - Accessories - Computer	2	[{"changed": {"fields": ["Category"]}}]	14	1
1803	2025-07-20 14:04:35.473044+00	157	IMATION DDR4 32GB (IMDDR432GB) - Accessories - Computer	2	[{"changed": {"fields": ["Category"]}}]	14	1
1804	2025-07-20 14:04:59.515269+00	158	IMATION DDR4 16GB (IMDDR416GB) - Accessories - Computer	2	[{"changed": {"fields": ["Category"]}}]	14	1
1805	2025-07-20 14:05:16.991646+00	18	LAPTOP RAM	3		7	1
1806	2025-07-20 15:10:03.56063+00	16	portal.trendzqtr.com: SUPPLIERS	1	[{"added": {}}]	20	4
1807	2025-07-20 15:10:24.900224+00	48	portal.trendzqtr.com: PO-6683	1	[{"added": {}}]	19	4
1808	2025-07-20 15:11:43.380494+00	987	GP43 WIRLESS GAMEPAD (6932391930670) - Accessories - Computer	1	[{"added": {}}]	14	4
1809	2025-07-20 15:11:51.257553+00	323	GP43 WIRLESS GAMEPAD x 2	1	[{"added": {}}]	21	4
1810	2025-07-20 15:12:44.308201+00	988	GP 52 WIRLESS RGB GAMEPAD (6932391929650) - Accessories - Computer	1	[{"added": {}}]	14	4
1811	2025-07-20 15:12:55.77368+00	324	GP 52 WIRLESS RGB GAMEPAD x 1	1	[{"added": {}}]	21	4
1812	2025-07-20 15:13:40.599876+00	989	GAMING MOUSE GM 209P (6932391927021) - Accessories - Computer	1	[{"added": {}}]	14	4
1813	2025-07-20 15:13:51.29238+00	325	GAMING MOUSE GM 209P x 2	1	[{"added": {}}]	21	4
1814	2025-07-20 16:01:55.062495+00	162	TOSHIBA CANVIO BASIS 4TB (4260557512364) - Accessories - Computer	2	[{"changed": {"fields": ["Category"]}}]	14	1
1815	2025-07-20 16:02:25.02217+00	166	TOSHIBA CANVIO BASIS 1TB (4260557512340) - EXTERNAL HARDDISK	2	[]	14	1
1816	2025-07-20 16:02:48.289492+00	166	TOSHIBA CANVIO BASIS 1TB (4260557512340) - Accessories - Computer	2	[{"changed": {"fields": ["Category"]}}]	14	1
1817	2025-07-20 16:03:20.22357+00	19	EXTERNAL HARDDISK	3		7	1
1818	2025-07-20 16:03:58.133351+00	172	LEXAR 512GB SATA (843367116201) - Accessories - Computer	2	[{"changed": {"fields": ["Category"]}}]	14	1
1819	2025-07-20 16:04:25.86111+00	174	LEXAR 2TB SATA (843367120758) - Accessories - Computer	2	[{"changed": {"fields": ["Category"]}}]	14	1
1820	2025-07-20 16:05:02.082105+00	20	INTERNAL SSD SATA	3		7	1
1821	2025-07-20 16:05:34.530214+00	178	KINGSTON NV2 PCIE 4 NVME 500GB (740617329858) - Accessories - Computer	2	[{"changed": {"fields": ["Category"]}}]	14	1
1823	2025-07-20 16:06:59.271041+00	9	Test Category	3		7	1
1824	2025-07-20 16:07:20.351906+00	26	Test Electronics	3		7	1
1825	2025-07-20 16:07:35.237727+00	25	Test Category	3		7	1
1826	2025-07-20 16:11:33.929662+00	15	Electronics	3		7	1
1827	2025-07-20 16:11:46.83254+00	13	Electronics	3		7	1
1828	2025-07-21 05:51:59.136436+00	177	Invoice #INV-2025-0178 - Ali (33731196)	2	[{"changed": {"fields": ["Status"]}}]	12	5
1829	2025-07-21 05:52:53.823554+00	176	Invoice #INV-2025-0177 - Walk In (12345678)	2	[{"changed": {"fields": ["Status"]}}]	12	5
1830	2025-07-21 05:53:03.919323+00	175	Invoice #INV-2025-0176 - Walk In (12345678)	2	[{"changed": {"fields": ["Status"]}}]	12	5
1831	2025-07-21 05:53:11.908447+00	174	Invoice #INV-2025-0175 - Walk In (12345678)	2	[{"changed": {"fields": ["Status"]}}]	12	5
1832	2025-07-21 05:53:20.632761+00	173	Invoice #INV-2025-0174 - JULIUS (66061021)	2	[{"changed": {"fields": ["Status"]}}]	12	5
1833	2025-07-21 05:53:26.975594+00	171	Invoice #INV-2025-0173 - JAWAHAR (66838061)	2	[{"changed": {"fields": ["Status"]}}]	12	5
1834	2025-07-21 05:53:40.96505+00	170	Invoice #INV-2025-0172 - Rahman (55062671)	2	[{"changed": {"fields": ["Status"]}}]	12	5
1839	2025-07-21 05:55:00.153474+00	149	Invoice #INV-2025-0151 - Walk In (12345678)	2	[{"changed": {"fields": ["Status"]}}]	12	5
1840	2025-07-21 05:55:07.482558+00	148	Invoice #INV-2025-0150 - Walk In (12345678)	2	[{"changed": {"fields": ["Status"]}}]	12	5
1841	2025-07-21 05:55:15.064532+00	147	Invoice #INV-2025-0149 - Walk In (12345678)	2	[{"changed": {"fields": ["Status"]}}]	12	5
1842	2025-07-21 05:55:21.454631+00	146	Invoice #INV-2025-0148 - Walk In (12345678)	2	[{"changed": {"fields": ["Status"]}}]	12	5
1843	2025-07-21 05:55:28.633034+00	145	Invoice #INV-2025-0147 - HASSAN (51083983)	2	[{"changed": {"fields": ["Status"]}}]	12	5
1844	2025-07-21 05:55:34.354089+00	144	Invoice #INV-2025-0146 - Walk In (12345678)	2	[{"changed": {"fields": ["Status"]}}]	12	5
1845	2025-07-21 05:55:40.142546+00	143	Invoice #INV-2025-0145 - Walk In (12345678)	2	[{"changed": {"fields": ["Status"]}}]	12	5
1846	2025-07-21 05:55:47.049758+00	142	Invoice #INV-2025-0144 - Walk In (12345678)	2	[{"changed": {"fields": ["Status"]}}]	12	5
1847	2025-07-21 05:55:53.301043+00	141	Invoice #INV-2025-0143 - Walk In (12345678)	2	[{"changed": {"fields": ["Status"]}}]	12	5
1848	2025-07-21 05:56:00.37064+00	140	Invoice #INV-2025-0142 - Walk In (12345678)	2	[{"changed": {"fields": ["Status"]}}]	12	5
1849	2025-07-21 05:56:06.130279+00	139	Invoice #INV-2025-0141 - Walk In (12345678)	2	[{"changed": {"fields": ["Status"]}}]	12	5
1850	2025-07-21 05:56:12.92359+00	138	Invoice #INV-2025-0140 - Walk In (12345678)	2	[{"changed": {"fields": ["Status"]}}]	12	5
1851	2025-07-21 05:56:21.397098+00	137	Invoice #INV-2025-0139 - Ali (30270011)	2	[{"changed": {"fields": ["Status"]}}]	12	5
1852	2025-07-21 05:56:26.990409+00	134	Invoice #INV-2025-0136 - Walk In (12345678)	2	[{"changed": {"fields": ["Status"]}}]	12	5
1853	2025-07-21 05:56:32.514808+00	133	Invoice #INV-2025-0135 - Walk In (12345678)	2	[{"changed": {"fields": ["Status"]}}]	12	5
1854	2025-07-21 05:56:38.268207+00	132	Invoice #INV-2025-0134 - Walk In (12345678)	2	[{"changed": {"fields": ["Status"]}}]	12	5
1855	2025-07-21 05:56:44.762657+00	130	Invoice #INV-2025-0132 - Walk In (12345678)	2	[{"changed": {"fields": ["Status"]}}]	12	5
1856	2025-07-21 05:56:53.069506+00	128	Invoice #INV-2025-0130 - Walk In (12345678)	2	[{"changed": {"fields": ["Status"]}}]	12	5
1857	2025-07-21 05:57:00.688402+00	127	Invoice #INV-2025-0129 - Walk In (12345678)	2	[{"changed": {"fields": ["Status"]}}]	12	5
1858	2025-07-21 05:57:16.038358+00	126	Invoice #INV-2025-0128 - Walk In (12345678)	2	[{"changed": {"fields": ["Status"]}}]	12	5
1859	2025-07-21 05:57:25.593714+00	125	Invoice #INV-2025-0127 - Siraj (70339656)	2	[{"changed": {"fields": ["Status"]}}]	12	5
1860	2025-07-21 05:57:31.422875+00	124	Invoice #INV-2025-0126 - Besan (71755050)	2	[{"changed": {"fields": ["Status"]}}]	12	5
1861	2025-07-21 05:57:35.80429+00	121	Invoice #INV-2025-0123 - Dennies (30333290)	2	[{"changed": {"fields": ["Status"]}}]	12	5
1862	2025-07-21 05:57:43.980955+00	120	Invoice #INV-2025-0122 - Walk In (12345678)	2	[{"changed": {"fields": ["Status"]}}]	12	5
1863	2025-07-21 05:57:50.530371+00	119	Invoice #INV-2025-0121 - Walk In (12345678)	2	[{"changed": {"fields": ["Status"]}}]	12	5
1864	2025-07-21 05:57:56.578343+00	118	Invoice #INV-2025-0120 - Walk In (12345678)	2	[{"changed": {"fields": ["Status"]}}]	12	5
1865	2025-07-21 05:58:03.787576+00	117	Invoice #INV-2025-0119 - Walk In (12345678)	2	[{"changed": {"fields": ["Status"]}}]	12	5
1866	2025-07-21 05:58:16.199039+00	116	Invoice #INV-2025-0118 - EKBAAL (30378038)	2	[{"changed": {"fields": ["Status"]}}]	12	5
1867	2025-07-21 05:58:26.497021+00	115	Invoice #INV-2025-0117 - EKBAAL (30378038)	2	[{"changed": {"fields": ["Status"]}}]	12	5
1868	2025-07-21 05:58:39.340543+00	114	Invoice #INV-2025-0116 - Grace (52026764)	2	[{"changed": {"fields": ["Status"]}}]	12	5
1869	2025-07-21 05:58:45.915713+00	113	Invoice #INV-2025-0115 - Mohamed (60024629)	2	[{"changed": {"fields": ["Status"]}}]	12	5
1870	2025-07-21 05:58:53.111449+00	112	Invoice #INV-2025-0114 - Mohamed (60024629)	2	[{"changed": {"fields": ["Status"]}}]	12	5
1871	2025-07-21 05:59:05.016735+00	111	Invoice #INV-2025-0113 - STEVAN (51085521)	2	[{"changed": {"fields": ["Status"]}}]	12	5
1872	2025-07-21 05:59:10.657742+00	110	Invoice #INV-2025-0112 - SL PC (55196583)	2	[{"changed": {"fields": ["Status"]}}]	12	5
1873	2025-07-21 05:59:16.424951+00	109	Invoice #INV-2025-0111 - customer (33992747)	2	[{"changed": {"fields": ["Status"]}}]	12	5
1874	2025-07-21 05:59:21.406573+00	107	Invoice #INV-2025-0109 - Walk In (12345678)	2	[{"changed": {"fields": ["Status"]}}]	12	5
1875	2025-07-21 05:59:26.671234+00	73	Invoice #INV-2025-0001 - Walk In (12345678)	2	[{"changed": {"fields": ["Status"]}}]	12	5
1876	2025-07-21 05:59:31.537354+00	61	Invoice #INV-2025-0046 - Walk In (12345678)	2	[{"changed": {"fields": ["Status"]}}]	12	5
1877	2025-07-21 05:59:36.149548+00	60	Invoice #INV-2025-0045 - BRYANT (31542466)	2	[{"changed": {"fields": ["Status"]}}]	12	5
1878	2025-07-21 05:59:41.3385+00	59	Invoice #INV-2025-0044 - BRYANT (31542466)	2	[{"changed": {"fields": ["Status"]}}]	12	5
1879	2025-07-21 05:59:46.570337+00	57	Invoice #INV-2025-0042 - BIJITH (66545848)	2	[{"changed": {"fields": ["Status"]}}]	12	5
1880	2025-07-21 05:59:54.085186+00	56	Invoice #INV-2025-0041 - Walk In (12345678)	2	[{"changed": {"fields": ["Status"]}}]	12	5
1881	2025-07-21 06:00:00.014699+00	55	Invoice #INV-2025-0040 - Clarion Shipping (66125578)	2	[{"changed": {"fields": ["Status"]}}]	12	5
1882	2025-07-21 06:00:09.573108+00	54	Invoice #INV-2025-0039 - Yousuf (30531183)	2	[{"changed": {"fields": ["Status"]}}]	12	5
1883	2025-07-21 06:00:14.534975+00	53	Invoice #INV-2025-0038 - Walk In (12345678)	2	[{"changed": {"fields": ["Status"]}}]	12	5
1884	2025-07-21 06:00:19.786074+00	29	Invoice #INV-2025-0014 - Yasser (55784725)	2	[{"changed": {"fields": ["Status"]}}]	12	5
1885	2025-07-21 06:00:42.084041+00	26	Invoice #INV-2025-0012 - Walk In (12345678)	2	[{"changed": {"fields": ["Status"]}}]	12	5
1886	2025-07-21 06:00:48.630213+00	25	Invoice #INV-2025-0011 - Walk In (12345678)	2	[{"changed": {"fields": ["Status"]}}]	12	5
1887	2025-07-21 06:00:58.672454+00	23	Invoice #INV-2025-0009 - Walk In (12345678)	2	[{"changed": {"fields": ["Status"]}}]	12	5
1888	2025-07-21 06:01:04.071357+00	21	Invoice #INV-2025-0007 - Walk-in Customer ()	2	[{"changed": {"fields": ["Status"]}}]	12	5
1889	2025-07-21 06:01:10.402283+00	18	Invoice #ee0c3482-cc58-40ed-af7f-23bd1195d77e - Fatima Al-Zahra (+974-9876-5432)	2	[{"changed": {"fields": ["Status"]}}]	12	5
1890	2025-07-21 06:01:18.647531+00	17	Invoice #9515a37c-3a9c-42b1-95d0-7addc3c07a41 - Fatima Al-Zahra (+974-9876-5432)	2	[{"changed": {"fields": ["Status"]}}]	12	5
1891	2025-07-21 09:18:35.894792+00	404	DELL OPTIPLAX 5050 CORE I7 7TH GEN 8GB RAM/500GB HDD (50000021) - Desktop	2	[{"changed": {"fields": ["Stock"]}}]	14	5
1892	2025-07-21 09:27:47.02495+00	781	Reliable MLT- D101 Blk (200003) - Accessories - Printer	2	[{"changed": {"fields": ["Barcode"]}}]	14	5
1893	2025-07-21 09:28:02.513458+00	781	Reliable MLT- D101 Blk (200003) - Accessories - Printer	2	[]	14	5
1894	2025-07-21 09:29:20.436809+00	152	Reliable MLT- D101 Blk x 2	2	[]	21	5
1895	2025-07-21 09:31:28.43989+00	12	portal.trendzqtr.com: PO-25070102	2	[]	19	5
1896	2025-07-21 09:32:05.806639+00	12	portal.trendzqtr.com: PO-25070102	2	[]	19	5
1897	2025-07-21 09:34:22.903835+00	13	portal.trendzqtr.com: PO-25070103	2	[{"changed": {"fields": ["Status"]}}]	19	5
1898	2025-07-21 09:45:54.304166+00	12	portal.trendzqtr.com: PO-25070102	2	[{"added": {"name": "purchase item", "object": "HP Bluetooth & Wireless Dual Mode Mouse x 1"}}]	19	1
1899	2025-07-21 17:14:53.760767+00	990	Ramos 16gb Desktop Ram 3600hz (R163600) - Accessories - Computer	1	[{"added": {}}]	14	4
1900	2025-07-21 17:19:16.307942+00	991	Hp 925 Cyan (34567890) - Accessories - Printer	1	[{"added": {}}]	14	4
1901	2025-07-21 17:19:52.341007+00	992	Hp 925 Yellow (9876543545) - Accessories - Printer	1	[{"added": {}}]	14	4
1902	2025-07-21 17:20:20.058808+00	993	Hp 925 Magenta (567892) - Accessories - Printer	1	[{"added": {}}]	14	4
1903	2025-07-21 17:26:38.164543+00	994	Dell 22 inch Frameless monitor (1234567890876) - Accessories - Computer	1	[{"added": {}}]	14	4
1904	2025-07-21 17:27:10.367121+00	49	portal.trendzqtr.com: PO-25012101	1	[{"added": {}}, {"added": {"name": "purchase item", "object": "Ramos 16gb Desktop Ram 3600hz x 2"}}, {"added": {"name": "purchase item", "object": "HP 652 COLOR CATRIDGE x 1"}}, {"added": {"name": "purchase item", "object": "Hp 925 Cyan x 1"}}, {"added": {"name": "purchase item", "object": "Hp 925 Yellow x 1"}}, {"added": {"name": "purchase item", "object": "Hp 925 Magenta x 1"}}, {"added": {"name": "purchase item", "object": "Dell 22 inch Frameless monitor x 27"}}]	19	4
1905	2025-07-21 17:27:58.579556+00	49	portal.trendzqtr.com: PO-25012101	2	[{"changed": {"name": "purchase item", "object": "Dell 22 inch Frameless monitor x 28", "fields": ["Quantity"]}}]	19	5
1906	2025-07-21 17:29:00.654406+00	50	portal.trendzqtr.com: PO-25072102	1	[{"added": {}}, {"added": {"name": "purchase item", "object": "HP 652 BLACK CATRIDGE x 3"}}]	19	4
1907	2025-07-21 17:33:28.78983+00	49	portal.trendzqtr.com: PO-25012101	2	[{"changed": {"name": "purchase item", "object": "Dell 22 inch Frameless monitor x 28", "fields": ["Unit cost"]}}]	19	5
1908	2025-07-21 17:41:01.785052+00	179	Invoice #INV-2025-0180 - Walk In (12345678)	2	[{"changed": {"fields": ["Status"]}}]	12	4
1909	2025-07-21 17:53:23.240817+00	995	Hp 450 G6 Keyboard (456781234) - Accessories - Computer	1	[{"added": {}}]	14	4
1910	2025-07-21 17:53:30.131782+00	51	portal.trendzqtr.com: PO-25072103	1	[{"added": {}}, {"added": {"name": "purchase item", "object": "Hp 450 G6 Keyboard x 1"}}]	19	4
1911	2025-07-21 17:55:04.899397+00	49	portal.trendzqtr.com: PO-25012101	2	[]	19	5
1912	2025-07-22 07:37:30.305544+00	996	Rc Fighter Plane (8765423456789) - Electronics	1	[{"added": {}}]	14	4
1913	2025-07-22 07:39:33.690358+00	52	portal.trendzqtr.com: PO-25072201	1	[{"added": {}}, {"added": {"name": "purchase item", "object": "Rc Fighter Plane x 5"}}]	19	4
1914	2025-07-22 17:04:11.158255+00	53	portal.trendzqtr.com: PO-25072202	1	[{"added": {}}]	19	4
1915	2025-07-22 17:04:45.839932+00	336	Samsung 14V 3A 6.5MM 4.4MM Adapter x 3	1	[{"added": {}}]	21	4
1916	2025-07-22 17:09:33.932122+00	997	Power Cable PC (123456789260) - Accessories - Computer	1	[{"added": {}}]	14	4
1917	2025-07-22 17:09:45.591816+00	337	Power Cable PC x 40	1	[{"added": {}}]	21	4
1918	2025-07-22 17:12:13.645339+00	54	portal.trendzqtr.com: PO-25072203	1	[{"added": {}}]	19	4
1919	2025-07-22 17:16:10.321628+00	998	Toshiba CQ42 Battery (123456789820) - Accessories - Computer	1	[{"added": {}}]	14	4
1920	2025-07-22 17:17:04.379761+00	338	Toshiba CQ42 Battery x 1	1	[{"added": {}}]	21	4
1921	2025-07-22 17:42:22.136005+00	855	Reliable 83A Blk (42526731) - Accessories - Printer	2	[{"changed": {"fields": ["Stock"]}}]	14	4
1922	2025-07-22 17:47:53.37375+00	193	Invoice #INV-2025-0194 - Walk In (12345678)	2	[{"changed": {"fields": ["Status"]}}]	12	5
1923	2025-07-22 17:48:02.247905+00	192	Invoice #INV-2025-0193 - Walk In (12345678)	2	[{"changed": {"fields": ["Status"]}}]	12	5
1924	2025-07-22 17:48:12.889973+00	191	Invoice #INV-2025-0192 - Walk In (12345678)	2	[{"changed": {"fields": ["Status"]}}]	12	5
1925	2025-07-22 17:48:20.484959+00	190	Invoice #INV-2025-0191 - Walk In (12345678)	2	[{"changed": {"fields": ["Status"]}}]	12	5
1926	2025-07-22 17:48:34.107376+00	189	Invoice #INV-2025-0190 - Hashim (33574359)	2	[{"changed": {"fields": ["Status"]}}]	12	5
1927	2025-07-22 18:04:23.816027+00	17	portal.trendzqtr.com: Seven Star Pazhani	1	[{"added": {}}]	20	4
1928	2025-07-22 18:11:10.647067+00	999	Oryx Notebook (9876523456) - Stationary	1	[{"added": {}}]	14	4
1929	2025-07-22 18:11:17.98725+00	55	portal.trendzqtr.com: PO-25072204	1	[{"added": {}}, {"added": {"name": "purchase item", "object": "HP CATRIDGE 953XL BLK x 1"}}, {"added": {"name": "purchase item", "object": "Oryx Notebook x 2"}}]	19	4
1930	2025-07-22 18:11:53.887803+00	18	portal.trendzqtr.com: Itc	1	[{"added": {}}]	20	4
1931	2025-07-22 18:12:38.295057+00	56	portal.trendzqtr.com: PO-25072205	1	[{"added": {}}, {"added": {"name": "purchase item", "object": "Hp 150A  OG Tonner x 1"}}]	19	4
1932	2025-07-22 18:15:11.168261+00	1000	Hp 207A Cyan (987653456789) - Accessories - Printer	1	[{"added": {}}]	14	4
1933	2025-07-22 18:16:24.10979+00	57	portal.trendzqtr.com: PO-25072206	1	[{"added": {}}, {"added": {"name": "purchase item", "object": "Hp 207A Cyan x 1"}}, {"added": {"name": "purchase item", "object": "Brother LC3719XL M x 1"}}, {"added": {"name": "purchase item", "object": "Brother LC3719XL C x 1"}}]	19	4
1934	2025-07-22 18:18:42.54754+00	1001	Upc 106A Tonner (852741963) - Accessories - Printer	1	[{"added": {}}]	14	4
1935	2025-07-22 18:18:49.212347+00	58	portal.trendzqtr.com: PO-25072207	1	[{"added": {}}, {"added": {"name": "purchase item", "object": "Upc 106A Tonner x 2"}}]	19	4
1936	2025-07-22 18:21:16.87229+00	1002	Hp Battery TF03XL (963741123) - Accessories - Computer	1	[{"added": {}}]	14	5
1937	2025-07-22 18:21:27.731692+00	58	portal.trendzqtr.com: PO-25072207	2	[{"added": {"name": "purchase item", "object": "Hp Battery TF03XL x 1"}}]	19	5
1938	2025-07-22 18:22:49.727383+00	746	HP 207A Magenta (193905265169) - Accessories - Printer	2	[{"changed": {"fields": ["Stock"]}}]	14	5
1939	2025-07-22 18:22:49.835639+00	745	HP 207A Yellow (193905265152) - Accessories - Printer	2	[{"changed": {"fields": ["Stock"]}}]	14	5
1940	2025-07-22 18:33:11.301929+00	205	Invoice #INV-2025-0206 - Walk In (12345678)	2	[{"changed": {"fields": ["Status"]}}]	12	5
1941	2025-07-22 18:33:21.952833+00	204	Invoice #INV-2025-0205 - Walk In (12345678)	2	[{"changed": {"fields": ["Status"]}}]	12	5
1942	2025-07-22 18:33:30.791738+00	203	Invoice #INV-2025-0204 - Walk In (12345678)	2	[{"changed": {"fields": ["Status"]}}]	12	5
1943	2025-07-22 18:33:37.174712+00	202	Invoice #INV-2025-0203 - Walk In (12345678)	2	[{"changed": {"fields": ["Status"]}}]	12	5
1944	2025-07-22 18:33:44.140965+00	201	Invoice #INV-2025-0202 - Walk In (12345678)	2	[{"changed": {"fields": ["Status"]}}]	12	5
1945	2025-07-22 18:33:58.98043+00	200	Invoice #INV-2025-0201 - Walk In (12345678)	2	[{"changed": {"fields": ["Status"]}}]	12	5
1946	2025-07-22 18:34:08.839214+00	199	Invoice #INV-2025-0200 - Walk In (12345678)	2	[{"changed": {"fields": ["Status"]}}]	12	5
1947	2025-07-22 18:34:17.310245+00	198	Invoice #INV-2025-0199 - JEAN (66879284)	2	[{"changed": {"fields": ["Status"]}}]	12	5
1948	2025-07-22 18:34:25.666013+00	197	Invoice #INV-2025-0198 - Walk In (12345678)	2	[{"changed": {"fields": ["Status"]}}]	12	5
1949	2025-07-22 18:34:32.350931+00	196	Invoice #INV-2025-0197 - Walk In (12345678)	2	[{"changed": {"fields": ["Status"]}}]	12	5
1950	2025-07-22 18:35:50.115476+00	195	Invoice #INV-2025-0196 - Walk In (12345678)	2	[{"changed": {"fields": ["Status"]}}]	12	5
1951	2025-07-22 18:35:58.00078+00	194	Invoice #INV-2025-0195 - Walk In (12345678)	2	[{"changed": {"fields": ["Status"]}}]	12	5
1952	2025-07-22 18:52:00.679762+00	199	Invoice #INV-2025-0200 - Walk In (12345678)	3		12	5
1953	2025-07-22 18:56:04.242034+00	206	Invoice #INV-2025-0207 - Walk In (12345678)	2	[{"changed": {"fields": ["Status"]}}]	12	4
1954	2025-07-23 06:29:15.871634+00	409	TP Link 300 Mbpswireless USB Adapter (6935364050696) - Accessories - Computer	2	[{"changed": {"fields": ["Stock"]}}]	14	5
1955	2025-07-23 06:35:52.589131+00	1003	Tp Link Archer T2U Nano (600Mbps)  Dongle (6935364099978) - Accessories - Computer	1	[{"added": {}}]	14	4
1956	2025-07-23 06:36:13.799446+00	407	TP Link 150 Mbps Wireless Nano USB Adapter (6935364050719) - Accessories - Computer	2	[{"changed": {"fields": ["Unit price"]}}]	14	4
1957	2025-07-23 06:36:26.154625+00	409	TP Link 300 Mbpswireless USB Adapter (6935364050696) - Accessories - Computer	2	[{"changed": {"fields": ["Unit price"]}}]	14	4
1958	2025-07-23 06:57:10.761978+00	1002	Hp Battery TF03XL (963741123) - Accessories - Computer	2	[{"changed": {"fields": ["Image"]}}]	14	4
1959	2025-07-23 07:03:58.458514+00	692	ASUS NCB1916 KEYBOARD LAPTOP (200000KY) - Accessories - Computer	2	[{"changed": {"fields": ["Image"]}}]	14	4
1960	2025-07-23 08:08:53.636054+00	1004	Tplink RE200 AC750 Wifi Extender (6935364071608) - Accessories - Computer	1	[{"added": {}}]	14	4
1961	2025-07-23 08:09:07.840445+00	59	portal.trendzqtr.com: PO-25072301	1	[{"added": {}}, {"added": {"name": "purchase item", "object": "TP Link 150 Mbps Wireless Nano USB Adapter x 15"}}, {"added": {"name": "purchase item", "object": "TP Link 300 Mbpswireless USB Adapter x 15"}}, {"added": {"name": "purchase item", "object": "Tp Link Archer T2U Nano (600Mbps)  Dongle x 15"}}, {"added": {"name": "purchase item", "object": "Tplink RE200 AC750 Wifi Extender x 5"}}]	19	4
1962	2025-07-23 08:12:16.870254+00	1005	Tp Link RE305 AC 1200 Wifi Extender (6935364097981) - Accessories - Computer	1	[{"added": {}}]	14	4
1963	2025-07-23 08:12:28.494006+00	351	Tp Link RE305 AC 1200 Wifi Extender x 5	1	[{"added": {}}]	21	4
1964	2025-07-23 08:19:33.142927+00	1006	Tp Link RE650 AC2600 Wifi Extender (6935364095840) - Accessories - Computer	1	[{"added": {}}]	14	4
1965	2025-07-23 08:19:43.611739+00	352	Tp Link RE650 AC2600 Wifi Extender x 2	1	[{"added": {}}]	21	4
1966	2025-07-23 08:21:29.29877+00	1007	Tp Link RE505X AX1500 Range Extender (6935364089535) - Accessories - Computer	1	[{"added": {}}]	14	4
1967	2025-07-23 08:21:39.00255+00	1007	Tp Link RE505X AX1500 Range Extender (6935364089535) - Accessories - Computer	2	[{"changed": {"fields": ["Stock"]}}]	14	4
1968	2025-07-23 08:21:43.1182+00	353	Tp Link RE505X AX1500 Range Extender x 2	1	[{"added": {}}]	21	4
1969	2025-07-23 08:26:40.485392+00	354	TP LINK TL-WR84ON 300 MBPS x 15	1	[{"added": {}}]	21	4
1970	2025-07-23 08:27:30.062863+00	541	TP LINK TL-WR84ON 300 MBPS (6935364070533) - Accessories - Network	2	[{"changed": {"fields": ["Unit price"]}}]	14	4
1971	2025-07-23 08:27:32.777351+00	354	TP LINK TL-WR84ON 300 MBPS x 15	2	[]	21	4
1972	2025-07-23 08:30:49.90258+00	1008	Tp Link Archer C50 AC1200 Router (6935364081065) - Accessories - Network	1	[{"added": {}}]	14	4
1973	2025-07-23 08:30:57.00497+00	355	Tp Link Archer C50 AC1200 Router x 5	1	[{"added": {}}]	21	4
1974	2025-07-23 08:35:47.76303+00	1009	Tp Link Archer C6 Ac1200 Router (6935364088903) - Accessories - Network	1	[{"added": {}}]	14	4
1975	2025-07-23 08:35:54.798084+00	356	Tp Link Archer C6 Ac1200 Router x 5	1	[{"added": {}}]	21	4
1976	2025-07-23 08:38:56.614054+00	1010	Tp Link Archer AX10 Ax 1500 Router (6935364089221) - Accessories - Network	1	[{"added": {}}]	14	4
1977	2025-07-23 08:39:07.282762+00	357	Tp Link Archer AX10 Ax 1500 Router x 5	1	[{"added": {}}]	21	4
1978	2025-07-23 08:47:32.71962+00	1011	Tp link AX12 AX1500 Wifi Router (4895252500875) - Accessories - Network	1	[{"added": {}}]	14	4
1979	2025-07-23 08:47:49.57987+00	358	Tp link AX12 AX1500 Wifi Router x 5	1	[{"added": {}}]	21	4
1980	2025-07-23 08:53:00.920253+00	1011	Tp link Archer AX12 AX1500 Wifi Router (4895252500875) - Accessories - Network	2	[{"changed": {"fields": ["Name"]}}]	14	4
1981	2025-07-23 08:53:04.237747+00	358	Tp link Archer AX12 AX1500 Wifi Router x 5	2	[]	21	4
1982	2025-07-23 09:11:44.498958+00	440	TP Link 5 Port 100 MBps Desktop Switch (6935364020064) - Accessories - Network	2	[{"changed": {"fields": ["Sku"]}}]	14	4
1983	2025-07-23 09:11:52.332226+00	440	TP Link 5 Port 100 MBps Desktop Switch (6935364020064) - Accessories - Network	2	[]	14	4
1984	2025-07-23 09:15:29.445686+00	359	TP Link 5 Port 100 MBps Desktop Switch x 10	1	[{"added": {}}]	21	4
1985	2025-07-23 09:28:06.918829+00	360	TP Link 8 Port 100 MBps Desktop Switch x 10	1	[{"added": {}}]	21	4
1986	2025-07-23 09:31:58.723911+00	1012	Tp Link 5 port Gigabit TLSG1005D (6935364091798) - Accessories - Network	1	[{"added": {}}]	14	4
1987	2025-07-23 09:32:07.542329+00	361	Tp Link 5 port Gigabit TLSG1005D x 5	1	[{"added": {}}]	21	4
1988	2025-07-23 09:44:03.02234+00	1013	Tp Link 16 Port Gigabit Rackmount Switch TLSG1016D (69353640020613) - Accessories - Computer	1	[{"added": {}}]	14	4
1989	2025-07-23 09:44:08.545036+00	1013	Tp Link 16 Port Gigabit Rackmount Switch TLSG1016D (69353640020613) - Accessories - Computer	2	[{"changed": {"fields": ["Stock"]}}]	14	4
1990	2025-07-23 09:44:16.660613+00	362	Tp Link 16 Port Gigabit Rackmount Switch TLSG1016D x 3	1	[{"added": {}}]	21	4
1991	2025-07-23 09:47:14.971188+00	1014	Tp Link 28 Port Gigabit Switch with 24 Port Poe TL SG1428PE (852789123) - Accessories - Network	1	[{"added": {}}]	14	4
1992	2025-07-23 09:47:35.567185+00	363	Tp Link 28 Port Gigabit Switch with 24 Port Poe TL SG1428PE x 2	1	[{"added": {}}]	21	4
1993	2025-07-23 09:48:53.325325+00	1015	10 Port Gigabit Easy Smart Poe Switch (6935364052669) - Accessories - Network	1	[{"added": {}}]	14	4
1994	2025-07-23 09:49:01.365496+00	364	10 Port Gigabit Easy Smart Poe Switch x 1	1	[{"added": {}}]	21	4
1995	2025-07-23 11:04:57.073432+00	19	portal.trendzqtr.com: Mobile Clinic	1	[{"added": {}}]	20	4
1996	2025-07-23 11:05:26.067882+00	60	portal.trendzqtr.com: PO-25072302	1	[{"added": {}}]	19	4
1997	2025-07-23 11:27:43.658812+00	365	HOCO DZ16 FAST CHARGING TYPE C TO IP x 3	1	[{"added": {}}]	21	4
1998	2025-07-23 11:28:18.403581+00	366	HOCO DUP03 AUDIO CONVERSION CABLE IP x 3	1	[{"added": {}}]	21	4
1999	2025-07-23 11:34:51.493981+00	1016	Hoco DM6 Earphone with mic (123456789987) - Accessories - Mobile	1	[{"added": {}}]	14	4
2000	2025-07-23 11:35:22.77475+00	367	Hoco DM6 Earphone with mic x 5	1	[{"added": {}}]	21	4
2001	2025-07-23 11:39:10.641403+00	1017	Hoco DM38 Earphone With Mic (1234567896541) - Accessories - Mobile	1	[{"added": {}}]	14	4
2002	2025-07-23 11:39:21.542103+00	368	Hoco DM38 Earphone With Mic x 5	1	[{"added": {}}]	21	4
2003	2025-07-23 11:41:03.969363+00	369	HOCO DU01 USB C TO USB C 1M x 5	1	[{"added": {}}]	21	4
2004	2025-07-23 11:43:44.891812+00	1018	Hoco DGA12 Universal capacitive Pen (123456789582) - Accessories - Mobile	1	[{"added": {}}]	14	4
2005	2025-07-23 11:44:01.699753+00	370	Hoco DGA12 Universal capacitive Pen x 3	1	[{"added": {}}]	21	4
2006	2025-07-23 11:47:41.262312+00	1019	Hoco DU01 USB To Type C (1234567896251) - Accessories - Mobile	1	[{"added": {}}]	14	4
2007	2025-07-23 11:47:49.003998+00	371	Hoco DU01 USB To Type C x 5	1	[{"added": {}}]	21	4
2008	2025-07-23 11:50:17.305531+00	372	HOCO DU01 USB TO MICRO 1M x 5	1	[{"added": {}}]	21	4
2009	2025-07-23 11:52:03.134567+00	373	HOCO DU01 USB C TO IP 1M x 5	1	[{"added": {}}]	21	4
2010	2025-07-23 12:37:26.899174+00	1020	Hoco DM51 Earphone with Mic (12345698745) - Accessories - Mobile	1	[{"added": {}}]	14	4
2011	2025-07-23 12:37:36.447404+00	374	Hoco DM51 Earphone with Mic x 4	1	[{"added": {}}]	21	4
2012	2025-07-23 12:39:36.155474+00	375	HOCO DU46 1M USB C TO IP x 5	1	[{"added": {}}]	21	4
2013	2025-07-23 12:43:24.900323+00	1021	Hoco DB85 10000MAh Power Bank (6942007657617) - Accessories - Mobile	1	[{"added": {}}]	14	4
2014	2025-07-23 12:43:32.999215+00	376	Hoco DB85 10000MAh Power Bank x 1	1	[{"added": {}}]	21	4
2015	2025-07-23 12:45:38.289441+00	1022	Hoco DB86 10000MAh Power Bank (6942007657129) - Accessories - Mobile	1	[{"added": {}}]	14	4
2016	2025-07-23 12:45:46.65067+00	377	Hoco DB86 10000MAh Power Bank x 1	1	[{"added": {}}]	21	4
2017	2025-07-23 12:46:49.473004+00	378	HOCO Q26 MAGNATIC WIRLESS POWER BANK x 1	1	[{"added": {}}]	21	4
2018	2025-07-23 12:49:11.719501+00	1023	Hoco J100A 20000MAh Power Bank (6931474783585) - Accessories - Mobile	1	[{"added": {}}]	14	4
2019	2025-07-23 12:49:22.577856+00	379	Hoco J100A 20000MAh Power Bank x 1	1	[{"added": {}}]	21	4
2020	2025-07-23 12:50:54.63517+00	380	HOCO J115 ULTRASLIM POWER BANK x 1	1	[{"added": {}}]	21	4
2021	2025-07-23 12:52:48.267958+00	1024	Hoco H25 Magnet Car Holder (6942007608909) - Accessories - Mobile	1	[{"added": {}}]	14	4
2022	2025-07-23 12:52:59.561603+00	381	Hoco H25 Magnet Car Holder x 3	1	[{"added": {}}]	21	4
2023	2025-07-23 13:28:05.168401+00	60	portal.trendzqtr.com: PO-25072302	2	[{"changed": {"name": "purchase item", "object": "HOCO DU01 USB C TO USB C 1M x 5", "fields": ["Unit cost"]}}]	19	5
2024	2025-07-23 14:11:56.777169+00	1025	Sandisk Ultra Fair 3.0 256gb (619659154189) - Accessories - Computer	1	[{"added": {}}]	14	4
2025	2025-07-23 14:12:33.745789+00	61	portal.trendzqtr.com: PO-25072303	1	[{"added": {}}, {"added": {"name": "purchase item", "object": "Sandisk Ultra Fair 3.0 256gb x 50"}}]	19	4
2026	2025-07-23 14:13:42.249538+00	1025	Sandisk Ultra Fair 3.0 256gb (619659154189) - Accessories - Computer	2	[{"changed": {"fields": ["Cost price", "Unit price", "Stock"]}}]	14	5
2027	2025-07-23 14:14:26.844956+00	61	portal.trendzqtr.com: PO-25072303	2	[{"changed": {"name": "purchase item", "object": "Sandisk Ultra Fair 3.0 256gb x 9", "fields": ["Quantity", "Unit cost"]}}]	19	5
2028	2025-07-23 14:17:00.151766+00	382	Sandisk Ultra Fair 3.0 256gb x 10	2	[{"changed": {"fields": ["Quantity"]}}]	21	5
2029	2025-07-23 14:21:05.753721+00	1026	Sandisk Cruzer Blade 2.0 8gb (619659000424) - Accessories - Computer	1	[{"added": {}}]	14	4
2030	2025-07-23 14:21:49.725907+00	383	Sandisk Cruzer Blade 2.0 8gb x 14	1	[{"added": {}}]	21	4
2031	2025-07-23 14:23:55.510301+00	1027	Sandisk Cruzer Blade 2.0 32gb (619659069193) - Accessories - Computer	1	[{"added": {}}]	14	4
2032	2025-07-23 14:24:23.017967+00	384	Sandisk Cruzer Blade 2.0 32gb x 30	1	[{"added": {}}]	21	4
2033	2025-07-23 14:26:11.508003+00	214	SANDISK USB 2.0 64GB (619659097318) - Accessories - Computer	2	[{"changed": {"fields": ["Stock"]}}]	14	4
2034	2025-07-23 14:29:29.523409+00	385	SANDISK USB 2.0 64GB x 30	1	[{"added": {}}]	21	4
2035	2025-07-23 14:33:23.694027+00	386	SANDISK ULTRA FAIR 3.0 16GB x 29	1	[{"added": {}}]	21	4
2036	2025-07-23 14:36:38.502312+00	387	SANDISK ULTRA FAIR 3.0 32GB x 30	1	[{"added": {}}]	21	4
2037	2025-07-23 15:25:05.063746+00	62	portal.trendzqtr.com: PO-25072304	1	[{"added": {}}, {"added": {"name": "purchase item", "object": "GP 52 WIRLESS RGB GAMEPAD x 5"}}]	19	4
2038	2025-07-23 17:09:40.64652+00	1028	Microsoft Surface Pro 3 Display (951753741) - Services - Computer	1	[{"added": {}}]	14	4
2039	2025-07-23 17:10:33.172373+00	63	portal.trendzqtr.com: PO-25072305	1	[{"added": {}}, {"added": {"name": "purchase item", "object": "Microsoft Surface Pro 3 Display x 1"}}]	19	4
2040	2025-07-23 17:11:04.236171+00	1028	Microsoft Surface Pro 3 Display (951753741) - Accessories - Computer	2	[{"changed": {"fields": ["Category"]}}]	14	4
2041	2025-07-23 17:11:11.979442+00	1028	Microsoft Surface Pro 3 Display (951753741) - Accessories - Computer	2	[]	14	4
2042	2025-07-23 17:11:19.038418+00	390	Microsoft Surface Pro 3 Display x 1	1	[{"added": {}}]	21	4
2043	2025-07-23 17:12:39.131178+00	390	Microsoft Surface Pro 3 Display x 1	2	[]	21	4
2044	2025-07-23 17:12:53.681924+00	390	Microsoft Surface Pro 3 Display x 1	2	[]	21	4
2045	2025-07-23 17:13:10.616868+00	390	Microsoft Surface Pro 3 Display x 2	2	[{"changed": {"fields": ["Quantity"]}}]	21	4
2046	2025-07-23 17:14:13.245906+00	390	Microsoft Surface Pro 3 Display x 1	2	[{"changed": {"fields": ["Quantity"]}}]	21	4
2047	2025-07-23 17:15:50.780423+00	390	Microsoft Surface Pro 3 Display x 1	3		21	5
2048	2025-07-23 17:18:06.016684+00	63	portal.trendzqtr.com: PO-25072305	2	[]	19	5
2049	2025-07-23 17:18:35.812337+00	1028	Microsoft Surface Pro 3 Display (951753741) - Accessories - Computer	2	[{"changed": {"fields": ["Stock"]}}]	14	5
2050	2025-07-23 17:26:02.733299+00	672	Canon Pixma 490 Blk (4549292041729) - Accessories - Printer	2	[{"changed": {"fields": ["Stock"]}}]	14	4
2051	2025-07-23 17:26:02.735881+00	671	Canon Pixma 490 Cyan (4549292041743) - Accessories - Printer	2	[{"changed": {"fields": ["Stock"]}}]	14	4
2052	2025-07-23 17:26:02.738037+00	670	Canon Pixma 490 Magenta (4549292041767) - Accessories - Printer	2	[{"changed": {"fields": ["Stock"]}}]	14	4
2053	2025-07-23 17:26:02.740041+00	669	Canon Pixma 490 Yellow (4549292041781) - Accessories - Printer	2	[{"changed": {"fields": ["Stock"]}}]	14	4
2054	2025-07-23 17:35:45.378723+00	1029	Extra Ram Laptop 8gb (86248753) - Accessories - Computer	1	[{"added": {}}]	14	4
2055	2025-07-23 17:35:52.298771+00	1029	Extra Ram Laptop 8gb (86248753) - Accessories - Computer	2	[{"changed": {"fields": ["Stock"]}}]	14	4
2056	2025-07-23 17:47:26.047483+00	1030	Crucial DDR416gb Desktop Ram 3200hz (649528900425) - Accessories - Computer	1	[{"added": {}}]	14	4
2057	2025-07-23 17:47:35.955771+00	1030	Crucial DDR4 16gb Desktop Ram 3200hz (649528900425) - Accessories - Computer	2	[{"changed": {"fields": ["Name"]}}]	14	4
2058	2025-07-23 17:47:52.187992+00	64	portal.trendzqtr.com: PO-23072306	1	[{"added": {}}, {"added": {"name": "purchase item", "object": "Crucial DDR4 16gb Desktop Ram 3200hz x 1"}}]	19	4
2059	2025-07-23 17:48:17.180293+00	64	portal.trendzqtr.com: PO-23072306	2	[{"changed": {"fields": ["Status"]}}]	19	5
2060	2025-07-23 17:48:24.514661+00	63	portal.trendzqtr.com: PO-25072305	2	[{"changed": {"fields": ["Status"]}}]	19	5
2061	2025-07-23 17:48:50.190374+00	1028	Microsoft Surface Pro 3 Display (951753741) - Accessories - Computer	2	[{"changed": {"fields": ["Stock"]}}]	14	4
2062	2025-07-23 17:50:08.015385+00	1030	Crucial DDR4 16gb Desktop Ram 3200hz (649528900425) - Accessories - Computer	2	[{"changed": {"fields": ["Stock"]}}]	14	5
2063	2025-07-23 17:50:10.841894+00	64	portal.trendzqtr.com: PO-23072306	2	[]	19	5
2064	2025-07-23 17:52:18.324625+00	158	IMATION DDR4 16GB Laptop Ram (IMDDR416GB) - Accessories - Computer	2	[{"changed": {"fields": ["Name"]}}]	14	4
2065	2025-07-23 17:52:49.377568+00	158	IMATION DDR4 16GB Laptop Ram 3200hz (IMDDR416GB) - Accessories - Computer	2	[{"changed": {"fields": ["Name"]}}]	14	4
2066	2025-07-23 17:52:57.813557+00	157	IMATION DDR4 32GB  Laptop Ram 3200hz (IMDDR432GB) - Accessories - Computer	2	[{"changed": {"fields": ["Name"]}}]	14	4
2067	2025-07-23 18:00:53.909974+00	20	portal.trendzqtr.com: Experience Home	1	[{"added": {}}]	20	4
2068	2025-07-23 18:02:01.94578+00	1031	Kaspersky Antivirus 2 User (9637412789) - Accessories - Computer	1	[{"added": {}}]	14	4
2069	2025-07-23 18:02:08.406034+00	65	portal.trendzqtr.com: PO-25072306	1	[{"added": {}}, {"added": {"name": "purchase item", "object": "Kaspersky Antivirus 2 User x 1"}}]	19	4
2070	2025-07-24 09:23:35.772099+00	12	portal.trendzqtr.com: PO-25070102	2	[{"changed": {"name": "purchase item", "object": "Meetion Mouse Pad x 1", "fields": ["Quantity"]}}]	19	1
2071	2025-07-24 09:24:25.120416+00	916	Meetion Mouse Pad (2000035) - Accessories - Computer	2	[{"changed": {"fields": ["Unit price"]}}]	14	1
2072	2025-07-24 09:44:17.393857+00	135	Invoice #INV-2025-0137 - saith (66152200)	2	[{"changed": {"fields": ["Status"]}}]	12	1
2073	2025-07-24 09:45:25.997249+00	27	Invoice #INV-2025-0013 - Sadique Mohammed (55537994)	2	[{"changed": {"fields": ["Status"]}}]	12	1
2074	2025-07-24 09:45:55.126983+00	178	Invoice #INV-2025-0179 - Walk In (12345678)	2	[{"changed": {"fields": ["Status"]}}]	12	1
2075	2025-07-24 09:46:27.293982+00	180	Invoice #INV-2025-0181 - Walk In (12345678)	2	[{"changed": {"fields": ["Status"]}}]	12	1
2076	2025-07-24 09:46:57.094514+00	182	Invoice #INV-2025-0183 - Walk In (12345678)	2	[{"changed": {"fields": ["Status"]}}]	12	1
2077	2025-07-24 09:47:09.223561+00	181	Invoice #INV-2025-0182 - Walk In (12345678)	2	[{"changed": {"fields": ["Status"]}}]	12	1
2078	2025-07-24 09:47:20.214469+00	183	Invoice #INV-2025-0184 - Walk In (12345678)	2	[{"changed": {"fields": ["Status"]}}]	12	1
2079	2025-07-24 09:47:40.276594+00	184	Invoice #INV-2025-0185 - Walk In (12345678)	2	[{"changed": {"fields": ["Status"]}}]	12	1
2080	2025-07-24 09:47:50.996449+00	185	Invoice #INV-2025-0186 - Walk In (12345678)	2	[{"changed": {"fields": ["Status"]}}]	12	1
2081	2025-07-24 09:48:01.664775+00	186	Invoice #INV-2025-0187 - Walk In (12345678)	2	[{"changed": {"fields": ["Status"]}}]	12	1
2082	2025-07-24 09:48:22.134512+00	187	Invoice #INV-2025-0188 - Walk In (12345678)	2	[{"changed": {"fields": ["Status"]}}]	12	1
2083	2025-07-24 09:48:56.422588+00	188	Invoice #INV-2025-0189 - Walk In (12345678)	2	[{"changed": {"fields": ["Status"]}}]	12	1
2084	2025-07-24 09:49:15.261062+00	207	Invoice #INV-2025-0208 - Walk In (12345678)	2	[{"changed": {"fields": ["Status"]}}]	12	1
2085	2025-07-24 09:49:25.597568+00	208	Invoice #INV-2025-0209 - Walk In (12345678)	2	[{"changed": {"fields": ["Status"]}}]	12	1
2086	2025-07-24 09:50:26.201363+00	209	Invoice #INV-2025-0210 - Walk In (12345678)	2	[{"changed": {"fields": ["Status"]}}]	12	1
2087	2025-07-24 09:50:35.279527+00	210	Invoice #INV-2025-0211 - Walk In (12345678)	2	[{"changed": {"fields": ["Status"]}}]	12	1
2088	2025-07-24 09:51:02.568823+00	211	Invoice #INV-2025-0212 - Walk In (12345678)	2	[{"changed": {"fields": ["Status"]}}]	12	1
2089	2025-07-24 09:51:13.252761+00	212	Invoice #INV-2025-0213 - Walk In (12345678)	2	[{"changed": {"fields": ["Status"]}}]	12	1
2090	2025-07-24 09:51:20.914646+00	213	Invoice #INV-2025-0214 - Ala (77235624)	2	[{"changed": {"fields": ["Status"]}}]	12	1
2091	2025-07-24 09:51:29.853846+00	214	Invoice #INV-2025-0215 - Musharaf (74474247)	2	[{"changed": {"fields": ["Status"]}}]	12	1
2092	2025-07-24 09:51:40.098289+00	215	Invoice #INV-2025-0216 - Walk In (12345678)	2	[{"changed": {"fields": ["Status"]}}]	12	1
2093	2025-07-24 09:51:55.597602+00	216	Invoice #INV-2025-0217 - Mohammed (66781613)	2	[{"changed": {"fields": ["Status"]}}]	12	1
2094	2025-07-24 09:52:06.221799+00	217	Invoice #INV-2025-0218 - Walk In (12345678)	2	[{"changed": {"fields": ["Status"]}}]	12	1
2095	2025-07-24 09:52:20.280281+00	218	Invoice #INV-2025-0219 - Walk In (12345678)	2	[{"changed": {"fields": ["Status"]}}]	12	1
2096	2025-07-24 18:30:13.934929+00	1032	Universal Remote USB (412397741) - Accessories	1	[{"added": {}}]	14	4
2097	2025-07-24 18:35:48.365168+00	220	Invoice #INV-2025-0221 - Walk In (12345678)	2	[{"changed": {"fields": ["Discount value"]}}]	12	5
2098	2025-07-24 18:40:27.909711+00	1033	Mini Power Supply 450W (963217536951) - Accessories - Computer	1	[{"added": {}}]	14	4
2099	2025-07-24 18:40:36.817471+00	66	portal.trendzqtr.com: PO-25072401	1	[{"added": {}}, {"added": {"name": "purchase item", "object": "Mini Power Supply 450W x 1"}}]	19	4
2100	2025-07-25 17:29:57.887977+00	1034	Hisense Tv Remote (85456963) - Accessories	1	[{"added": {}}]	14	4
2101	2025-07-25 17:30:04.370019+00	67	portal.trendzqtr.com: PO-25072501	1	[{"added": {}}, {"added": {"name": "purchase item", "object": "Hisense Tv Remote x 2"}}]	19	4
2102	2025-07-25 18:01:18.905642+00	395	10 Port Gigabit Easy Smart Poe Switch x 1	1	[{"added": {}}]	21	4
2103	2025-07-25 18:02:00.903075+00	396	Upc 106A Tonner x 1	1	[{"added": {}}]	21	4
2104	2025-07-25 18:02:21.386667+00	397	4X Colors 106A Tonner x 1	1	[{"added": {}}]	21	4
2105	2025-07-25 18:07:00.177596+00	1035	Unitek Diskgaurd 2.5&3.5 Enclosure (48542136967) - Accessories - Computer	1	[{"added": {}}]	14	4
2106	2025-07-25 18:07:04.705593+00	398	Unitek Diskgaurd 2.5&3.5 Enclosure x 2	1	[{"added": {}}]	21	4
\.


--
-- Data for Name: django_content_type; Type: TABLE DATA; Schema: public; Owner: dbadmin
--

COPY public.django_content_type (id, app_label, model) FROM stdin;
1	admin	logentry
2	auth	permission
3	auth	group
4	auth	user
5	contenttypes	contenttype
6	sessions	session
7	portal	category
8	portal	customer
9	portal	productenquiry
10	portal	cart
11	portal	cartitem
12	portal	invoice
13	portal	order
14	portal	product
15	portal	invoiceitem
16	portal	review
17	finance	category
18	finance	financetransaction
19	procurement	purchaseorder
20	procurement	supplier
21	procurement	purchaseitem
22	procurement	purchasepayment
23	sites	site
24	portal	siteuserprofile
25	portal	siterole
26	portal	sitepermissionlog
27	rbac	sitepermissionlog
28	rbac	siterole
29	rbac	siteuserprofile
30	finance	inventorytransaction
31	finance	financialsummary
32	rbac	emailverification
\.


--
-- Data for Name: django_migrations; Type: TABLE DATA; Schema: public; Owner: dbadmin
--

COPY public.django_migrations (id, app, name, applied) FROM stdin;
1	contenttypes	0001_initial	2025-06-28 13:55:27.583167+00
2	auth	0001_initial	2025-06-28 13:55:27.70964+00
3	admin	0001_initial	2025-06-28 13:55:27.744487+00
4	admin	0002_logentry_remove_auto_add	2025-06-28 13:55:27.755768+00
5	admin	0003_logentry_add_action_flag_choices	2025-06-28 13:55:27.771664+00
6	contenttypes	0002_remove_content_type_name	2025-06-28 13:55:27.790882+00
7	auth	0002_alter_permission_name_max_length	2025-06-28 13:55:27.801625+00
8	auth	0003_alter_user_email_max_length	2025-06-28 13:55:27.812222+00
9	auth	0004_alter_user_username_opts	2025-06-28 13:55:27.821285+00
10	auth	0005_alter_user_last_login_null	2025-06-28 13:55:27.833285+00
11	auth	0006_require_contenttypes_0002	2025-06-28 13:55:27.837053+00
12	auth	0007_alter_validators_add_error_messages	2025-06-28 13:55:27.847846+00
13	auth	0008_alter_user_username_max_length	2025-06-28 13:55:27.862874+00
14	auth	0009_alter_user_last_name_max_length	2025-06-28 13:55:27.879707+00
15	auth	0010_alter_group_name_max_length	2025-06-28 13:55:27.893118+00
16	auth	0011_update_proxy_permissions	2025-06-28 13:55:27.902458+00
17	auth	0012_alter_user_first_name_max_length	2025-06-28 13:55:27.911951+00
19	portal	0001_initial	2025-06-28 13:55:28.255885+00
21	sessions	0001_initial	2025-06-28 13:55:28.411099+00
22	sites	0001_initial	2025-06-28 13:55:28.423326+00
23	sites	0002_alter_domain_unique	2025-06-28 13:55:28.443648+00
24	portal	0002_alter_customer_address_alter_customer_company_name_and_more	2025-07-01 12:52:28.147856+00
25	portal	0003_alter_invoice_customer	2025-07-01 12:52:28.204331+00
26	portal	0004_invoice_cash_amount_invoice_other_amount_and_more	2025-07-01 17:02:45.64564+00
27	portal	0005_remove_product_created_at_remove_product_updated_at_and_more	2025-07-02 14:36:56.399927+00
28	portal	0006_cart_site_cartitem_site_order_site	2025-07-02 14:56:36.020178+00
29	portal	0007_alter_category_options_and_more	2025-07-02 17:02:14.208595+00
30	portal	0008_sitepermissionlog_siterole_siteuserprofile	2025-07-03 10:32:37.756942+00
31	rbac	0001_initial	2025-07-03 14:19:34.140859+00
32	portal	0009_alter_siterole_unique_together_remove_siterole_site_and_more	2025-07-03 14:23:04.646642+00
33	portal	0010_rename_unit_price_invoiceitem_selling_price	2025-07-03 15:10:08.332547+00
34	portal	0011_rename_selling_price_invoiceitem_unit_price	2025-07-03 16:06:53.384756+00
35	portal	0012_rename_selling_price_product_unit_price	2025-07-03 17:12:37.70074+00
36	portal	0013_fix_unit_price_null	2025-07-04 10:34:29.278123+00
39	portal	0014_fix_invoice_number_field	2025-07-04 12:50:56.28049+00
40	portal	0015_alter_customer_options	2025-07-05 18:34:51.330073+00
45	procurement	0001_initial	2025-07-10 12:01:46.554037+00
46	finance	0001_initial	2025-07-10 12:01:46.756145+00
47	rbac	0002_alter_siteuserprofile_site	2025-07-10 16:32:21.950375+00
48	portal	0016_invoice_unique_invoice_number	2025-07-25 20:31:02.950595+00
49	rbac	0002_emailverification	2025-07-25 20:31:03.062849+00
50	rbac	0003_merge_20250725_2030	2025-07-25 20:31:03.066006+00
51	rbac	0004_alter_siteuserprofile_site	2025-07-25 21:16:42.727483+00
\.


--
-- Data for Name: django_session; Type: TABLE DATA; Schema: public; Owner: dbadmin
--

COPY public.django_session (session_key, session_data, expire_date) FROM stdin;
yim6kbdle2vkpakpubc26jh56mgkx1vk	.eJxVjMEOwiAQBf-FsyHAAoJH7_0GAuwiVQNJaU_Gf9cmPej1zcx7sRC3tYZt0BJmZBdm2Ol3SzE_qO0A77HdOs-9rcuc-K7wgw4-daTn9XD_Dmoc9Vt7OAuHoD1GEM75LJxFXVD5JC2BsqgyUikIkL12WBxJVVIkkAaVMOz9AdwbOBQ:1uYQet:ttRCmrOxfdq0WmLm3dYAaG6MT3LYTC5bPcWGhCMClpQ	2025-07-20 14:47:59.25828+00
oducvmvsf4ok2m6ibx2zo8vi1lqheezb	.eJxVjMsOwiAQRf-FtSFQHgMu3fsNZJgBqZo2Ke3K-O_apAvd3nPOfYmE29rS1suSRhZnocXpd8tIjzLtgO843WZJ87QuY5a7Ig_a5XXm8rwc7t9Bw96-9WAKZDswOWJHqkJF5RGqNga8JVJRYbbWc3XAVodYIPpa0eRAGIDE-wPysjhs:1uYj1p:ob66l5LdGo4LnrMpSW0OJuDNFjhEXK_1WZIqFsz6-HI	2025-07-21 10:24:53.617004+00
aq6me0z886w5h1jq9norfacu7g3y798n	.eJxVjMEOwiAQRP-FsyFAYQsevfcbCLtspGogKe3J-O-2SQ96nHlv5i1i2tYSt85LnLO4Ci0uvx0menI9QH6kem-SWl2XGeWhyJN2ObXMr9vp_h2U1Mu-RmMMOOuDhoG8wxD2AKNRSKgYkrWglHLeExg2mS1or7PlkRiReRCfL6dWNxU:1uXFur:SsXipU7eA6arhYl6JMyk4aexNup0me72PL_Uxr6e8no	2025-07-17 09:07:37.514187+00
96zyeed50vmenp2v01gc2qayfwo5ycf7	.eJxVjDsOwjAQBe_iGln-fyjpOYO19npxADlSnFSIu0OkFNC-mXkvlmBbW9pGXdKE7MwUO_1uGcqj9h3gHfpt5mXu6zJlviv8oINfZ6zPy-H-HTQY7VsbB9ragN5K5Q0FG6MkAm2EKz4SmSw8SVKegkbUKIMTSlgXbKAIVbL3B773NwU:1uXFvX:8mApISglLbJLPTD-eZIg9iDTwRXcx212AANkM1k2gls	2025-07-17 09:08:19.48228+00
6uhlyeultyqrzuqevmn05scsmsdq7sqh	.eJxVjDsOwjAQBe_iGln-fyjpOYO19npxADlSnFSIu0OkFNC-mXkvlmBbW9pGXdKE7MwUO_1uGcqj9h3gHfpt5mXu6zJlviv8oINfZ6zPy-H-HTQY7VsbB9ragN5K5Q0FG6MkAm2EKz4SmSw8SVKegkbUKIMTSlgXbKAIVbL3B773NwU:1uVpqd:5BJXHgzrANytFhMR8Zp0fqTOfx03l1MgYBOOZ5PdRx8	2025-07-13 11:05:23.149252+00
06cp9ryquixh5ffrrh9udh61y282k7p6	.eJxVjMEOwiAQRP-FsyFAYQsevfcbCLtspGogKe3J-O-2SQ96nHlv5i1i2tYSt85LnLO4Ci0uvx0menI9QH6kem-SWl2XGeWhyJN2ObXMr9vp_h2U1Mu-RmMMOOuDhoG8wxD2AKNRSKgYkrWglHLeExg2mS1or7PlkRiReRCfL6dWNxU:1uWaGh:N27C8n3MG8KdS9WD9ePWTsat6TKVN2qzcopiVYZsea4	2025-07-15 12:39:23.415631+00
qtsj1p9nvza3tdeporvhmlm8sdli88f1	.eJxVjMEOwiAQRP-FsyFAYQsevfcbCLtspGogKe3J-O-2SQ96nHlv5i1i2tYSt85LnLO4Ci0uvx0menI9QH6kem-SWl2XGeWhyJN2ObXMr9vp_h2U1Mu-RmMMOOuDhoG8wxD2AKNRSKgYkrWglHLeExg2mS1or7PlkRiReRCfL6dWNxU:1uXIs5:vDMaXJg5i-NT7aeNKVtw13vgIkkvFraEiXteoowCiFo	2025-07-17 12:16:57.458958+00
0vut2aoqev1u55vuzj2crxii6q8ipxgl	.eJxVjDsOwjAQBe_iGln-fyjpOYO19npxADlSnFSIu0OkFNC-mXkvlmBbW9pGXdKE7MwUO_1uGcqj9h3gHfpt5mXu6zJlviv8oINfZ6zPy-H-HTQY7VsbB9ragN5K5Q0FG6MkAm2EKz4SmSw8SVKegkbUKIMTSlgXbKAIVbL3B773NwU:1uXItK:WCYZn3qi0Mio6obb8eUnsUeyjD144YdJwHVIAgyd-tE	2025-07-17 12:18:14.708291+00
0asnejh1kybpj5jk0zlorclybih9h3ym	.eJxVjMEOwiAQRP-FsyFAYQsevfcbCLtspGogKe3J-O-2SQ96nHlv5i1i2tYSt85LnLO4Ci0uvx0menI9QH6kem-SWl2XGeWhyJN2ObXMr9vp_h2U1Mu-RmMMOOuDhoG8wxD2AKNRSKgYkrWglHLeExg2mS1or7PlkRiReRCfL6dWNxU:1uWcgb:975QzGONIHJZHKo5ZbzEWe3BKuY24V6yA0N7CuOd5B4	2025-07-15 15:14:17.597004+00
ao2tkdxcip32h0ag83y71tr2bandtnoa	.eJxVjMEOwiAQRP-FsyFAYQsevfcbCLtspGogKe3J-O-2SQ96nHlv5i1i2tYSt85LnLO4Ci0uvx0menI9QH6kem-SWl2XGeWhyJN2ObXMr9vp_h2U1Mu-RmMMOOuDhoG8wxD2AKNRSKgYkrWglHLeExg2mS1or7PlkRiReRCfL6dWNxU:1uWciB:-Xjx0oI8V2o-hQrG3RikcOwD5JznRtzmYqkOisyZOwc	2025-07-15 15:15:55.929783+00
7q3pxd0swhyowr9bfjwpxjj0x43b8zy0	.eJxVjDsOwjAQBe_iGln-fyjpOYO19npxADlSnFSIu0OkFNC-mXkvlmBbW9pGXdKE7MwUO_1uGcqj9h3gHfpt5mXu6zJlviv8oINfZ6zPy-H-HTQY7VsbB9ragN5K5Q0FG6MkAm2EKz4SmSw8SVKegkbUKIMTSlgXbKAIVbL3B773NwU:1uXIuN:ozsg3h9YE0Mwz-R4gOLyGh1G_PCsUGqsxutzj7ocEaw	2025-07-17 12:19:19.197872+00
0hypy9n9opb6wjtr283e9aerz76ah4kw	.eJxVjMEOwiAQRP-FsyFAYQsevfcbCLtspGogKe3J-O-2SQ96nHlv5i1i2tYSt85LnLO4Ci0uvx0menI9QH6kem-SWl2XGeWhyJN2ObXMr9vp_h2U1Mu-RmMMOOuDhoG8wxD2AKNRSKgYkrWglHLeExg2mS1or7PlkRiReRCfL6dWNxU:1uWcjM:rUKIESg-470nW4BjVb8EmEL_Wg_CCiACmYB1nglFenQ	2025-07-15 15:17:08.943979+00
ra730jztq8l9pzim3r7vehgjosrrxj1a	.eJxVjMEOwiAQRP-FsyFAYQsevfcbCLtspGogKe3J-O-2SQ96nHlv5i1i2tYSt85LnLO4Ci0uvx0menI9QH6kem-SWl2XGeWhyJN2ObXMr9vp_h2U1Mu-RmMMOOuDhoG8wxD2AKNRSKgYkrWglHLeExg2mS1or7PlkRiReRCfL6dWNxU:1uWcmI:SKHHLsILsOtSojCuvelIGdDHgzDGc_OZFzteRK_A1hI	2025-07-15 15:20:10.556292+00
ykniqnkd5ohkismtn2sthqmjcrioxr50	.eJxVjDsOwjAQBe_iGln-fyjpOYO19npxADlSnFSIu0OkFNC-mXkvlmBbW9pGXdKE7MwUO_1uGcqj9h3gHfpt5mXu6zJlviv8oINfZ6zPy-H-HTQY7VsbB9ragN5K5Q0FG6MkAm2EKz4SmSw8SVKegkbUKIMTSlgXbKAIVbL3B773NwU:1uXJ3I:1HtBcsXMfPTxg5HRMlgfLuzkJefyNyPZzdEKfoooZsQ	2025-07-17 12:28:32.18097+00
1sxw50qzstbisiy1xzqljfs3185pkpcp	.eJxVjMEOwiAQRP-FsyFAYQsevfcbCLtspGogKe3J-O-2SQ96nHlv5i1i2tYSt85LnLO4Ci0uvx0menI9QH6kem-SWl2XGeWhyJN2ObXMr9vp_h2U1Mu-RmMMOOuDhoG8wxD2AKNRSKgYkrWglHLeExg2mS1or7PlkRiReRCfL6dWNxU:1uWcml:_qDPXCuHX0znG8dMNeN1pfjMPztooYnCHEzoYIUjWro	2025-07-15 15:20:39.559384+00
c440mvf4yj2bkdq0mruhyd8unb85fp1q	.eJxVjMEOwiAQRP-FsyFAYQsevfcbCLtspGogKe3J-O-2SQ96nHlv5i1i2tYSt85LnLO4Ci0uvx0menI9QH6kem-SWl2XGeWhyJN2ObXMr9vp_h2U1Mu-RmMMOOuDhoG8wxD2AKNRSKgYkrWglHLeExg2mS1or7PlkRiReRCfL6dWNxU:1uWco8:yyMnaacgPzD8RqDnPnlWw2T0z109XlRu4R4cRtS--bI	2025-07-15 15:22:04.857169+00
etvbfxuoaui0zw91wjxfe63lcjvpfw7z	.eJxVjMEOwiAQRP-FsyFAYQsevfcbCLtspGogKe3J-O-2SQ96nHlv5i1i2tYSt85LnLO4Ci0uvx0menI9QH6kem-SWl2XGeWhyJN2ObXMr9vp_h2U1Mu-RmMMOOuDhoG8wxD2AKNRSKgYkrWglHLeExg2mS1or7PlkRiReRCfL6dWNxU:1uXLBa:Oyzmg86tMcYxvkid_H6JBAFrndHgeHq2zK8ov39yOjs	2025-07-17 14:45:14.884376+00
4rhu91ltgug6rgncipt93bt6122bf6y2	.eJxVjMEOwiAQRP-FsyFAYQsevfcbCLtspGogKe3J-O-2SQ96nHlv5i1i2tYSt85LnLO4Ci0uvx0menI9QH6kem-SWl2XGeWhyJN2ObXMr9vp_h2U1Mu-RmMMOOuDhoG8wxD2AKNRSKgYkrWglHLeExg2mS1or7PlkRiReRCfL6dWNxU:1uWcoN:2IzA3eMfEopRSqQviP3Xo98-tV2TjijFSp2V-nTuGwU	2025-07-15 15:22:19.885079+00
xc99h75741qlz07nb36cameu5ns7b1in	.eJxVjMEOwiAQRP-FsyFAYQsevfcbCLtspGogKe3J-O-2SQ96nHlv5i1i2tYSt85LnLO4Ci0uvx0menI9QH6kem-SWl2XGeWhyJN2ObXMr9vp_h2U1Mu-RmMMOOuDhoG8wxD2AKNRSKgYkrWglHLeExg2mS1or7PlkRiReRCfL6dWNxU:1uXLDp:zdNszPysZtqzODFJC5eXLiybgWQumccOBQ_dfS75jkM	2025-07-17 14:47:33.584225+00
oonr9jzyupdfzv2h1ivih4rqz1jv0tca	.eJxVjMEOwiAQRP-FsyFAYQsevfcbCLtspGogKe3J-O-2SQ96nHlv5i1i2tYSt85LnLO4Ci0uvx0menI9QH6kem-SWl2XGeWhyJN2ObXMr9vp_h2U1Mu-RmMMOOuDhoG8wxD2AKNRSKgYkrWglHLeExg2mS1or7PlkRiReRCfL6dWNxU:1uWcoa:iX39IKgaLC5e8of0X39sV_yPfnN5byaKj23G34pv26w	2025-07-15 15:22:32.521049+00
mti20s67yatj5nfemhm63bvxhmotbry2	.eJxVjMEOwiAQRP-FsyFAYQsevfcbCLtspGogKe3J-O-2SQ96nHlv5i1i2tYSt85LnLO4Ci0uvx0menI9QH6kem-SWl2XGeWhyJN2ObXMr9vp_h2U1Mu-RmMMOOuDhoG8wxD2AKNRSKgYkrWglHLeExg2mS1or7PlkRiReRCfL6dWNxU:1uWcp0:vMpKB49eDS2NIMgZvSx0YxHUCa3ixRNEAbIV_0lHrTA	2025-07-15 15:22:58.988737+00
aqenv5ydtnmhh1whuow8xc8lfv8nfzhs	.eJxVjMEOwiAQRP-FsyFAYQsevfcbCLtspGogKe3J-O-2SQ96nHlv5i1i2tYSt85LnLO4Ci0uvx0menI9QH6kem-SWl2XGeWhyJN2ObXMr9vp_h2U1Mu-RmMMOOuDhoG8wxD2AKNRSKgYkrWglHLeExg2mS1or7PlkRiReRCfL6dWNxU:1uWcqY:KqVfWm580L8E9oP18YEAahAYEk-co8XqmHzAYJAvZE0	2025-07-15 15:24:34.821355+00
rv8spx11xxbfqhrlkau57eyguloejeal	.eJxVjMEOwiAQRP-FsyFAYQsevfcbCLtspGogKe3J-O-2SQ96nHlv5i1i2tYSt85LnLO4Ci0uvx0menI9QH6kem-SWl2XGeWhyJN2ObXMr9vp_h2U1Mu-RmMMOOuDhoG8wxD2AKNRSKgYkrWglHLeExg2mS1or7PlkRiReRCfL6dWNxU:1uWcrp:w-nsb9YJpnJzWKHvdOBiSFbxLx2AB64RVpe2jo9Oyn8	2025-07-15 15:25:53.495907+00
5yqxbzglnpo7im1aycbwaas0n73uhge1	.eJxVjDsOwjAQBe_iGln-fyjpOYO19npxADlSnFSIu0OkFNC-mXkvlmBbW9pGXdKE7MwUO_1uGcqj9h3gHfpt5mXu6zJlviv8oINfZ6zPy-H-HTQY7VsbB9ragN5K5Q0FG6MkAm2EKz4SmSw8SVKegkbUKIMTSlgXbKAIVbL3B773NwU:1uXOxd:jwhYP2RbB15YPxlTqu0MLa9Fk_VOGpEnYc0Cz1EgOmU	2025-07-17 18:47:05.584967+00
2jas4qy604ud98di972sl3xkmk1z4t2h	.eJxVjEEOwiAQRe_C2hA6AxRcuvcMBJhBqoYmpV0Z765NutDtf-_9lwhxW2vYOi9hInEWgzj9binmB7cd0D222yzz3NZlSnJX5EG7vM7Ez8vh_h3U2Ou3ZmPY-aJRgcll9CVr1kiDVRZAs6OkPaKL4AxaVgqQmXM0RKMtDEq8P9OTN6w:1uY6tv:ekFcetq4JzpaEsRRzAYR0t4nWgd9HNcApkXpyXKR9OU	2025-07-19 17:42:11.669908+00
3nopcpkssyjxr97v5srf2z0epc5qld2e	.eJxVjMsOwiAQRf-FtSGAwMy4dN9vIDylaiAp7cr479qkC93ec859Mee3tbpt5MXNiV2YZqffLfj4yG0H6e7brfPY27rMge8KP-jgU0_5eT3cv4PqR_3WHrSKMgUMsmgUQCnmeLZEyapSsERlC5hMaFCi0mCkBUmACqCAIMHeH-M4Nu0:1uYQh4:W7derbeBiAt0-O6DOMb6B6d8g_br8jTLGaqMa9DrfNk	2025-07-20 14:50:14.498192+00
i9kxd8wleog8nzlcx3jb1vq6yp3slid5	.eJxVjMsOwiAQRf-FtSFQHgMu3fsNZJgBqZo2Ke3K-O_apAvd3nPOfYmE29rS1suSRhZnocXpd8tIjzLtgO843WZJ87QuY5a7Ig_a5XXm8rwc7t9Bw96-9WAKZDswOWJHqkJF5RGqNga8JVJRYbbWc3XAVodYIPpa0eRAGIDE-wPysjhs:1uYklD:5e2R5AUG4dWEawUPCbRxi_u2OIg1MbLSeeaZhp_YdOw	2025-07-21 12:15:51.388604+00
5js02sqlhpct7t7ghb5x28zoni27c9v4	.eJxVjMsOwiAQRf-FtSGQKS-X7v0GMgODVA0kpV0Z_12bdKHbe865LxFxW2vcBi9xzuIsgjj9boTpwW0H-Y7t1mXqbV1mkrsiDzrktWd-Xg7376DiqN-6qAQhEFk1efDGThm9hxSStY5J66ICsNEMTsMEZKxVyrlSTEFNJqB4fwDK6Tco:1uXOL8:EEXLiJ4tfnQeCuEjg0-B2UXc_u-oHWV6MA7z_U7mPqU	2025-07-17 18:07:18.683772+00
bp22nlzzmct4dtp5eobzrjk2koz9w4lu	.eJxVjMsOwiAQRf-FtSGAwMy4dN9vIDylaiAp7cr479qkC93ec859Mee3tbpt5MXNiV2YZqffLfj4yG0H6e7brfPY27rMge8KP-jgU0_5eT3cv4PqR_3WHrSKMgUMsmgUQCnmeLZEyapSsERlC5hMaFCi0mCkBUmACqCAIMHeH-M4Nu0:1uZvrg:yHd75hXRs7wB6lYVcsC98ft5Ujj5nm4rt6zOGITIQ1g	2025-07-24 18:19:24.736976+00
rw8evv9bdolfdzisk67elac20q6pcmfn	.eJxVjEEOwiAQRe_C2hA6AxRcuvcMBJhBqoYmpV0Z765NutDtf-_9lwhxW2vYOi9hInEWgzj9binmB7cd0D222yzz3NZlSnJX5EG7vM7Ez8vh_h3U2Ou3ZmPY-aJRgcll9CVr1kiDVRZAs6OkPaKL4AxaVgqQmXM0RKMtDEq8P9OTN6w:1uY7WK:LCUeGJmsdprLTM9WQ_BbbsqZNyrWsJjzxYNvD9n2avc	2025-07-19 18:21:52.513394+00
x7h4d5wrnxzzrkyovl83f8895uxfp0h5	.eJxVjMsOwiAQRf-FtSFQHgMu3fsNZJgBqZo2Ke3K-O_apAvd3nPOfYmE29rS1suSRhZnocXpd8tIjzLtgO843WZJ87QuY5a7Ig_a5XXm8rwc7t9Bw96-9WAKZDswOWJHqkJF5RGqNga8JVJRYbbWc3XAVodYIPpa0eRAGIDE-wPysjhs:1ud6Ee:JBz9b872BqXuJt5LDL0JHTRt-SL6pDTT5OAdB_SjNsI	2025-08-02 12:00:12.64321+00
c8h5cuzjl6ggp27ctn3w5jwtipnxfu0t	.eJxVjDsOwyAQBe9CHSG-BqdM7zMg2F2CkwgkY1dR7h4huUjaNzPvzUI89hKOTltYkV2ZZpffLUV4Uh0AH7HeG4dW921NfCj8pJ0vDel1O92_gxJ7GbX1Oc4uGSEV0kTaZNCgyaO1RlJCABJZThqS9DYq59ScQSiFmbKyxD5fASg4wA:1uYReh:HvC1P3KDsx5j2AKQZq34WegAAMADlt1DIAphzY46mzY	2025-07-20 15:51:51.57509+00
8nrjnfkgex2bltzty8j7k2nlk6rsln0l	.eJxVjMEOwiAQRP-FsyFAYQsevfcbCLtspGogKe3J-O-2SQ96nHlv5i1i2tYSt85LnLO4Ci0uvx0menI9QH6kem-SWl2XGeWhyJN2ObXMr9vp_h2U1Mu-RmMMOOuDhoG8wxD2AKNRSKgYkrWglHLeExg2mS1or7PlkRiReRCfL6dWNxU:1uXOVU:mzrXp5dh7CWk71b9aYGI1mafPyL-CEGENDqZdyMhUrg	2025-07-17 18:18:00.526098+00
4xvk4bqjmkrtw136hx5dk2vbsvw5hjkz	.eJxVjDEOwjAMRe-SGUWxTdOGkZ0zRE5tSAElUtNOiLtDpQ6w_vfef5nI65Lj2nSOk5iTQXP43RKPDy0bkDuXW7VjLcs8JbspdqfNXqro87y7fweZW_7WPHgQgSMSIarvQZSd-AQaEl-RER0BkeOgGqBXkkGCojjkTjsO5v0B3Po35g:1uZwE1:_ZSrK0rYcUCF1sGt3UmFGihSCxXPbkrPdNMNrh1xnOw	2025-07-24 18:42:29.997771+00
0ayo34jizqeub4j1f47cedd045suqatz	.eJxVjMEOwiAQBf-FsyHAAoJH7_0GAuwiVQNJaU_Gf9cmPej1zcx7sRC3tYZt0BJmZBdm2Ol3SzE_qO0A77HdOs-9rcuc-K7wgw4-daTn9XD_Dmoc9Vt7OAuHoD1GEM75LJxFXVD5JC2BsqgyUikIkL12WBxJVVIkkAaVMOz9AdwbOBQ:1ueWQ0:1e-4vZOYIo5clfPMgiugJ8hifol7wmkCJi_VZaGuPx8	2025-08-06 10:09:48.730126+00
gww3mpez3ljy4nmevjza39902bhvm807	.eJxVjMEOwiAQBf-FsyHAAoJH7_0GAuwiVQNJaU_Gf9cmPej1zcx7sRC3tYZt0BJmZBdm2Ol3SzE_qO0A77HdOs-9rcuc-K7wgw4-daTn9XD_Dmoc9Vt7OAuHoD1GEM75LJxFXVD5JC2BsqgyUikIkL12WBxJVVIkkAaVMOz9AdwbOBQ:1uYqoR:_z0kxiYq_KPfN_l1uf6BiRSrYK497I45SMx-X42J6VI	2025-07-21 18:43:35.002846+00
xmdu0axgm27w9we97133zxru6dzkjqri	.eJxVjMEOwiAQBf-FsyHAAoJH7_0GAuwiVQNJaU_Gf9cmPej1zcx7sRC3tYZt0BJmZBdm2Ol3SzE_qO0A77HdOs-9rcuc-K7wgw4-daTn9XD_Dmoc9Vt7OAuHoD1GEM75LJxFXVD5JC2BsqgyUikIkL12WBxJVVIkkAaVMOz9AdwbOBQ:1uZwgK:CK3f9qZpJVCCS199OUB40byHYXk_gjODY1xYLKJTLpI	2025-07-24 19:11:44.81097+00
dycy81dif5egtefq6jw7iv4y4yvhezrb	.eJxVjEEOwiAQRe_C2hA6UAou3XsGMjCDVA0kpV0Z765NutDtf-_9lwi4rSVsnZcwkziLwYjT7xgxPbjuhO5Yb02mVtdljnJX5EG7vDbi5-Vw_w4K9vKtteKYjZ2sBTBp1ClqHx2BRa-csuBTRsxZeSBmx5NxQMQ0ovEDKs3i_QEF2jhr:1uY8DL:u3EvjGMpB-fp9chbsoYRVmMq6Y0sApJkTO9oUSg4Suw	2025-07-19 19:06:19.064642+00
4n7sqa2c7wa8yaliq4j95tty45quai5h	.eJxVjMsOwiAQRf-FtSFQHgMu3fsNZJgBqZo2Ke3K-O_apAvd3nPOfYmE29rS1suSRhZnocXpd8tIjzLtgO843WZJ87QuY5a7Ig_a5XXm8rwc7t9Bw96-9WAKZDswOWJHqkJF5RGqNga8JVJRYbbWc3XAVodYIPpa0eRAGIDE-wPysjhs:1ues9c:ous8MUSnRd1TYSGBEYkhT2wFMifJRw-dd5bz352Pfg0	2025-08-07 09:22:20.84069+00
bjetef1p1jkfg65ur8y443whf23ycqq2	.eJxVjDsOwyAQBe9CHSG-BqdM7zMg2F2CkwgkY1dR7h4huUjaNzPvzUI89hKOTltYkV2ZZpffLUV4Uh0AH7HeG4dW921NfCj8pJ0vDel1O92_gxJ7GbX1Oc4uGSEV0kTaZNCgyaO1RlJCABJZThqS9DYq59ScQSiFmbKyxD5fASg4wA:1uYSvi:322NZ7PfjSbm9AJT4XlDdB03hlghcfkb0MGRxytdbTg	2025-07-20 17:13:30.425713+00
lw0mpyjjtgknha6ir6snyp89cvotexek	.eJxVjDsOwyAQBe9CHSG-BqdM7zMg2F2CkwgkY1dR7h4huUjaNzPvzUI89hKOTltYkV2ZZpffLUV4Uh0AH7HeG4dW921NfCj8pJ0vDel1O92_gxJ7GbX1Oc4uGSEV0kTaZNCgyaO1RlJCABJZThqS9DYq59ScQSiFmbKyxD5fASg4wA:1uYSvi:322NZ7PfjSbm9AJT4XlDdB03hlghcfkb0MGRxytdbTg	2025-07-20 17:13:30.490981+00
26op8g41hdflsc2tyg6lzwu55j1ma6hg	.eJxVjMsOwiAQRf-FtSFQHgMu3fsNZJgBqZo2Ke3K-O_apAvd3nPOfYmE29rS1suSRhZnocXpd8tIjzLtgO843WZJ87QuY5a7Ig_a5XXm8rwc7t9Bw96-9WAKZDswOWJHqkJF5RGqNga8JVJRYbbWc3XAVodYIPpa0eRAGIDE-wPysjhs:1uZ1kF:bo0IA-D3YjvulUyeftNJYYcUM-fxGCm1ZZcsNHM_6fk	2025-07-22 06:23:59.490068+00
wp85k0oxwvpvnshl3srgmj63gzydpq5a	.eJxVjMsOwiAQRf-FtSEww6O4dO83EGBAqgaS0q6M_65NutDtPefcF_NhW6vfRl78TOzMLDv9bjGkR247oHtot85Tb-syR74r_KCDXzvl5-Vw_w5qGPVbSxkRUUEyApwt1qScIJqoXS5C66IwKY0CtEEQMiiahCRFDgrECTKy9we92TbS:1uXOrP:94PqA0sYGC1DNZmODGMM9GWMKbqCZpGUBEQmaQxywFY	2025-07-17 18:40:39.054512+00
oden1rfydyxznl430y2rx803ydomsypk	.eJxVjEEOwiAQRe_C2hA6AxRcuvcMBJhBqoYmpV0Z765NutDtf-_9lwhxW2vYOi9hInEWgzj9binmB7cd0D222yzz3NZlSnJX5EG7vM7Ez8vh_h3U2Ou3ZmPY-aJRgcll9CVr1kiDVRZAs6OkPaKL4AxaVgqQmXM0RKMtDEq8P9OTN6w:1uXgHk:Qs-UlqH2ACSGct8mu2_ezArk8G0MmVrZS4RhixOfxu8	2025-07-18 13:17:00.844158+00
xmizvozpuzd3f4rce9cb364jsukmknmc	.eJxVjEEOwiAQRe_C2hA6UAou3XsGMjCDVA0kpV0Z765NutDtf-_9lwi4rSVsnZcwkziLwYjT7xgxPbjuhO5Yb02mVtdljnJX5EG7vDbi5-Vw_w4K9vKtteKYjZ2sBTBp1ClqHx2BRa-csuBTRsxZeSBmx5NxQMQ0ovEDKs3i_QEF2jhr:1uY8Dn:gqEf091ntYy07ErgNjg5G4Lh36a-bwUMwjbyMyg4qNU	2025-07-19 19:06:47.270724+00
371umvzxb8qk7z9cbabfmdzmuq7lzcbu	.eJxVjMsOwiAQRf-FtSFQHgMu3fsNZJgBqZo2Ke3K-O_apAvd3nPOfYmE29rS1suSRhZnocXpd8tIjzLtgO843WZJ87QuY5a7Ig_a5XXm8rwc7t9Bw96-9WAKZDswOWJHqkJF5RGqNga8JVJRYbbWc3XAVodYIPpa0eRAGIDE-wPysjhs:1uYUAH:9SJJSCoR3xgng3eLe3ZYbx7WjcfLtIznHkpD7drcklc	2025-07-20 18:32:37.68936+00
fhgbdkx4fm2o432d38el9owoz4nt5tao	.eJxVjMsOwiAQRf-FtSGAwMy4dN9vIDylaiAp7cr479qkC93ec859Mee3tbpt5MXNiV2YZqffLfj4yG0H6e7brfPY27rMge8KP-jgU0_5eT3cv4PqR_3WHrSKMgUMsmgUQCnmeLZEyapSsERlC5hMaFCi0mCkBUmACqCAIMHeH-M4Nu0:1uZxUt:AAc8Eve6SihzNBwdST-ZMVLDVGcSyw_-D62dpbBOd8w	2025-07-24 20:03:59.72541+00
8jdsoa46efsqgv9s9fy21fd02zq35ewl	.eJxVjEEOwiAQRe_C2hA6UAou3XsGMjCDVA0kpV0Z765NutDtf-_9lwi4rSVsnZcwkziLwYjT7xgxPbjuhO5Yb02mVtdljnJX5EG7vDbi5-Vw_w4K9vKtteKYjZ2sBTBp1ClqHx2BRa-csuBTRsxZeSBmx5NxQMQ0ovEDKs3i_QEF2jhr:1uY8EG:hH9MVAQQ5MkzxdKl_7Ekz63uvUUEIJQtevL0EZTD7Bg	2025-07-19 19:07:16.046605+00
nckqy6idv2am5u7yaqlyqqtzowgu2606	.eJxVjMsOwiAQRf-FtSFAhxlx6b7fQIZHpWogKe3K-O_apAvd3nPOfQnP21r81vPi5yQugsTpdwscH7nuIN253pqMra7LHOSuyIN2ObaUn9fD_Tso3Mu3joNJwKgwEICy0SkTrIuUwGoiF7XFZAYktgrQEGvSFM7TZEkjAWrx_gC1TTYt:1uXzef:pbgk9-XrS2QL0cgddEPQEQslLXqp55-Js1TrgHLWfqM	2025-07-19 09:57:57.414352+00
d6ow6cfvav5h9yhsm9ntqxgvprpr08m0	.eJxVjDEOwjAMRe-SGUWxTdOGkZ0zRE5tSAElUtNOiLtDpQ6w_vfef5nI65Lj2nSOk5iTQXP43RKPDy0bkDuXW7VjLcs8JbspdqfNXqro87y7fweZW_7WPHgQgSMSIarvQZSd-AQaEl-RER0BkeOgGqBXkkGCojjkTjsO5v0B3Po35g:1uZ8CI:Ezgucd1RcjCdFIm_mz4IyRb1OHVS8185_74LBUpSH6o	2025-07-22 13:17:22.146133+00
driyqw8exix6ny7iuvz1fdr61j0x63ul	.eJxVjEEOwiAQRe_C2hBaGCgu3XsGMsyAVA0kpV0Z765NutDtf-_9lwi4rSVsPS1hZnEWA4jT7xiRHqnuhO9Yb01Sq-syR7kr8qBdXhun5-Vw_w4K9vKtHZqkLSiyAIYdMpuoIJNDnMbJD4pIGcygkcHrDI60Ze-1YUN2ZCveHwqTOAw:1uY8Fw:FzQ2w6GY_AIN9l9KTV2zVDyLHylANNKsa8muPrvDu18	2025-07-19 19:09:00.352547+00
uq03gwszz4ya4pag7m0ou6n64vukldcm	.eJxVjEEOwiAQRe_C2hA6AxRcuvcMBJhBqoYmpV0Z765NutDtf-_9lwhxW2vYOi9hInEWgzj9binmB7cd0D222yzz3NZlSnJX5EG7vM7Ez8vh_h3U2Ou3ZmPY-aJRgcll9CVr1kiDVRZAs6OkPaKL4AxaVgqQmXM0RKMtDEq8P9OTN6w:1uXzla:n8HYmAZahfgpY_2WLlDiMmIQdf0UisBUy0EzKzMmfNg	2025-07-19 10:05:06.137953+00
0dgeiel3fmronwpr6ffhy3l7kv2q6uod	.eJxVjDEOwjAMRe-SGUWxTdOGkZ0zRE5tSAElUtNOiLtDpQ6w_vfef5nI65Lj2nSOk5iTQXP43RKPDy0bkDuXW7VjLcs8JbspdqfNXqro87y7fweZW_7WPHgQgSMSIarvQZSd-AQaEl-RER0BkeOgGqBXkkGCojjkTjsO5v0B3Po35g:1uZAQX:X2iW_4frsIh-9LkvjdYvklmRUup6ydiBTL8e9nLSHPU	2025-07-22 15:40:13.102383+00
26442hegu2hkixwclioc8mfaddniu4rg	.eJxVjDsOwjAQBe_iGln-fyjpOYO19npxADlSnFSIu0OkFNC-mXkvlmBbW9pGXdKE7MwUO_1uGcqj9h3gHfpt5mXu6zJlviv8oINfZ6zPy-H-HTQY7VsbB9ragN5K5Q0FG6MkAm2EKz4SmSw8SVKegkbUKIMTSlgXbKAIVbL3B773NwU:1uXOyB:-QYXbujoypc_u2cB7vNuyjxtsXphfSra-3j-ZeCLNm0	2025-07-17 18:47:39.889168+00
p22nluomhpezkjmcv4tz9sa1abvl8al4	.eJxVjMsOwiAQRf-FtSFQHgMu3fsNZJgBqZo2Ke3K-O_apAvd3nPOfYmE29rS1suSRhZnocXpd8tIjzLtgO843WZJ87QuY5a7Ig_a5XXm8rwc7t9Bw96-9WAKZDswOWJHqkJF5RGqNga8JVJRYbbWc3XAVodYIPpa0eRAGIDE-wPysjhs:1uaHJW:S2i8d7wFpgw6B4c2MByuqNtoD8AM7CnWdUkS0lvtRsw	2025-07-25 17:13:34.234445+00
pwi4srm8vb6qfutn831saefolvy51fnr	.eJxVjMsOwiAQRf-FtSGAwMy4dN9vIDylaiAp7cr479qkC93ec859Mee3tbpt5MXNiV2YZqffLfj4yG0H6e7brfPY27rMge8KP-jgU0_5eT3cv4PqR_3WHrSKMgUMsmgUQCnmeLZEyapSsERlC5hMaFCi0mCkBUmACqCAIMHeH-M4Nu0:1uZDRm:867WlrxuDSxL_of4YPG1zUkfZFwo-bJbwJ9TYX-iIIk	2025-07-22 18:53:42.042361+00
0jtctli1rxy0kxs53hqwg91cxsgx5624	.eJxVjDsOwjAQBe_iGln-fyjpOYO19npxADlSnFSIu0OkFNC-mXkvlmBbW9pGXdKE7MwUO_1uGcqj9h3gHfpt5mXu6zJlviv8oINfZ6zPy-H-HTQY7VsbB9ragN5K5Q0FG6MkAm2EKz4SmSw8SVKegkbUKIMTSlgXbKAIVbL3B773NwU:1uXP1e:7N-mY1dHCzD48B-HyA7KX45IByAizCimMV_KGNOyMVk	2025-07-17 18:51:14.906644+00
bpfe8gnwn5q35wzz3tdlyqq8gfu4nowi	.eJxVjMsOwiAQRf-FtSGAwMy4dN9vIDylaiAp7cr479qkC93ec859Mee3tbpt5MXNiV2YZqffLfj4yG0H6e7brfPY27rMge8KP-jgU0_5eT3cv4PqR_3WHrSKMgUMsmgUQCnmeLZEyapSsERlC5hMaFCi0mCkBUmACqCAIMHeH-M4Nu0:1uaVDo:URHX8yiQktH97XjOXBogzTwdbvT3sUjy5YpqHbUIN8U	2025-07-26 08:04:36.19378+00
xe8vgyhz6s3iai2mcdcyuex01kpg59yi	.eJxVjMsOwiAQRf-FtSGAwMy4dN9vIDylaiAp7cr479qkC93ec859Mee3tbpt5MXNiV2YZqffLfj4yG0H6e7brfPY27rMge8KP-jgU0_5eT3cv4PqR_3WHrSKMgUMsmgUQCnmeLZEyapSsERlC5hMaFCi0mCkBUmACqCAIMHeH-M4Nu0:1uZQK6:mOzGDlMP4QAFVnwJgqscwe0C-DZ3rOZqTfxEn8d0VRA	2025-07-23 08:38:38.021603+00
ibbe4j8dteydrmjc49ju1i4kqllpi1a9	.eJxVjEEOwiAQRe_C2hA6AxRcuvcMBJhBqoYmpV0Z765NutDtf-_9lwhxW2vYOi9hInEWgzj9binmB7cd0D222yzz3NZlSnJX5EG7vM7Ez8vh_h3U2Ou3ZmPY-aJRgcll9CVr1kiDVRZAs6OkPaKL4AxaVgqQmXM0RKMtDEq8P9OTN6w:1uY4J0:Nj4JUgZtdBgqYPXydjgXzBrYAiXwMHpFr8yTRnnBNII	2025-07-19 14:55:54.432752+00
m77uqk2tzej1d8t8kqrevcfqgog93sg6	.eJxVjMEOwiAQBf-FsyHAAoJH7_0GAuwiVQNJaU_Gf9cmPej1zcx7sRC3tYZt0BJmZBdm2Ol3SzE_qO0A77HdOs-9rcuc-K7wgw4-daTn9XD_Dmoc9Vt7OAuHoD1GEM75LJxFXVD5JC2BsqgyUikIkL12WBxJVVIkkAaVMOz9AdwbOBQ:1uaVR3:81pI__cRd5N0RWReM0WAbtZOYoLKJZAp3zF-Mil_R8o	2025-07-26 08:18:17.615724+00
uuhx6jaobg2bkvjkz24ch588h97l4d4r	.eJxVjDsOwjAQBe_iGln-fyjpOYO19npxADlSnFSIu0OkFNC-mXkvlmBbW9pGXdKE7MwUO_1uGcqj9h3gHfpt5mXu6zJlviv8oINfZ6zPy-H-HTQY7VsbB9ragN5K5Q0FG6MkAm2EKz4SmSw8SVKegkbUKIMTSlgXbKAIVbL3B773NwU:1uXyFS:j42NCCpKzDY5EOw_Hfgpf4jbcoZymToBVGuDVzRRU8c	2025-07-19 08:27:50.660936+00
e6u17rwmfqyg5gdygchkzvnfwodc10ao	.eJxVjEEOwiAQRe_C2hA6AxRcuvcMBJhBqoYmpV0Z765NutDtf-_9lwhxW2vYOi9hInEWgzj9binmB7cd0D222yzz3NZlSnJX5EG7vM7Ez8vh_h3U2Ou3ZmPY-aJRgcll9CVr1kiDVRZAs6OkPaKL4AxaVgqQmXM0RKMtDEq8P9OTN6w:1uY4Mn:2IsPNaKxBfDgX6pqP3gb8SqY2oBn6BHBMYSypyQT3-I	2025-07-19 14:59:49.620789+00
5b8f0ulcfj75yf7jrjpls557uw408qiq	.eJxVjMEOwiAQBf-FsyHAAoJH7_0GAuwiVQNJaU_Gf9cmPej1zcx7sRC3tYZt0BJmZBdm2Ol3SzE_qO0A77HdOs-9rcuc-K7wgw4-daTn9XD_Dmoc9Vt7OAuHoD1GEM75LJxFXVD5JC2BsqgyUikIkL12WBxJVVIkkAaVMOz9AdwbOBQ:1uZRjJ:cbFxleKo3sJadDyv7LbOOY7dLAJyaCjlkOENC9Y0stw	2025-07-23 10:08:45.014989+00
r3qd2bq53a1l5hbr22w4yqtnh4774a5o	.eJxVjDsOwjAQBe_iGln-fyjpOYO19npxADlSnFSIu0OkFNC-mXkvlmBbW9pGXdKE7MwUO_1uGcqj9h3gHfpt5mXu6zJlviv8oINfZ6zPy-H-HTQY7VsbB9ragN5K5Q0FG6MkAm2EKz4SmSw8SVKegkbUKIMTSlgXbKAIVbL3B773NwU:1uXyGd:jU8jjCDJw89JOkWfP1t8B9WPjye_HLNI0eCEMreUoZM	2025-07-19 08:29:03.538729+00
8z39yqx9jjx4qrq91ehsqq9majgqv64l	.eJxVjDEOwjAMRe-SGUWxTdOGkZ0zRE5tSAElUtNOiLtDpQ6w_vfef5nI65Lj2nSOk5iTQXP43RKPDy0bkDuXW7VjLcs8JbspdqfNXqro87y7fweZW_7WPHgQgSMSIarvQZSd-AQaEl-RER0BkeOgGqBXkkGCojjkTjsO5v0B3Po35g:1uaVYX:xqyAKAVrLUGdwiRfZY7N1dRftBbOPmTCyvbSOnI4nJk	2025-07-26 08:26:01.286397+00
xoksls9k1yfkztlvpblzu38x7wvjaat7	.eJxVjEEOwiAQRe_C2hA6AxRcuvcMBJhBqoYmpV0Z765NutDtf-_9lwhxW2vYOi9hInEWgzj9binmB7cd0D222yzz3NZlSnJX5EG7vM7Ez8vh_h3U2Ou3ZmPY-aJRgcll9CVr1kiDVRZAs6OkPaKL4AxaVgqQmXM0RKMtDEq8P9OTN6w:1uY4w2:jOdxeLo0Trth7ypiHLrJCwFL6bvjVFV5dm7ay2wGvLs	2025-07-19 15:36:14.317474+00
yn1b4czrduimcbhhiok217mozjdhd9u1	.eJxVjMsOwiAQRf-FtSGQKS-X7v0GMgODVA0kpV0Z_12bdKHbe865LxFxW2vcBi9xzuIsgjj9boTpwW0H-Y7t1mXqbV1mkrsiDzrktWd-Xg7376DiqN-6qAQhEFk1efDGThm9hxSStY5J66ICsNEMTsMEZKxVyrlSTEFNJqB4fwDK6Tco:1uXUut:CZ_xxAh13G8-Lfpgfa74HBiseHuv0uwIdjPYlgNT6to	2025-07-18 01:08:39.766771+00
9axrk4j5m56ok9azp27stxxnslfu86x3	.eJxVjMsOwiAQRf-FtSGAwMy4dN9vIDylaiAp7cr479qkC93ec859Mee3tbpt5MXNiV2YZqffLfj4yG0H6e7brfPY27rMge8KP-jgU0_5eT3cv4PqR_3WHrSKMgUMsmgUQCnmeLZEyapSsERlC5hMaFCi0mCkBUmACqCAIMHeH-M4Nu0:1uabKD:86T66jhjo_qMMqIMQyx3C8ghIOBOlTi5GjlynMqvBOk	2025-07-26 14:35:37.20487+00
fq5s2i758mksbx8n6sjfzj4p7zwrjs7y	.eJxVjMsOwiAQRf-FtSFQHgMu3fsNZJgBqZo2Ke3K-O_apAvd3nPOfYmE29rS1suSRhZnocXpd8tIjzLtgO843WZJ87QuY5a7Ig_a5XXm8rwc7t9Bw96-9WAKZDswOWJHqkJF5RGqNga8JVJRYbbWc3XAVodYIPpa0eRAGIDE-wPysjhs:1uZT9m:AXxLM7NPZ8gkDsJI-tsyqy5wAdImUc4IFOBQdyKWrCQ	2025-07-23 11:40:10.988133+00
fc47onk8j5zwvtgvfk6nxz4gomd3jyva	.eJxVjMsOwiAQRf-FtSFQHgMu3fsNZJgBqZo2Ke3K-O_apAvd3nPOfYmE29rS1suSRhZnocXpd8tIjzLtgO843WZJ87QuY5a7Ig_a5XXm8rwc7t9Bw96-9WAKZDswOWJHqkJF5RGqNga8JVJRYbbWc3XAVodYIPpa0eRAGIDE-wPysjhs:1uYPkn:_6NsuL6ZvS7_5lHtEZVpPemUUg5Hjube9IkUERsT5xw	2025-07-20 13:50:01.809093+00
mk74b8kd8d4k4wvcip9gfbp61b8bzouh	.eJxVjDsOwjAQBe_iGln-fyjpOYO19npxADlSnFSIu0OkFNC-mXkvlmBbW9pGXdKE7MwUO_1uGcqj9h3gHfpt5mXu6zJlviv8oINfZ6zPy-H-HTQY7VsbB9ragN5K5Q0FG6MkAm2EKz4SmSw8SVKegkbUKIMTSlgXbKAIVbL3B773NwU:1uXyIN:3Q6A9fBl-FepxPG0YJxv9qagluu2JcbmUDkbv5jb1b0	2025-07-19 08:30:51.5753+00
61vw87tw2lb4865nag6i4oa8nnfsj9q8	.eJxVjMsOwiAQRf-FtSGAwMy4dN9vIDylaiAp7cr479qkC93ec859Mee3tbpt5MXNiV2YZqffLfj4yG0H6e7brfPY27rMge8KP-jgU0_5eT3cv4PqR_3WHrSKMgUMsmgUQCnmeLZEyapSsERlC5hMaFCi0mCkBUmACqCAIMHeH-M4Nu0:1uabmx:auUuR5GtV1J9_G2nY3AkQlrkMUgQKTXycehjiQEsLzM	2025-07-26 15:05:19.96337+00
yoor7boipxilko46uvaoiu4kko0gp7az	.eJxVjMsOwiAQRf-FtSFQHgMu3fsNZJgBqZo2Ke3K-O_apAvd3nPOfYmE29rS1suSRhZnocXpd8tIjzLtgO843WZJ87QuY5a7Ig_a5XXm8rwc7t9Bw96-9WAKZDswOWJHqkJF5RGqNga8JVJRYbbWc3XAVodYIPpa0eRAGIDE-wPysjhs:1uZmZp:K1lHF3MCLwrBT8OnAuMTAsRc9FbiUgCCnyaFz-jtQlg	2025-07-24 08:24:21.895414+00
tk99tyrkyov1p2zca06oxkoggx35yfon	.eJxVjEEOwiAQRe_C2hBogQ4u3XsGAjODVA0kpV0Z765NutDtf-_9lwhxW0vYOi9hJnEWWpx-txTxwXUHdI_11iS2ui5zkrsiD9rltRE_L4f7d1BiL986G50ZPTvDADSq5AiJ0FvtlAPrCUFhhogRR8veuAyajJ8GNymLehDvDwOHOB4:1uXfBf:CYAj1JlqAZZ-shSG2RpaRK-hETRg6Ap8K5wZSs-8jNE	2025-07-18 12:06:39.041656+00
ye3o9sc2ybxxnbtbe6u3x3niiqlhnpa6	.eJxVjMsOwiAQRf-FtSFQHgMu3fsNZJgBqZo2Ke3K-O_apAvd3nPOfYmE29rS1suSRhZnocXpd8tIjzLtgO843WZJ87QuY5a7Ig_a5XXm8rwc7t9Bw96-9WAKZDswOWJHqkJF5RGqNga8JVJRYbbWc3XAVodYIPpa0eRAGIDE-wPysjhs:1uae8L:c7FLgJgfVZYQouAqzq1dGng0rPL5ay2pEmFbEsZOvLU	2025-07-26 17:35:33.465547+00
s72y39wtv2uyuiafqpqp78bmoyb3j2an	.eJxVjEEOwiAQAP_C2RBgoYBH730DWWCRqqFJaU_GvxuSHvQ6M5k3C3jsNRydtrBkdmWWXX5ZxPSkNkR-YLuvPK1t35bIR8JP2_m8ZnrdzvZvULHXsU3eSoBiAY0ziRQkLyZFDrSLkgwKKMJahY48SRG9SmiVLsJNWmsP7PMFxLQ2wg:1uYQS3:uir34eH6CYqZYKv8hJXev1E3NxbCLD_meI9F4sxI7fY	2025-07-20 14:34:43.377228+00
fyr435cz2oy3h6slg7yr4zafe7ahytaz	.eJxVjDsOwjAQBe_iGln-fyjpOYO19npxADlSnFSIu0OkFNC-mXkvlmBbW9pGXdKE7MwUO_1uGcqj9h3gHfpt5mXu6zJlviv8oINfZ6zPy-H-HTQY7VsbB9ragN5K5Q0FG6MkAm2EKz4SmSw8SVKegkbUKIMTSlgXbKAIVbL3B773NwU:1uY5XP:dGGloZCFsNkYW99sBdksQSpDhwWuZmaifVcO4jvNr_w	2025-07-19 16:14:51.081493+00
9ktxkjafuh2gfj11zjpytc8uzg1c7vak	.eJxVjDEOAiEQRe9CbcgMI-BY2nsGAgORVQPJslsZ766bbKHtf-_9lwpxXWpYR5nDlNVZoTr8binKo7QN5Htst66lt2Wekt4UvdOhrz2X52V3_w5qHPVbH411TAzCQFLA-pQciJBBSwKpCBtAJGQL2bB17hQRGL04nwkTq_cHqsA2Pg:1uXfC5:eTpp2o9mOXCrCI6_kHyspgmqjsb0-Uw2dZS4q_o_lGI	2025-07-18 12:07:05.463146+00
xijfn45x1xy9r1elidg34vze9ih46e6s	.eJxVjEEOwiAQRe_C2hA6AxRcuvcMBJhBqoYmpV0Z765NutDtf-_9lwhxW2vYOi9hInEWgzj9binmB7cd0D222yzz3NZlSnJX5EG7vM7Ez8vh_h3U2Ou3ZmPY-aJRgcll9CVr1kiDVRZAs6OkPaKL4AxaVgqQmXM0RKMtDEq8P9OTN6w:1uY5q7:1enRMDJ7H31vkme73LqusxUwB2gHaH93httrkOisVV8	2025-07-19 16:34:11.702134+00
6v8tg0pocx4lcs2vrjnv9loloxeclug4	.eJxVjMsOwiAQRf-FtSFQHgMu3fsNZJgBqZo2Ke3K-O_apAvd3nPOfYmE29rS1suSRhZnocXpd8tIjzLtgO843WZJ87QuY5a7Ig_a5XXm8rwc7t9Bw96-9WAKZDswOWJHqkJF5RGqNga8JVJRYbbWc3XAVodYIPpa0eRAGIDE-wPysjhs:1uZuRP:ifbMrMS9f2mD2YLxG5OlojQEjvLHJuEMDV2nLo0PuOw	2025-07-24 16:48:11.828293+00
\.


--
-- Data for Name: django_site; Type: TABLE DATA; Schema: public; Owner: dbadmin
--

COPY public.django_site (id, domain, name) FROM stdin;
2	almalika.trendzqtr.com	Al Malika Trading & Services
1	portal.trendzqtr.com	Trendz Trading & Services
\.


--
-- Data for Name: finance_category; Type: TABLE DATA; Schema: public; Owner: dbadmin
--

COPY public.finance_category (id, name, description, type, site_id) FROM stdin;
1	Inventory Purchase	Auto-created category for purchase	purchase	1
3	Sales Revenue	Auto-created category for sale	sale	1
\.


--
-- Data for Name: finance_financetransaction; Type: TABLE DATA; Schema: public; Owner: dbadmin
--

COPY public.finance_financetransaction (id, type, amount, date, description, payment_method, reference, recurring, frequency, created_at, document, auto_generated, source_type, source_id, category_id, created_by_id, site_id) FROM stdin;
1	purchase	0.00	2025-07-10	Purchase Order #25070803 - SEVAN STAR	credit	25070803	f		2025-07-10 13:17:00.141332+00		t	purchase_order	2	1	16	1
2	sale_receipt	260.00	2025-07-10	Sales Invoice #INV-2025-0047 - CUTOMER	pos	INV-2025-0047	f		2025-07-10 18:42:32.907019+00		t	invoice	62	3	16	1
3	purchase	765.00	2025-07-10	Purchase Order #25070101 - Al Malika	credit	25070101	f		2025-07-10 19:18:12.231331+00		t	purchase_order	1	1	16	1
4	purchase	0.00	2025-07-11	Purchase Order #25071101 - AL TAMAYOZ -UNIQ TRADING	credit	25071101	f		2025-07-11 16:10:55.354496+00		t	purchase_order	14	1	16	1
5	sale_receipt	0.00	2025-07-11	Sales Invoice #08cc607d-3641-4658-9db7-677096fe56e7 - SARKAR	cash	08cc607d-3641-4658-9db7-677096fe56e7	f		2025-07-11 17:05:22.453714+00		t	invoice	65	3	16	1
6	sale_receipt	0.00	2025-07-11	Sales Invoice #a376bb91-c0a3-42dd-92f1-2360837797d3 - Walk In	cash	a376bb91-c0a3-42dd-92f1-2360837797d3	f		2025-07-11 17:06:37.084708+00		t	invoice	66	3	16	1
7	sale_receipt	0.00	2025-07-11	Sales Invoice #eabe30f3-16c0-4981-9063-0e0de5b91d1c - DAMIES	cash	eabe30f3-16c0-4981-9063-0e0de5b91d1c	f		2025-07-11 17:09:20.344544+00		t	invoice	67	3	16	1
8	sale_receipt	0.00	2025-07-11	Sales Invoice #742990ba-d6d0-4da9-b136-7e88b1e2e7bf - Walk In	cash	742990ba-d6d0-4da9-b136-7e88b1e2e7bf	f		2025-07-11 17:23:09.821327+00		t	invoice	68	3	16	1
9	sale_receipt	0.00	2025-07-11	Sales Invoice #24abb0fc-d899-4234-b762-7477ad09b7f1 - NERIO	pos	24abb0fc-d899-4234-b762-7477ad09b7f1	f		2025-07-11 17:30:45.807122+00		t	invoice	69	3	16	1
10	sale_receipt	0.00	2025-07-11	Sales Invoice #ea3712aa-b501-4cae-ba20-fa4d9c8d05e8 - Walk In	cash	ea3712aa-b501-4cae-ba20-fa4d9c8d05e8	f		2025-07-11 17:47:20.946716+00		t	invoice	70	3	16	1
11	sale_receipt	0.00	2025-07-11	Sales Invoice #d387ba98-ee8e-48a6-a1e4-cc1cbbf3a62e - Walk In	pos	d387ba98-ee8e-48a6-a1e4-cc1cbbf3a62e	f		2025-07-11 17:49:47.005596+00		t	invoice	71	3	16	1
12	sale_receipt	0.00	2025-07-11	Sales Invoice #453e1d93-5cee-4fc5-b186-4a9d4f45a94a - Walk In	pos	453e1d93-5cee-4fc5-b186-4a9d4f45a94a	f		2025-07-11 17:51:38.475523+00		t	invoice	72	3	16	1
13	purchase	0.00	2025-07-12	Purchase Order #2025127 - GULF TRADING	credit	2025127	f		2025-07-12 08:01:49.429089+00		t	purchase_order	15	1	16	1
14	purchase	0.00	2025-07-03	Purchase Order #25996 - OXON	credit	25996	f		2025-07-12 11:39:01.731309+00		t	purchase_order	16	1	16	1
15	sale_receipt	275.00	2025-07-12	Sales Invoice #INV-2025-0005 - Yousef	pos	INV-2025-0005	f		2025-07-12 12:54:06.244305+00		t	invoice	95	3	16	1
16	purchase	0.00	2025-07-12	Purchase Order #25071201 - Al Malika	credit	25071201	f		2025-07-12 13:00:00.413907+00		t	purchase_order	17	1	16	1
17	sale_receipt	1135.00	2025-07-12	Sales Invoice #INV-2025-0105 - IMMY	cash	INV-2025-0105	f		2025-07-12 16:31:36.176807+00		t	invoice	103	3	16	1
18	purchase	0.00	2025-07-13	Purchase Order #25071301 - Al Malika	credit	25071301	f		2025-07-13 07:49:48.597279+00		t	purchase_order	19	1	16	1
19	sale_receipt	180.00	2025-07-12	Sales Invoice #INV-2025-0108 - AHMED	cash	INV-2025-0108	f		2025-07-13 11:16:40.838909+00		t	invoice	106	3	16	1
20	sale_receipt	95.00	2025-07-12	Sales Invoice #INV-2025-0107 - B T CONTECTING	cash	INV-2025-0107	f		2025-07-13 11:16:51.600884+00		t	invoice	105	3	16	1
21	sale_receipt	60.00	2025-07-12	Sales Invoice #INV-2025-0106 - AHSAN	pos	INV-2025-0106	f		2025-07-13 11:17:07.294344+00		t	invoice	104	3	16	1
22	sale_receipt	190.00	2025-07-13	Sales Invoice #INV-2025-0110 - Walk-in Customer	cash	INV-2025-0110	f		2025-07-13 11:37:35.087715+00		t	invoice	108	3	16	1
23	purchase	0.00	2025-07-13	Purchase Order #25071302 - Al Malika	credit	25071302	f		2025-07-13 16:38:42.71497+00		t	purchase_order	20	1	16	1
24	purchase	0.00	2025-07-13	Purchase Order #25071303 - Al Malika	credit	25071303	f		2025-07-13 17:28:16.50319+00		t	purchase_order	21	1	16	1
25	purchase	0.00	2025-07-13	Purchase Order #25071304 - Al Malika	credit	25071304	f		2025-07-13 17:53:47.705615+00		t	purchase_order	22	1	16	1
26	purchase	0.00	2025-07-13	Purchase Order #25071305 - Al Malika	credit	25071305	f		2025-07-13 18:00:34.586976+00		t	purchase_order	23	1	16	1
27	sale_receipt	600.00	2025-07-12	Sales Invoice #INV-2025-0002 - Walk In	cash	INV-2025-0002	f		2025-07-14 07:32:39.130611+00		t	invoice	74	3	16	1
28	sale_receipt	150.00	2025-07-12	Sales Invoice #INV-2025-0003 - Walk In	pos	INV-2025-0003	f		2025-07-14 07:34:53.17838+00		t	invoice	75	3	16	1
29	sale_receipt	75.00	2025-07-14	Sales Invoice #INV-2025-0125 - Tawreed	cash	INV-2025-0125	f		2025-07-14 07:45:57.294266+00		t	invoice	123	3	16	1
30	sale_receipt	80.00	2025-07-13	Sales Invoice #INV-2025-0124 - Dennies	cash	INV-2025-0124	f		2025-07-14 07:46:48.668801+00		t	invoice	122	3	16	1
31	purchase	0.00	2025-07-14	Purchase Order #25071402 - SITHI	credit	25071402	f		2025-07-14 13:28:57.351745+00		t	purchase_order	25	1	16	1
32	purchase	0.00	2025-07-14	Purchase Order #25071403 - Hi Print	credit	25071403	f		2025-07-14 13:57:20.33753+00		t	purchase_order	26	1	16	1
33	purchase	250.00	2025-07-14	Purchase Order #25071401 - Al Malika	credit	25071401	f		2025-07-14 13:57:40.068086+00		t	purchase_order	24	1	16	1
34	purchase	12191.00	2025-07-01	Purchase Order #25070102 - Al Malika	credit	25070102	f		2025-07-14 14:13:29.126904+00		t	purchase_order	12	1	16	1
35	purchase	0.00	2025-07-14	Purchase Order #25071404 - JAPAN	credit	25071404	f		2025-07-14 14:16:22.354233+00		t	purchase_order	27	1	16	1
36	purchase	0.00	2025-07-14	Purchase Order #25071405 - Al Malika	credit	25071405	f		2025-07-14 14:28:48.725532+00		t	purchase_order	28	1	16	1
37	purchase	0.00	2025-07-14	Purchase Order #25071406 - UPC	credit	25071406	f		2025-07-14 14:35:50.384202+00		t	purchase_order	29	1	16	1
38	purchase	0.00	2025-07-14	Purchase Order #25071407 - JAPAN	credit	25071407	f		2025-07-14 14:46:55.293239+00		t	purchase_order	30	1	16	1
39	purchase	0.00	2025-07-14	Purchase Order #25071408 - Al Malika	credit	25071408	f		2025-07-14 15:28:17.455763+00		t	purchase_order	31	1	16	1
40	sale_receipt	280.00	2025-07-14	Sales Invoice #INV-2025-0133 - Walk In	cash	INV-2025-0133	f		2025-07-14 15:32:29.993927+00		t	invoice	131	3	16	1
41	purchase	0.00	2025-07-14	Purchase Order #25071409 - Al Malika	credit	25071409	f		2025-07-14 17:04:23.94803+00		t	purchase_order	32	1	16	1
42	purchase	0.00	2025-07-15	Purchase Order #25071501 - Al Malika	credit	25071501	f		2025-07-15 11:15:43.802485+00		t	purchase_order	33	1	16	1
43	purchase	0.00	2025-07-15	Purchase Order #25071502 - Al Malika	credit	25071502	f		2025-07-15 15:34:00.605625+00		t	purchase_order	34	1	16	1
44	purchase	0.00	2025-07-15	Purchase Order #25071503 - SITHI	credit	25071503	f		2025-07-15 16:45:08.081536+00		t	purchase_order	35	1	16	1
45	purchase	0.00	2025-07-15	Purchase Order #25071504 - Al Malika	credit	25071504	f		2025-07-15 17:42:58.591652+00		t	purchase_order	36	1	16	1
46	purchase	0.00	2025-07-15	Purchase Order #26270 - OXON	credit	26270	f		2025-07-16 06:36:10.117702+00		t	purchase_order	37	1	16	1
47	sale_receipt	900.00	2025-07-06	Sales Invoice #INV-2025-0006 - Walk-in Customer	cash	INV-2025-0006	f		2025-07-16 09:23:56.681273+00		t	invoice	20	3	16	1
48	sale_receipt	25.00	2025-07-14	Sales Invoice #INV-2025-0138 - Walk In	pos	INV-2025-0138	f		2025-07-16 09:26:36.303597+00		t	invoice	136	3	16	1
49	purchase	0.00	2025-07-16	Purchase Order #25160701 - OFFICE MART	credit	25160701	f		2025-07-16 13:04:56.623602+00		t	purchase_order	39	1	16	1
50	sale_receipt	10.00	2025-07-07	Sales Invoice #INV-2025-0015 - Yasser	pos	INV-2025-0015	f		2025-07-16 13:17:42.325871+00		t	invoice	30	3	16	1
51	sale_receipt	900.00	2025-07-06	Sales Invoice #INV-2025-0008 - Walk-in Customer	cash	INV-2025-0008	f		2025-07-16 13:18:20.334925+00		t	invoice	22	3	16	1
52	purchase	0.00	2025-07-16	Purchase Order #25071601 - Al Malika	credit	25071601	f		2025-07-16 17:36:54.91764+00		t	purchase_order	40	1	16	1
53	purchase	0.00	2025-06-15	Purchase Order #789B - ZX TECHNOLOGIES	credit	789B	f		2025-07-16 18:27:34.955598+00		t	purchase_order	41	1	16	1
54	purchase	0.00	2025-07-16	Purchase Order #25071605 - Al Malika	credit	25071605	f		2025-07-16 18:32:40.045974+00		t	purchase_order	42	1	16	1
55	sale_receipt	180.00	2025-07-16	Sales Invoice #INV-2025-0169 - Walk In	cash	INV-2025-0169	f		2025-07-16 18:55:29.038686+00		t	invoice	167	3	16	1
56	sale_receipt	400.00	2025-07-16	Sales Invoice #INV-2025-0168 - Hussain	cash	INV-2025-0168	f		2025-07-16 18:55:39.084921+00		t	invoice	166	3	16	1
57	sale_receipt	50.00	2025-07-16	Sales Invoice #INV-2025-0167 - Walk In	cash	INV-2025-0167	f		2025-07-16 18:55:51.780049+00		t	invoice	165	3	16	1
58	sale_receipt	720.00	2025-07-16	Sales Invoice #INV-2025-0166 - Walk In	cash	INV-2025-0166	f		2025-07-16 18:56:04.801646+00		t	invoice	164	3	16	1
59	sale_receipt	200.00	2025-07-16	Sales Invoice #INV-2025-0165 - Walk In	cash	INV-2025-0165	f		2025-07-16 18:56:14.989236+00		t	invoice	163	3	16	1
60	sale_receipt	40.00	2025-07-16	Sales Invoice #INV-2025-0164 - Walk In	cash	INV-2025-0164	f		2025-07-16 18:56:23.813812+00		t	invoice	162	3	16	1
61	sale_receipt	50.00	2025-07-16	Sales Invoice #INV-2025-0163 - Walk In	cash	INV-2025-0163	f		2025-07-16 18:56:34.386293+00		t	invoice	161	3	16	1
62	sale_receipt	20.00	2025-07-16	Sales Invoice #INV-2025-0162 - Walk In	cash	INV-2025-0162	f		2025-07-16 18:56:49.348048+00		t	invoice	160	3	16	1
63	sale_receipt	60.00	2025-07-16	Sales Invoice #INV-2025-0161 - Walk In	cash	INV-2025-0161	f		2025-07-16 18:58:22.970862+00		t	invoice	159	3	16	1
64	sale_receipt	80.00	2025-07-16	Sales Invoice #INV-2025-0160 - Hassan	cash	INV-2025-0160	f		2025-07-16 18:58:31.948757+00		t	invoice	158	3	16	1
65	sale_receipt	30.00	2025-07-16	Sales Invoice #INV-2025-0159 - Mukiya	cash	INV-2025-0159	f		2025-07-16 18:58:40.735132+00		t	invoice	157	3	16	1
66	sale_receipt	70.00	2025-07-16	Sales Invoice #INV-2025-0158 - Mukiya	cash	INV-2025-0158	f		2025-07-16 18:58:52.857548+00		t	invoice	156	3	16	1
67	sale_receipt	150.00	2025-07-16	Sales Invoice #INV-2025-0153 - Hashim	cash	INV-2025-0153	f		2025-07-16 18:58:59.952551+00		t	invoice	151	3	16	1
68	sale_receipt	312.00	2025-07-16	Sales Invoice #INV-2025-0155 - Yummy	cash	INV-2025-0155	f		2025-07-16 18:59:09.185242+00		t	invoice	153	3	16	1
69	sale_receipt	34.00	2025-07-16	Sales Invoice #INV-2025-0156 - Mukiya	cash	INV-2025-0156	f		2025-07-16 18:59:18.300717+00		t	invoice	154	3	16	1
70	sale_receipt	645.00	2025-07-16	Sales Invoice #INV-2025-0157 - Walk In	pos	INV-2025-0157	f		2025-07-16 18:59:29.477843+00		t	invoice	155	3	16	1
71	purchase	0.00	2025-06-16	Purchase Order #25071701 - Al Malika	credit	25071701	f		2025-07-17 06:06:41.475932+00		t	purchase_order	43	1	16	1
72	purchase	490.00	2025-07-10	Purchase Order #2501305 - ZX TECHNOLOGIES	credit	2501305	f		2025-07-17 07:43:37.095866+00		t	purchase_order	18	1	16	1
73	purchase	0.00	2025-07-17	Purchase Order #25071702 - Al Malika	credit	25071702	f		2025-07-17 07:46:52.537398+00		t	purchase_order	44	1	16	1
74	purchase	950.00	2025-06-10	Purchase Order #SO-023582 - Connect Computers & Mobiles	credit	SO-023582	f		2025-07-17 09:43:24.760774+00		t	purchase_order	45	1	16	1
75	purchase	0.00	2025-07-19	Purchase Order #19072501 - Al Malika	credit	19072501	f		2025-07-19 07:31:00.877121+00		t	purchase_order	46	1	16	1
76	purchase	0.00	2025-07-19	Purchase Order #25071901 - Al Malika	credit	25071901	f		2025-07-19 07:48:08.371992+00		t	purchase_order	47	1	16	1
77	purchase	0.00	2025-07-20	Purchase Order #6683 - SUPPLIERS	credit	6683	f		2025-07-20 15:10:24.845839+00		t	purchase_order	48	1	16	1
78	sale_receipt	80.00	2025-07-20	Sales Invoice #INV-2025-0178 - Ali	cash	INV-2025-0178	f		2025-07-21 05:51:59.116705+00		t	invoice	177	3	16	1
79	sale_receipt	50.00	2025-07-20	Sales Invoice #INV-2025-0177 - Walk In	cash	INV-2025-0177	f		2025-07-21 05:52:53.805036+00		t	invoice	176	3	16	1
80	sale_receipt	50.00	2025-07-20	Sales Invoice #INV-2025-0176 - Walk In	cash	INV-2025-0176	f		2025-07-21 05:53:03.900101+00		t	invoice	175	3	16	1
81	sale_receipt	85.00	2025-07-20	Sales Invoice #INV-2025-0175 - Walk In	cash	INV-2025-0175	f		2025-07-21 05:53:11.888996+00		t	invoice	174	3	16	1
82	sale_receipt	80.00	2025-07-19	Sales Invoice #INV-2025-0174 - JULIUS	pos	INV-2025-0174	f		2025-07-21 05:53:20.612737+00		t	invoice	173	3	16	1
83	sale_receipt	200.00	2025-07-19	Sales Invoice #INV-2025-0173 - JAWAHAR	pos	INV-2025-0173	f		2025-07-21 05:53:26.958481+00		t	invoice	171	3	16	1
84	sale_receipt	500.00	2025-07-17	Sales Invoice #INV-2025-0172 - Rahman	cash	INV-2025-0172	f		2025-07-21 05:53:40.946962+00		t	invoice	170	3	16	1
85	sale_receipt	50.00	2025-07-17	Sales Invoice #INV-2025-0171 - Walk In	cash	INV-2025-0171	f		2025-07-21 05:53:48.994331+00		t	invoice	169	3	16	1
86	sale_receipt	100.00	2025-07-17	Sales Invoice #INV-2025-0170 - Walk In	cash	INV-2025-0170	f		2025-07-21 05:53:56.877109+00		t	invoice	168	3	16	1
87	sale_receipt	650.00	2025-07-15	Sales Invoice #INV-2025-0152 - Thalha	cash	INV-2025-0152	f		2025-07-21 05:54:22.755192+00		t	invoice	150	3	16	1
88	sale_receipt	200.00	2025-07-10	Sales Invoice #INV-2025-0037 - Walk In	cash	INV-2025-0037	f		2025-07-21 05:54:44.766713+00		t	invoice	52	3	16	1
89	sale_receipt	155.00	2025-07-15	Sales Invoice #INV-2025-0151 - Walk In	cash	INV-2025-0151	f		2025-07-21 05:55:00.134917+00		t	invoice	149	3	16	1
90	sale_receipt	155.00	2025-07-15	Sales Invoice #INV-2025-0150 - Walk In	cash	INV-2025-0150	f		2025-07-21 05:55:07.465386+00		t	invoice	148	3	16	1
91	sale_receipt	60.00	2025-07-15	Sales Invoice #INV-2025-0149 - Walk In	cash	INV-2025-0149	f		2025-07-21 05:55:15.044857+00		t	invoice	147	3	16	1
92	sale_receipt	360.00	2025-07-15	Sales Invoice #INV-2025-0148 - Walk In	pos	INV-2025-0148	f		2025-07-21 05:55:21.437493+00		t	invoice	146	3	16	1
93	sale_receipt	195.00	2025-07-15	Sales Invoice #INV-2025-0147 - HASSAN	cash	INV-2025-0147	f		2025-07-21 05:55:28.530656+00		t	invoice	145	3	16	1
94	sale_receipt	20.00	2025-07-15	Sales Invoice #INV-2025-0146 - Walk In	cash	INV-2025-0146	f		2025-07-21 05:55:34.336788+00		t	invoice	144	3	16	1
95	sale_receipt	30.00	2025-07-15	Sales Invoice #INV-2025-0145 - Walk In	cash	INV-2025-0145	f		2025-07-21 05:55:40.124674+00		t	invoice	143	3	16	1
96	sale_receipt	30.00	2025-07-15	Sales Invoice #INV-2025-0144 - Walk In	cash	INV-2025-0144	f		2025-07-21 05:55:47.032664+00		t	invoice	142	3	16	1
97	sale_receipt	50.00	2025-07-15	Sales Invoice #INV-2025-0143 - Walk In	cash	INV-2025-0143	f		2025-07-21 05:55:53.283757+00		t	invoice	141	3	16	1
98	sale_receipt	30.00	2025-07-15	Sales Invoice #INV-2025-0142 - Walk In	cash	INV-2025-0142	f		2025-07-21 05:56:00.352898+00		t	invoice	140	3	16	1
99	sale_receipt	20.00	2025-07-15	Sales Invoice #INV-2025-0141 - Walk In	cash	INV-2025-0141	f		2025-07-21 05:56:06.112108+00		t	invoice	139	3	16	1
100	sale_receipt	50.00	2025-07-15	Sales Invoice #INV-2025-0140 - Walk In	cash	INV-2025-0140	f		2025-07-21 05:56:12.905134+00		t	invoice	138	3	16	1
101	sale_receipt	60.00	2025-07-15	Sales Invoice #INV-2025-0139 - Ali	cash	INV-2025-0139	f		2025-07-21 05:56:21.379361+00		t	invoice	137	3	16	1
102	sale_receipt	55.00	2025-07-14	Sales Invoice #INV-2025-0136 - Walk In	cash	INV-2025-0136	f		2025-07-21 05:56:26.972183+00		t	invoice	134	3	16	1
103	sale_receipt	80.00	2025-07-14	Sales Invoice #INV-2025-0135 - Walk In	pos	INV-2025-0135	f		2025-07-21 05:56:32.496487+00		t	invoice	133	3	16	1
104	sale_receipt	150.00	2025-07-14	Sales Invoice #INV-2025-0134 - Walk In	cash	INV-2025-0134	f		2025-07-21 05:56:38.250247+00		t	invoice	132	3	16	1
105	sale_receipt	1400.00	2025-07-14	Sales Invoice #INV-2025-0132 - Walk In	cash	INV-2025-0132	f		2025-07-21 05:56:44.741945+00		t	invoice	130	3	16	1
106	sale_receipt	200.00	2025-07-14	Sales Invoice #INV-2025-0130 - Walk In	cash	INV-2025-0130	f		2025-07-21 05:56:53.051407+00		t	invoice	128	3	16	1
107	sale_receipt	280.00	2025-07-14	Sales Invoice #INV-2025-0129 - Walk In	cash	INV-2025-0129	f		2025-07-21 05:57:00.669335+00		t	invoice	127	3	16	1
108	sale_receipt	240.00	2025-07-14	Sales Invoice #INV-2025-0128 - Walk In	cash	INV-2025-0128	f		2025-07-21 05:57:16.016745+00		t	invoice	126	3	16	1
109	sale_receipt	2510.00	2025-07-14	Sales Invoice #INV-2025-0127 - Siraj	cash	INV-2025-0127	f		2025-07-21 05:57:25.569094+00		t	invoice	125	3	16	1
110	sale_receipt	100.00	2025-07-14	Sales Invoice #INV-2025-0126 - Besan	pos	INV-2025-0126	f		2025-07-21 05:57:31.405669+00		t	invoice	124	3	16	1
111	sale_receipt	80.00	2025-07-13	Sales Invoice #INV-2025-0123 - Dennies	cash	INV-2025-0123	f		2025-07-21 05:57:35.786173+00		t	invoice	121	3	16	1
112	sale_receipt	30.00	2025-07-13	Sales Invoice #INV-2025-0122 - Walk In	cash	INV-2025-0122	f		2025-07-21 05:57:43.962524+00		t	invoice	120	3	16	1
113	sale_receipt	105.00	2025-07-13	Sales Invoice #INV-2025-0121 - Walk In	cash	INV-2025-0121	f		2025-07-21 05:57:50.510581+00		t	invoice	119	3	16	1
114	sale_receipt	10.00	2025-07-13	Sales Invoice #INV-2025-0120 - Walk In	cash	INV-2025-0120	f		2025-07-21 05:57:56.558415+00		t	invoice	118	3	16	1
115	sale_receipt	10.00	2025-07-13	Sales Invoice #INV-2025-0119 - Walk In	cash	INV-2025-0119	f		2025-07-21 05:58:03.768916+00		t	invoice	117	3	16	1
116	sale_receipt	80.00	2025-07-13	Sales Invoice #INV-2025-0118 - EKBAAL	cash	INV-2025-0118	f		2025-07-21 05:58:16.181862+00		t	invoice	116	3	16	1
117	sale_receipt	45.00	2025-07-13	Sales Invoice #INV-2025-0117 - EKBAAL	cash	INV-2025-0117	f		2025-07-21 05:58:26.479582+00		t	invoice	115	3	16	1
118	sale_receipt	400.00	2025-07-13	Sales Invoice #INV-2025-0116 - Grace	pos	INV-2025-0116	f		2025-07-21 05:58:39.321547+00		t	invoice	114	3	16	1
119	sale_receipt	35.00	2025-07-13	Sales Invoice #INV-2025-0115 - Mohamed	pos	INV-2025-0115	f		2025-07-21 05:58:45.898562+00		t	invoice	113	3	16	1
120	sale_receipt	160.00	2025-07-13	Sales Invoice #INV-2025-0114 - Mohamed	pos	INV-2025-0114	f		2025-07-21 05:58:53.09231+00		t	invoice	112	3	16	1
121	sale_receipt	115.00	2025-07-13	Sales Invoice #INV-2025-0113 - STEVAN	cash	INV-2025-0113	f		2025-07-21 05:59:04.994618+00		t	invoice	111	3	16	1
122	sale_receipt	650.00	2025-07-13	Sales Invoice #INV-2025-0112 - SL PC	cash	INV-2025-0112	f		2025-07-21 05:59:10.638876+00		t	invoice	110	3	16	1
123	sale_receipt	35.00	2025-07-13	Sales Invoice #INV-2025-0111 - customer	cash	INV-2025-0111	f		2025-07-21 05:59:16.40675+00		t	invoice	109	3	16	1
124	sale_receipt	60.00	2025-07-13	Sales Invoice #INV-2025-0109 - Walk In	pos	INV-2025-0109	f		2025-07-21 05:59:21.388113+00		t	invoice	107	3	16	1
125	sale_receipt	235.00	2025-07-11	Sales Invoice #INV-2025-0001 - Walk In	cash	INV-2025-0001	f		2025-07-21 05:59:26.65136+00		t	invoice	73	3	16	1
126	sale_receipt	20.00	2025-07-10	Sales Invoice #INV-2025-0046 - Walk In	cash	INV-2025-0046	f		2025-07-21 05:59:31.519605+00		t	invoice	61	3	16	1
127	sale_receipt	55.00	2025-07-10	Sales Invoice #INV-2025-0045 - BRYANT	cash	INV-2025-0045	f		2025-07-21 05:59:36.131166+00		t	invoice	60	3	16	1
128	sale_receipt	110.00	2025-07-10	Sales Invoice #INV-2025-0044 - BRYANT	cash	INV-2025-0044	f		2025-07-21 05:59:41.321428+00		t	invoice	59	3	16	1
129	sale_receipt	1050.00	2025-07-10	Sales Invoice #INV-2025-0042 - BIJITH	cash	INV-2025-0042	f		2025-07-21 05:59:46.55318+00		t	invoice	57	3	16	1
130	sale_receipt	85.00	2025-07-10	Sales Invoice #INV-2025-0041 - Walk In	pos	INV-2025-0041	f		2025-07-21 05:59:54.065748+00		t	invoice	56	3	16	1
131	sale_receipt	150.00	2025-07-10	Sales Invoice #INV-2025-0040 - Clarion Shipping	cash	INV-2025-0040	f		2025-07-21 05:59:59.994664+00		t	invoice	55	3	16	1
132	sale_receipt	20.00	2025-07-10	Sales Invoice #INV-2025-0039 - Yousuf	cash	INV-2025-0039	f		2025-07-21 06:00:09.555741+00		t	invoice	54	3	16	1
133	sale_receipt	230.00	2025-07-10	Sales Invoice #INV-2025-0038 - Walk In	cash	INV-2025-0038	f		2025-07-21 06:00:14.517606+00		t	invoice	53	3	16	1
134	sale_receipt	90.00	2025-07-07	Sales Invoice #INV-2025-0014 - Yasser	pos	INV-2025-0014	f		2025-07-21 06:00:19.7675+00		t	invoice	29	3	16	1
135	sale_receipt	900.00	2025-07-07	Sales Invoice #INV-2025-0012 - Walk In	split	INV-2025-0012	f		2025-07-21 06:00:42.065424+00		t	invoice	26	3	16	1
136	sale_receipt	950.00	2025-07-07	Sales Invoice #INV-2025-0011 - Walk In	cash	INV-2025-0011	f		2025-07-21 06:00:48.61305+00		t	invoice	25	3	16	1
137	sale_receipt	75.00	2025-07-06	Sales Invoice #INV-2025-0009 - Walk In	cash	INV-2025-0009	f		2025-07-21 06:00:58.65464+00		t	invoice	23	3	16	1
138	sale_receipt	900.00	2025-07-06	Sales Invoice #INV-2025-0007 - Walk-in Customer	cash	INV-2025-0007	f		2025-07-21 06:01:04.053483+00		t	invoice	21	3	16	1
139	sale_receipt	825.00	2025-07-06	Sales Invoice #ee0c3482-cc58-40ed-af7f-23bd1195d77e - Fatima Al-Zahra	cash	ee0c3482-cc58-40ed-af7f-23bd1195d77e	f		2025-07-21 06:01:10.383355+00		t	invoice	18	3	16	1
140	sale_receipt	325.00	2025-07-06	Sales Invoice #9515a37c-3a9c-42b1-95d0-7addc3c07a41 - Fatima Al-Zahra	cash	9515a37c-3a9c-42b1-95d0-7addc3c07a41	f		2025-07-21 06:01:18.627377+00		t	invoice	17	3	16	1
141	purchase	441.00	2025-07-10	Purchase Order #25070103 - Al Malika	credit	25070103	f		2025-07-21 09:34:22.854011+00		t	purchase_order	13	1	16	1
142	purchase	0.00	2025-07-21	Purchase Order #25012101 - Al Malika	credit	25012101	f		2025-07-21 17:27:10.03805+00		t	purchase_order	49	1	16	1
143	purchase	0.00	2025-07-21	Purchase Order #25072102 - Hi Print	credit	25072102	f		2025-07-21 17:29:00.594425+00		t	purchase_order	50	1	16	1
144	purchase	0.00	2025-07-21	Purchase Order #25072103 - JAPAN	credit	25072103	f		2025-07-21 17:53:30.072594+00		t	purchase_order	51	1	16	1
145	purchase	0.00	2025-07-22	Purchase Order #25072201 - Al Malika	credit	25072201	f		2025-07-22 07:39:33.62363+00		t	purchase_order	52	1	16	1
146	purchase	0.00	2025-07-22	Purchase Order #25072202 - Al Malika	credit	25072202	f		2025-07-22 17:04:11.12431+00		t	purchase_order	53	1	16	1
147	purchase	0.00	2025-07-22	Purchase Order #25072203 - JAPAN	credit	25072203	f		2025-07-22 17:12:13.610866+00		t	purchase_order	54	1	16	1
148	sale_receipt	290.00	2025-07-22	Sales Invoice #INV-2025-0194 - Walk In	cash	INV-2025-0194	f		2025-07-22 17:47:53.353716+00		t	invoice	193	3	16	1
149	sale_receipt	50.00	2025-07-22	Sales Invoice #INV-2025-0193 - Walk In	cash	INV-2025-0193	f		2025-07-22 17:48:02.229387+00		t	invoice	192	3	16	1
150	sale_receipt	520.00	2025-07-22	Sales Invoice #INV-2025-0192 - Walk In	cash	INV-2025-0192	f		2025-07-22 17:48:12.866865+00		t	invoice	191	3	16	1
151	sale_receipt	15.00	2025-07-22	Sales Invoice #INV-2025-0191 - Walk In	cash	INV-2025-0191	f		2025-07-22 17:48:20.46719+00		t	invoice	190	3	16	1
152	sale_receipt	40.00	2025-07-22	Sales Invoice #INV-2025-0190 - Hashim	cash	INV-2025-0190	f		2025-07-22 17:48:34.089873+00		t	invoice	189	3	16	1
153	purchase	0.00	2025-07-22	Purchase Order #25072204 - Seven Star Pazhani	credit	25072204	f		2025-07-22 18:11:17.899683+00		t	purchase_order	55	1	16	1
154	purchase	0.00	2025-07-22	Purchase Order #25072205 - Itc	credit	25072205	f		2025-07-22 18:12:38.2296+00		t	purchase_order	56	1	16	1
155	purchase	0.00	2025-07-22	Purchase Order #25072206 - Hi Print	credit	25072206	f		2025-07-22 18:16:23.990034+00		t	purchase_order	57	1	16	1
156	purchase	0.00	2025-07-22	Purchase Order #25072207 - Al Malika	credit	25072207	f		2025-07-22 18:18:49.152812+00		t	purchase_order	58	1	16	1
157	sale_receipt	50.00	2025-07-22	Sales Invoice #INV-2025-0206 - Walk In	cash	INV-2025-0206	f		2025-07-22 18:33:11.284789+00		t	invoice	205	3	16	1
158	sale_receipt	135.00	2025-07-22	Sales Invoice #INV-2025-0205 - Walk In	cash	INV-2025-0205	f		2025-07-22 18:33:21.932014+00		t	invoice	204	3	16	1
159	sale_receipt	165.00	2025-07-22	Sales Invoice #INV-2025-0204 - Walk In	cash	INV-2025-0204	f		2025-07-22 18:33:30.772598+00		t	invoice	203	3	16	1
160	sale_receipt	30.00	2025-07-22	Sales Invoice #INV-2025-0203 - Walk In	cash	INV-2025-0203	f		2025-07-22 18:33:37.157042+00		t	invoice	202	3	16	1
161	sale_receipt	360.00	2025-07-22	Sales Invoice #INV-2025-0202 - Walk In	cash	INV-2025-0202	f		2025-07-22 18:33:44.121789+00		t	invoice	201	3	16	1
162	sale_receipt	180.00	2025-07-22	Sales Invoice #INV-2025-0201 - Walk In	cash	INV-2025-0201	f		2025-07-22 18:33:58.958799+00		t	invoice	200	3	16	1
164	sale_receipt	170.00	2025-07-22	Sales Invoice #INV-2025-0199 - JEAN	cash	INV-2025-0199	f		2025-07-22 18:34:17.291254+00		t	invoice	198	3	16	1
165	sale_receipt	100.00	2025-07-22	Sales Invoice #INV-2025-0198 - Walk In	cash	INV-2025-0198	f		2025-07-22 18:34:25.648821+00		t	invoice	197	3	16	1
166	sale_receipt	75.00	2025-07-22	Sales Invoice #INV-2025-0197 - Walk In	cash	INV-2025-0197	f		2025-07-22 18:34:32.332777+00		t	invoice	196	3	16	1
167	sale_receipt	25.00	2025-07-22	Sales Invoice #INV-2025-0196 - Walk In	cash	INV-2025-0196	f		2025-07-22 18:35:50.096871+00		t	invoice	195	3	16	1
168	sale_receipt	65.00	2025-07-22	Sales Invoice #INV-2025-0195 - Walk In	cash	INV-2025-0195	f		2025-07-22 18:35:57.983306+00		t	invoice	194	3	16	1
169	sale_receipt	970.00	2025-07-22	Sales Invoice #INV-2025-0207 - Walk In	cash	INV-2025-0207	f		2025-07-22 18:56:04.219209+00		t	invoice	206	3	16	1
170	purchase	0.00	2025-07-23	Purchase Order #25072301 - Al Malika	credit	25072301	f		2025-07-23 08:09:07.692923+00		t	purchase_order	59	1	16	1
171	purchase	0.00	2025-07-23	Purchase Order #25072302 - Mobile Clinic	credit	25072302	f		2025-07-23 11:05:26.028451+00		t	purchase_order	60	1	16	1
172	purchase	0.00	2025-07-23	Purchase Order #25072303 - Al Malika	credit	25072303	f		2025-07-23 14:12:33.686348+00		t	purchase_order	61	1	16	1
173	purchase	0.00	2025-07-23	Purchase Order #25072304 - Al Malika	credit	25072304	f		2025-07-23 15:25:05.003677+00		t	purchase_order	62	1	16	1
174	purchase	95.00	2025-07-23	Purchase Order #23072306 - Al Malika	credit	23072306	f		2025-07-23 17:48:17.140839+00		t	purchase_order	64	1	16	1
175	purchase	420.00	2025-07-23	Purchase Order #25072305 - AL TAMAYOZ -UNIQ TRADING	credit	25072305	f		2025-07-23 17:48:24.476228+00		t	purchase_order	63	1	16	1
176	purchase	0.00	2025-07-23	Purchase Order #25072306 - Experience Home	credit	25072306	f		2025-07-23 18:02:08.345844+00		t	purchase_order	65	1	16	1
177	sale_receipt	600.00	2025-07-14	Sales Invoice #INV-2025-0137 - saith	pos	INV-2025-0137	f		2025-07-24 09:44:17.367353+00		t	invoice	135	3	16	1
178	sale_receipt	930.00	2025-07-21	Sales Invoice #INV-2025-0179 - Walk In	cash	INV-2025-0179	f		2025-07-24 09:45:55.108163+00		t	invoice	178	3	16	1
179	sale_receipt	200.00	2025-07-21	Sales Invoice #INV-2025-0181 - Walk In	cash	INV-2025-0181	f		2025-07-24 09:46:27.272218+00		t	invoice	180	3	16	1
180	sale_receipt	1400.00	2025-07-21	Sales Invoice #INV-2025-0183 - Walk In	cash	INV-2025-0183	f		2025-07-24 09:46:57.072729+00		t	invoice	182	3	16	1
181	sale_receipt	294.00	2025-07-21	Sales Invoice #INV-2025-0182 - Walk In	cash	INV-2025-0182	f		2025-07-24 09:47:09.203573+00		t	invoice	181	3	16	1
182	sale_receipt	165.00	2025-07-21	Sales Invoice #INV-2025-0184 - Walk In	cash	INV-2025-0184	f		2025-07-24 09:47:20.191261+00		t	invoice	183	3	16	1
183	sale_receipt	95.00	2025-07-21	Sales Invoice #INV-2025-0185 - Walk In	cash	INV-2025-0185	f		2025-07-24 09:47:40.259361+00		t	invoice	184	3	16	1
184	sale_receipt	70.00	2025-07-21	Sales Invoice #INV-2025-0186 - Walk In	cash	INV-2025-0186	f		2025-07-24 09:47:50.979374+00		t	invoice	185	3	16	1
185	sale_receipt	100.00	2025-07-21	Sales Invoice #INV-2025-0187 - Walk In	cash	INV-2025-0187	f		2025-07-24 09:48:01.647505+00		t	invoice	186	3	16	1
186	sale_receipt	200.00	2025-07-21	Sales Invoice #INV-2025-0188 - Walk In	cash	INV-2025-0188	f		2025-07-24 09:48:22.117169+00		t	invoice	187	3	16	1
187	sale_receipt	80.00	2025-07-21	Sales Invoice #INV-2025-0189 - Walk In	cash	INV-2025-0189	f		2025-07-24 09:48:56.405106+00		t	invoice	188	3	16	1
188	sale_receipt	1200.00	2025-07-23	Sales Invoice #INV-2025-0208 - Walk In	cash	INV-2025-0208	f		2025-07-24 09:49:15.24354+00		t	invoice	207	3	16	1
189	sale_receipt	15.00	2025-07-23	Sales Invoice #INV-2025-0209 - Walk In	cash	INV-2025-0209	f		2025-07-24 09:49:25.574972+00		t	invoice	208	3	16	1
190	sale_receipt	630.00	2025-07-23	Sales Invoice #INV-2025-0210 - Walk In	cash	INV-2025-0210	f		2025-07-24 09:50:26.181978+00		t	invoice	209	3	16	1
191	sale_receipt	145.00	2025-07-23	Sales Invoice #INV-2025-0211 - Walk In	cash	INV-2025-0211	f		2025-07-24 09:50:35.256314+00		t	invoice	210	3	16	1
192	sale_receipt	280.00	2025-07-23	Sales Invoice #INV-2025-0212 - Walk In	cash	INV-2025-0212	f		2025-07-24 09:51:02.549799+00		t	invoice	211	3	16	1
193	sale_receipt	610.00	2025-07-23	Sales Invoice #INV-2025-0213 - Walk In	cash	INV-2025-0213	f		2025-07-24 09:51:13.235627+00		t	invoice	212	3	16	1
194	sale_receipt	60.00	2025-07-23	Sales Invoice #INV-2025-0214 - Ala	cash	INV-2025-0214	f		2025-07-24 09:51:20.897308+00		t	invoice	213	3	16	1
195	sale_receipt	120.00	2025-07-23	Sales Invoice #INV-2025-0215 - Musharaf	cash	INV-2025-0215	f		2025-07-24 09:51:29.836054+00		t	invoice	214	3	16	1
196	sale_receipt	280.00	2025-07-23	Sales Invoice #INV-2025-0216 - Walk In	cash	INV-2025-0216	f		2025-07-24 09:51:40.079036+00		t	invoice	215	3	16	1
197	sale_receipt	140.00	2025-07-23	Sales Invoice #INV-2025-0217 - Mohammed	cash	INV-2025-0217	f		2025-07-24 09:51:55.579728+00		t	invoice	216	3	16	1
198	sale_receipt	75.00	2025-07-23	Sales Invoice #INV-2025-0218 - Walk In	cash	INV-2025-0218	f		2025-07-24 09:52:06.20411+00		t	invoice	217	3	16	1
199	sale_receipt	170.00	2025-07-23	Sales Invoice #INV-2025-0219 - Walk In	cash	INV-2025-0219	f		2025-07-24 09:52:20.25635+00		t	invoice	218	3	16	1
200	purchase	0.00	2025-07-24	Purchase Order #25072401 - Al Malika	credit	25072401	f		2025-07-24 18:40:36.753185+00		t	purchase_order	66	1	16	1
201	purchase	0.00	2025-07-25	Purchase Order #25072501 - Al Malika	credit	25072501	f		2025-07-25 17:30:04.305893+00		t	purchase_order	67	1	16	1
\.


--
-- Data for Name: finance_financialsummary; Type: TABLE DATA; Schema: public; Owner: dbadmin
--

COPY public.finance_financialsummary (id, year, month, total_sales, total_invoices, average_sale_value, total_purchases, total_purchase_orders, total_purchase_payments, gross_profit, profit_margin, cash_inflow, cash_outflow, net_cash_flow, updated_at, site_id) FROM stdin;
3	2025	6	0.00	0	0.00	1847.00	3	0.00	0.00	0.00	0.00	0.00	0.00	2025-07-17 09:43:39.232344+00	1
1	2025	7	39370.00	163	241.53	58519.00	54	0.00	27515.80	51.31	39370.00	0.00	39370.00	2025-07-25 18:07:04.699644+00	1
\.


--
-- Data for Name: finance_inventorytransaction; Type: TABLE DATA; Schema: public; Owner: dbadmin
--

COPY public.finance_inventorytransaction (id, type, quantity, unit_cost, unit_price, total_cost, total_revenue, date, notes, invoice_id, product_id, purchase_order_id, site_id) FROM stdin;
1	sale	-1	115.00	180.00	115.00	180.00	2025-07-10 00:00:00+00	Sale via Invoice #INV-2025-0047	62	543	\N	1
2	sale	-1	110.00	280.00	110.00	280.00	2025-07-10 00:00:00+00	Sale via Invoice #INV-2025-0047	62	403	\N	1
3	purchase	5	15.00	60.00	75.00	\N	2025-07-10 00:00:00+00	Purchase via PO #25070101	\N	792	1	1
4	purchase	4	15.00	65.00	60.00	\N	2025-07-10 00:00:00+00	Purchase via PO #25070101	\N	793	1	1
5	purchase	5	15.00	65.00	75.00	\N	2025-07-10 00:00:00+00	Purchase via PO #25070101	\N	795	1	1
6	purchase	11	15.00	65.00	165.00	\N	2025-07-10 00:00:00+00	Purchase via PO #25070101	\N	799	1	1
7	purchase	13	15.00	65.00	195.00	\N	2025-07-10 00:00:00+00	Purchase via PO #25070101	\N	800	1	1
8	purchase	13	15.00	65.00	195.00	\N	2025-07-10 00:00:00+00	Purchase via PO #25070101	\N	801	1	1
9	sale	-1	50.00	170.00	50.00	170.00	2025-07-12 00:00:00+00	Sale via Invoice #INV-2025-0005	95	634	\N	1
10	sale	-1	110.00	190.00	110.00	190.00	2025-07-12 00:00:00+00	Sale via Invoice #INV-2025-0005	95	933	\N	1
11	sale	-1	490.00	950.00	490.00	950.00	2025-07-12 00:00:00+00	Sale via Invoice #INV-2025-0105	103	941	\N	1
12	sale	-1	28.00	65.00	28.00	65.00	2025-07-12 00:00:00+00	Sale via Invoice #INV-2025-0105	103	15	\N	1
13	sale	-1	65.00	120.00	65.00	120.00	2025-07-12 00:00:00+00	Sale via Invoice #INV-2025-0105	103	18	\N	1
14	sale	-1	165.00	380.00	165.00	380.00	2025-07-12 00:00:00+00	Sale via Invoice #INV-2025-0108	106	611	\N	1
15	sale	-1	47.00	75.00	47.00	75.00	2025-07-12 00:00:00+00	Sale via Invoice #INV-2025-0107	105	560	\N	1
16	sale	-1	42.00	90.00	42.00	90.00	2025-07-12 00:00:00+00	Sale via Invoice #INV-2025-0107	105	561	\N	1
17	sale	-1	45.00	190.00	45.00	190.00	2025-07-12 00:00:00+00	Sale via Invoice #INV-2025-0106	104	95	\N	1
18	sale	-1	170.00	300.00	170.00	300.00	2025-07-13 00:00:00+00	Sale via Invoice #INV-2025-0110	108	166	\N	1
19	sale	-10	59.00	100.00	590.00	1000.00	2025-07-12 00:00:00+00	Sale via Invoice #INV-2025-0002	74	414	\N	1
20	sale	-1	134.00	250.00	134.00	250.00	2025-07-12 00:00:00+00	Sale via Invoice #INV-2025-0003	75	557	\N	1
21	sale	-1	35.00	95.00	35.00	95.00	2025-07-14 00:00:00+00	Sale via Invoice #INV-2025-0125	123	193	\N	1
22	sale	-1	10.00	60.00	10.00	60.00	2025-07-14 00:00:00+00	Sale via Invoice #INV-2025-0125	123	82	\N	1
23	sale	-1	67.00	130.00	67.00	130.00	2025-07-13 00:00:00+00	Sale via Invoice #INV-2025-0124	122	513	\N	1
24	purchase	5	50.00	70.00	250.00	\N	2025-07-14 00:00:00+00	Purchase via PO #25071401	\N	579	24	1
25	purchase	2	46.00	80.00	92.00	\N	2025-07-01 00:00:00+00	Purchase via PO #25070102	\N	713	12	1
26	purchase	2	46.00	80.00	92.00	\N	2025-07-01 00:00:00+00	Purchase via PO #25070102	\N	667	12	1
27	purchase	1	72.00	130.00	72.00	\N	2025-07-01 00:00:00+00	Purchase via PO #25070102	\N	705	12	1
28	purchase	1	72.00	110.00	72.00	\N	2025-07-01 00:00:00+00	Purchase via PO #25070102	\N	706	12	1
29	purchase	1	72.00	110.00	72.00	\N	2025-07-01 00:00:00+00	Purchase via PO #25070102	\N	707	12	1
30	purchase	1	95.00	130.00	95.00	\N	2025-07-01 00:00:00+00	Purchase via PO #25070102	\N	704	12	1
31	purchase	3	36.00	75.00	108.00	\N	2025-07-01 00:00:00+00	Purchase via PO #25070102	\N	658	12	1
32	purchase	5	25.00	60.00	125.00	\N	2025-07-01 00:00:00+00	Purchase via PO #25070102	\N	710	12	1
33	purchase	3	25.00	65.00	75.00	\N	2025-07-01 00:00:00+00	Purchase via PO #25070102	\N	709	12	1
34	purchase	3	25.00	75.00	75.00	\N	2025-07-01 00:00:00+00	Purchase via PO #25070102	\N	712	12	1
35	purchase	1	34.00	95.00	34.00	\N	2025-07-01 00:00:00+00	Purchase via PO #25070102	\N	672	12	1
36	purchase	5	29.00	70.00	145.00	\N	2025-07-01 00:00:00+00	Purchase via PO #25070102	\N	714	12	1
37	purchase	3	29.00	70.00	87.00	\N	2025-07-01 00:00:00+00	Purchase via PO #25070102	\N	716	12	1
38	purchase	1	29.00	990.00	29.00	\N	2025-07-01 00:00:00+00	Purchase via PO #25070102	\N	717	12	1
39	purchase	5	30.00	70.00	150.00	\N	2025-07-01 00:00:00+00	Purchase via PO #25070102	\N	715	12	1
40	purchase	3	30.00	90.00	90.00	\N	2025-07-01 00:00:00+00	Purchase via PO #25070102	\N	720	12	1
41	purchase	1	30.00	70.00	30.00	\N	2025-07-01 00:00:00+00	Purchase via PO #25070102	\N	718	12	1
42	purchase	1	50.00	90.00	50.00	\N	2025-07-01 00:00:00+00	Purchase via PO #25070102	\N	719	12	1
43	purchase	3	36.00	90.00	108.00	\N	2025-07-01 00:00:00+00	Purchase via PO #25070102	\N	733	12	1
44	purchase	2	26.00	50.00	52.00	\N	2025-07-01 00:00:00+00	Purchase via PO #25070102	\N	734	12	1
45	purchase	2	26.00	90.00	52.00	\N	2025-07-01 00:00:00+00	Purchase via PO #25070102	\N	735	12	1
46	purchase	3	26.00	80.00	78.00	\N	2025-07-01 00:00:00+00	Purchase via PO #25070102	\N	736	12	1
47	purchase	2	70.00	90.00	140.00	\N	2025-07-01 00:00:00+00	Purchase via PO #25070102	\N	729	12	1
48	purchase	1	54.00	70.00	54.00	\N	2025-07-01 00:00:00+00	Purchase via PO #25070102	\N	730	12	1
49	purchase	1	54.00	70.00	54.00	\N	2025-07-01 00:00:00+00	Purchase via PO #25070102	\N	732	12	1
50	purchase	1	54.00	80.00	54.00	\N	2025-07-01 00:00:00+00	Purchase via PO #25070102	\N	736	12	1
51	purchase	2	20.00	60.00	40.00	\N	2025-07-01 00:00:00+00	Purchase via PO #25070102	\N	726	12	1
52	purchase	2	20.00	60.00	40.00	\N	2025-07-01 00:00:00+00	Purchase via PO #25070102	\N	725	12	1
53	purchase	3	20.00	60.00	60.00	\N	2025-07-01 00:00:00+00	Purchase via PO #25070102	\N	727	12	1
54	purchase	1	25.00	50.00	25.00	\N	2025-07-01 00:00:00+00	Purchase via PO #25070102	\N	721	12	1
55	purchase	1	23.00	50.00	23.00	\N	2025-07-01 00:00:00+00	Purchase via PO #25070102	\N	724	12	1
56	purchase	1	23.00	50.00	23.00	\N	2025-07-01 00:00:00+00	Purchase via PO #25070102	\N	722	12	1
57	purchase	1	23.00	50.00	23.00	\N	2025-07-01 00:00:00+00	Purchase via PO #25070102	\N	723	12	1
58	purchase	2	20.00	60.00	40.00	\N	2025-07-01 00:00:00+00	Purchase via PO #25070102	\N	728	12	1
59	purchase	3	25.00	95.00	75.00	\N	2025-07-01 00:00:00+00	Purchase via PO #25070102	\N	672	12	1
60	purchase	2	22.00	90.00	44.00	\N	2025-07-01 00:00:00+00	Purchase via PO #25070102	\N	671	12	1
61	purchase	3	22.00	90.00	66.00	\N	2025-07-01 00:00:00+00	Purchase via PO #25070102	\N	669	12	1
62	purchase	3	22.00	90.00	66.00	\N	2025-07-01 00:00:00+00	Purchase via PO #25070102	\N	670	12	1
63	purchase	2	47.00	100.00	94.00	\N	2025-07-01 00:00:00+00	Purchase via PO #25070102	\N	739	12	1
64	purchase	1	41.00	90.00	41.00	\N	2025-07-01 00:00:00+00	Purchase via PO #25070102	\N	742	12	1
65	purchase	1	41.00	90.00	41.00	\N	2025-07-01 00:00:00+00	Purchase via PO #25070102	\N	741	12	1
66	purchase	1	41.00	90.00	41.00	\N	2025-07-01 00:00:00+00	Purchase via PO #25070102	\N	740	12	1
67	purchase	1	28.00	95.00	28.00	\N	2025-07-01 00:00:00+00	Purchase via PO #25070102	\N	673	12	1
68	purchase	1	25.00	90.00	25.00	\N	2025-07-01 00:00:00+00	Purchase via PO #25070102	\N	674	12	1
69	purchase	1	25.00	90.00	25.00	\N	2025-07-01 00:00:00+00	Purchase via PO #25070102	\N	675	12	1
70	purchase	1	29.00	90.00	29.00	\N	2025-07-01 00:00:00+00	Purchase via PO #25070102	\N	677	12	1
71	purchase	2	29.00	90.00	58.00	\N	2025-07-01 00:00:00+00	Purchase via PO #25070102	\N	676	12	1
72	purchase	1	29.00	90.00	29.00	\N	2025-07-01 00:00:00+00	Purchase via PO #25070102	\N	678	12	1
73	purchase	2	29.00	90.00	58.00	\N	2025-07-01 00:00:00+00	Purchase via PO #25070102	\N	679	12	1
74	purchase	1	12.00	60.00	12.00	\N	2025-07-01 00:00:00+00	Purchase via PO #25070102	\N	738	12	1
75	purchase	2	20.00	80.00	40.00	\N	2025-07-01 00:00:00+00	Purchase via PO #25070102	\N	737	12	1
76	purchase	4	30.00	65.00	120.00	\N	2025-07-01 00:00:00+00	Purchase via PO #25070102	\N	808	12	1
77	purchase	1	280.00	350.00	280.00	\N	2025-07-01 00:00:00+00	Purchase via PO #25070102	\N	747	12	1
78	purchase	1	230.00	350.00	230.00	\N	2025-07-01 00:00:00+00	Purchase via PO #25070102	\N	749	12	1
79	purchase	1	235.00	350.00	235.00	\N	2025-07-01 00:00:00+00	Purchase via PO #25070102	\N	748	12	1
80	purchase	1	410.00	520.00	410.00	\N	2025-07-01 00:00:00+00	Purchase via PO #25070102	\N	752	12	1
81	purchase	1	405.00	520.00	405.00	\N	2025-07-01 00:00:00+00	Purchase via PO #25070102	\N	754	12	1
82	purchase	1	410.00	520.00	410.00	\N	2025-07-01 00:00:00+00	Purchase via PO #25070102	\N	753	12	1
83	purchase	1	254.00	350.00	254.00	\N	2025-07-01 00:00:00+00	Purchase via PO #25070102	\N	751	12	1
84	purchase	1	254.00	350.00	254.00	\N	2025-07-01 00:00:00+00	Purchase via PO #25070102	\N	750	12	1
85	purchase	1	242.00	350.00	242.00	\N	2025-07-01 00:00:00+00	Purchase via PO #25070102	\N	746	12	1
86	purchase	2	238.00	350.00	476.00	\N	2025-07-01 00:00:00+00	Purchase via PO #25070102	\N	745	12	1
87	purchase	1	103.00	280.00	103.00	\N	2025-07-01 00:00:00+00	Purchase via PO #25070102	\N	755	12	1
88	purchase	1	100.00	190.00	100.00	\N	2025-07-01 00:00:00+00	Purchase via PO #25070102	\N	756	12	1
89	purchase	1	210.00	270.00	210.00	\N	2025-07-01 00:00:00+00	Purchase via PO #25070102	\N	757	12	1
90	purchase	1	235.00	350.00	235.00	\N	2025-07-01 00:00:00+00	Purchase via PO #25070102	\N	760	12	1
91	purchase	1	278.00	400.00	278.00	\N	2025-07-01 00:00:00+00	Purchase via PO #25070102	\N	761	12	1
92	purchase	1	278.00	400.00	278.00	\N	2025-07-01 00:00:00+00	Purchase via PO #25070102	\N	759	12	1
93	purchase	1	278.00	400.00	278.00	\N	2025-07-01 00:00:00+00	Purchase via PO #25070102	\N	758	12	1
94	purchase	1	210.00	300.00	210.00	\N	2025-07-01 00:00:00+00	Purchase via PO #25070102	\N	762	12	1
95	purchase	2	180.00	290.00	360.00	\N	2025-07-01 00:00:00+00	Purchase via PO #25070102	\N	763	12	1
96	purchase	2	180.00	290.00	360.00	\N	2025-07-01 00:00:00+00	Purchase via PO #25070102	\N	765	12	1
97	purchase	2	180.00	290.00	360.00	\N	2025-07-01 00:00:00+00	Purchase via PO #25070102	\N	764	12	1
98	purchase	1	22.00	150.00	22.00	\N	2025-07-01 00:00:00+00	Purchase via PO #25070102	\N	766	12	1
99	purchase	1	22.00	150.00	22.00	\N	2025-07-01 00:00:00+00	Purchase via PO #25070102	\N	768	12	1
100	purchase	1	22.00	150.00	22.00	\N	2025-07-01 00:00:00+00	Purchase via PO #25070102	\N	767	12	1
101	purchase	1	22.00	150.00	22.00	\N	2025-07-01 00:00:00+00	Purchase via PO #25070102	\N	769	12	1
102	purchase	1	23.00	150.00	23.00	\N	2025-07-01 00:00:00+00	Purchase via PO #25070102	\N	774	12	1
103	purchase	2	33.00	150.00	66.00	\N	2025-07-01 00:00:00+00	Purchase via PO #25070102	\N	776	12	1
104	purchase	1	30.00	150.00	30.00	\N	2025-07-01 00:00:00+00	Purchase via PO #25070102	\N	775	12	1
105	purchase	1	30.00	150.00	30.00	\N	2025-07-01 00:00:00+00	Purchase via PO #25070102	\N	777	12	1
106	purchase	1	25.00	150.00	25.00	\N	2025-07-01 00:00:00+00	Purchase via PO #25070102	\N	779	12	1
107	purchase	2	25.00	150.00	50.00	\N	2025-07-01 00:00:00+00	Purchase via PO #25070102	\N	778	12	1
108	purchase	1	25.00	150.00	25.00	\N	2025-07-01 00:00:00+00	Purchase via PO #25070102	\N	780	12	1
109	purchase	5	30.00	150.00	150.00	\N	2025-07-01 00:00:00+00	Purchase via PO #25070102	\N	782	12	1
110	purchase	3	30.00	150.00	90.00	\N	2025-07-01 00:00:00+00	Purchase via PO #25070102	\N	783	12	1
111	purchase	3	30.00	150.00	90.00	\N	2025-07-01 00:00:00+00	Purchase via PO #25070102	\N	784	12	1
112	purchase	1	33.00	150.00	33.00	\N	2025-07-01 00:00:00+00	Purchase via PO #25070102	\N	786	12	1
113	purchase	1	33.00	150.00	33.00	\N	2025-07-01 00:00:00+00	Purchase via PO #25070102	\N	787	12	1
114	purchase	2	33.00	150.00	66.00	\N	2025-07-01 00:00:00+00	Purchase via PO #25070102	\N	785	12	1
115	purchase	1	15.00	150.00	15.00	\N	2025-07-01 00:00:00+00	Purchase via PO #25070102	\N	788	12	1
116	purchase	1	20.00	150.00	20.00	\N	2025-07-01 00:00:00+00	Purchase via PO #25070102	\N	790	12	1
117	purchase	2	22.00	150.00	44.00	\N	2025-07-01 00:00:00+00	Purchase via PO #25070102	\N	789	12	1
118	purchase	1	30.00	30.00	30.00	\N	2025-07-01 00:00:00+00	Purchase via PO #25070102	\N	794	12	1
119	purchase	1	45.00	110.00	45.00	\N	2025-07-01 00:00:00+00	Purchase via PO #25070102	\N	791	12	1
120	purchase	1	40.00	150.00	40.00	\N	2025-07-01 00:00:00+00	Purchase via PO #25070102	\N	796	12	1
121	purchase	1	22.00	150.00	22.00	\N	2025-07-01 00:00:00+00	Purchase via PO #25070102	\N	798	12	1
122	purchase	1	22.00	150.00	22.00	\N	2025-07-01 00:00:00+00	Purchase via PO #25070102	\N	797	12	1
123	purchase	1	25.00	150.00	25.00	\N	2025-07-01 00:00:00+00	Purchase via PO #25070102	\N	813	12	1
124	purchase	1	25.00	150.00	25.00	\N	2025-07-01 00:00:00+00	Purchase via PO #25070102	\N	814	12	1
125	purchase	1	25.00	150.00	25.00	\N	2025-07-01 00:00:00+00	Purchase via PO #25070102	\N	815	12	1
126	purchase	1	35.00	150.00	35.00	\N	2025-07-01 00:00:00+00	Purchase via PO #25070102	\N	816	12	1
127	purchase	1	35.00	150.00	35.00	\N	2025-07-01 00:00:00+00	Purchase via PO #25070102	\N	817	12	1
128	purchase	1	35.00	150.00	35.00	\N	2025-07-01 00:00:00+00	Purchase via PO #25070102	\N	818	12	1
129	purchase	1	35.00	180.00	35.00	\N	2025-07-01 00:00:00+00	Purchase via PO #25070102	\N	820	12	1
130	purchase	1	50.00	150.00	50.00	\N	2025-07-01 00:00:00+00	Purchase via PO #25070102	\N	821	12	1
131	purchase	2	50.00	150.00	100.00	\N	2025-07-01 00:00:00+00	Purchase via PO #25070102	\N	822	12	1
132	purchase	2	50.00	150.00	100.00	\N	2025-07-01 00:00:00+00	Purchase via PO #25070102	\N	823	12	1
133	purchase	3	25.00	150.00	75.00	\N	2025-07-01 00:00:00+00	Purchase via PO #25070102	\N	826	12	1
134	purchase	2	20.00	150.00	40.00	\N	2025-07-01 00:00:00+00	Purchase via PO #25070102	\N	827	12	1
135	purchase	1	15.00	150.00	15.00	\N	2025-07-01 00:00:00+00	Purchase via PO #25070102	\N	830	12	1
136	purchase	1	15.00	150.00	15.00	\N	2025-07-01 00:00:00+00	Purchase via PO #25070102	\N	831	12	1
137	purchase	1	15.00	150.00	15.00	\N	2025-07-01 00:00:00+00	Purchase via PO #25070102	\N	834	12	1
138	purchase	1	22.00	150.00	22.00	\N	2025-07-01 00:00:00+00	Purchase via PO #25070102	\N	836	12	1
139	purchase	1	22.00	150.00	22.00	\N	2025-07-01 00:00:00+00	Purchase via PO #25070102	\N	837	12	1
140	purchase	1	22.00	150.00	22.00	\N	2025-07-01 00:00:00+00	Purchase via PO #25070102	\N	839	12	1
141	purchase	2	25.00	150.00	50.00	\N	2025-07-01 00:00:00+00	Purchase via PO #25070102	\N	841	12	1
142	purchase	1	22.00	150.00	22.00	\N	2025-07-01 00:00:00+00	Purchase via PO #25070102	\N	844	12	1
143	purchase	1	20.00	150.00	20.00	\N	2025-07-01 00:00:00+00	Purchase via PO #25070102	\N	846	12	1
144	purchase	1	22.00	110.00	22.00	\N	2025-07-01 00:00:00+00	Purchase via PO #25070102	\N	849	12	1
145	purchase	1	30.00	150.00	30.00	\N	2025-07-01 00:00:00+00	Purchase via PO #25070102	\N	851	12	1
146	purchase	2	25.00	150.00	50.00	\N	2025-07-01 00:00:00+00	Purchase via PO #25070102	\N	852	12	1
147	purchase	2	15.00	150.00	30.00	\N	2025-07-01 00:00:00+00	Purchase via PO #25070102	\N	855	12	1
148	purchase	1	20.00	150.00	20.00	\N	2025-07-01 00:00:00+00	Purchase via PO #25070102	\N	859	12	1
149	purchase	2	30.00	150.00	60.00	\N	2025-07-01 00:00:00+00	Purchase via PO #25070102	\N	860	12	1
150	purchase	2	25.00	150.00	50.00	\N	2025-07-01 00:00:00+00	Purchase via PO #25070102	\N	781	12	1
151	purchase	2	15.00	150.00	30.00	\N	2025-07-01 00:00:00+00	Purchase via PO #25070102	\N	861	12	1
152	purchase	1	50.00	150.00	50.00	\N	2025-07-01 00:00:00+00	Purchase via PO #25070102	\N	862	12	1
153	purchase	7	20.00	150.00	140.00	\N	2025-07-01 00:00:00+00	Purchase via PO #25070102	\N	865	12	1
154	purchase	3	20.00	150.00	60.00	\N	2025-07-01 00:00:00+00	Purchase via PO #25070102	\N	867	12	1
155	purchase	4	30.00	150.00	120.00	\N	2025-07-01 00:00:00+00	Purchase via PO #25070102	\N	868	12	1
156	purchase	4	30.00	150.00	120.00	\N	2025-07-01 00:00:00+00	Purchase via PO #25070102	\N	870	12	1
157	purchase	1	30.00	150.00	30.00	\N	2025-07-01 00:00:00+00	Purchase via PO #25070102	\N	871	12	1
158	purchase	1	24.00	150.00	24.00	\N	2025-07-01 00:00:00+00	Purchase via PO #25070102	\N	873	12	1
159	purchase	1	24.00	150.00	24.00	\N	2025-07-01 00:00:00+00	Purchase via PO #25070102	\N	874	12	1
160	purchase	1	24.00	150.00	24.00	\N	2025-07-01 00:00:00+00	Purchase via PO #25070102	\N	875	12	1
161	purchase	1	25.00	150.00	25.00	\N	2025-07-01 00:00:00+00	Purchase via PO #25070102	\N	877	12	1
162	purchase	2	25.00	150.00	50.00	\N	2025-07-01 00:00:00+00	Purchase via PO #25070102	\N	878	12	1
163	purchase	2	25.00	150.00	50.00	\N	2025-07-01 00:00:00+00	Purchase via PO #25070102	\N	880	12	1
164	purchase	2	25.00	150.00	50.00	\N	2025-07-01 00:00:00+00	Purchase via PO #25070102	\N	881	12	1
165	purchase	1	40.00	150.00	40.00	\N	2025-07-01 00:00:00+00	Purchase via PO #25070102	\N	883	12	1
166	purchase	1	28.00	150.00	28.00	\N	2025-07-01 00:00:00+00	Purchase via PO #25070102	\N	884	12	1
167	purchase	5	5.00	25.00	25.00	\N	2025-07-01 00:00:00+00	Purchase via PO #25070102	\N	916	12	1
168	sale	-1	145.00	280.00	145.00	280.00	2025-07-14 00:00:00+00	Sale via Invoice #INV-2025-0133	131	962	\N	1
169	sale	-5	145.00	190.00	725.00	950.00	2025-07-06 00:00:00+00	Sale via Invoice #INV-2025-0006	20	6	\N	1
170	sale	-1	8.00	25.00	8.00	25.00	2025-07-14 00:00:00+00	Sale via Invoice #INV-2025-0138	136	698	\N	1
171	sale	-1	8.00	45.00	8.00	45.00	2025-07-14 00:00:00+00	Sale via Invoice #INV-2025-0138	136	255	\N	1
172	sale	-1	5.00	35.00	5.00	35.00	2025-07-07 00:00:00+00	Sale via Invoice #INV-2025-0015	30	80	\N	1
173	sale	-5	145.00	190.00	725.00	950.00	2025-07-06 00:00:00+00	Sale via Invoice #INV-2025-0008	22	6	\N	1
174	sale	-1	0.00	300.00	0.00	300.00	2025-07-16 00:00:00+00	Sale via Invoice #INV-2025-0169	167	743	\N	1
175	sale	-5	65.00	120.00	325.00	600.00	2025-07-16 00:00:00+00	Sale via Invoice #INV-2025-0168	166	502	\N	1
176	sale	-1	21.00	40.00	21.00	40.00	2025-07-16 00:00:00+00	Sale via Invoice #INV-2025-0167	165	44	\N	1
177	sale	-1	6.00	20.00	6.00	20.00	2025-07-16 00:00:00+00	Sale via Invoice #INV-2025-0167	165	964	\N	1
178	sale	-1	590.00	900.00	590.00	900.00	2025-07-16 00:00:00+00	Sale via Invoice #INV-2025-0166	164	976	\N	1
179	sale	-1	26.00	95.00	26.00	95.00	2025-07-16 00:00:00+00	Sale via Invoice #INV-2025-0166	164	527	\N	1
180	sale	-1	145.00	250.00	145.00	250.00	2025-07-16 00:00:00+00	Sale via Invoice #INV-2025-0165	163	975	\N	1
181	sale	-1	1.00	50.00	1.00	50.00	2025-07-16 00:00:00+00	Sale via Invoice #INV-2025-0164	162	1	\N	1
182	sale	-1	20.00	80.00	20.00	80.00	2025-07-16 00:00:00+00	Sale via Invoice #INV-2025-0163	161	963	\N	1
183	sale	-1	0.00	100.00	0.00	100.00	2025-07-16 00:00:00+00	Sale via Invoice #INV-2025-0162	160	694	\N	1
184	sale	-1	0.00	100.00	0.00	100.00	2025-07-16 00:00:00+00	Sale via Invoice #INV-2025-0161	159	694	\N	1
185	sale	-1	75.00	150.00	75.00	150.00	2025-07-16 00:00:00+00	Sale via Invoice #INV-2025-0160	158	689	\N	1
186	sale	-1	13.00	65.00	13.00	65.00	2025-07-16 00:00:00+00	Sale via Invoice #INV-2025-0159	157	385	\N	1
187	sale	-1	17.00	45.00	17.00	45.00	2025-07-16 00:00:00+00	Sale via Invoice #INV-2025-0159	157	353	\N	1
188	sale	-1	55.00	180.00	55.00	180.00	2025-07-16 00:00:00+00	Sale via Invoice #INV-2025-0158	156	246	\N	1
189	sale	-2	62.00	120.00	124.00	240.00	2025-07-16 00:00:00+00	Sale via Invoice #INV-2025-0153	151	469	\N	1
190	sale	-1	250.00	450.00	250.00	450.00	2025-07-16 00:00:00+00	Sale via Invoice #INV-2025-0155	153	521	\N	1
191	sale	-4	5.00	10.00	20.00	40.00	2025-07-16 00:00:00+00	Sale via Invoice #INV-2025-0155	153	514	\N	1
192	sale	-2	12.00	35.00	24.00	70.00	2025-07-16 00:00:00+00	Sale via Invoice #INV-2025-0156	154	254	\N	1
193	sale	-1	275.00	290.00	275.00	290.00	2025-07-16 00:00:00+00	Sale via Invoice #INV-2025-0157	155	973	\N	1
194	sale	-1	340.00	360.00	340.00	360.00	2025-07-16 00:00:00+00	Sale via Invoice #INV-2025-0157	155	974	\N	1
195	purchase	1	490.00	950.00	490.00	\N	2025-07-10 00:00:00+00	Purchase via PO #2501305	\N	941	18	1
196	purchase	100	5.00	15.00	500.00	\N	2025-06-10 00:00:00+00	Purchase via PO #SO-023582	\N	984	45	1
197	purchase	10	45.00	155.00	450.00	\N	2025-06-10 00:00:00+00	Purchase via PO #SO-023582	\N	339	45	1
198	sale	-1	70.00	120.00	70.00	120.00	2025-07-20 00:00:00+00	Sale via Invoice #INV-2025-0178	177	988	\N	1
199	sale	-1	0.00	100.00	0.00	100.00	2025-07-20 00:00:00+00	Sale via Invoice #INV-2025-0177	176	744	\N	1
200	sale	-1	0.00	100.00	0.00	100.00	2025-07-20 00:00:00+00	Sale via Invoice #INV-2025-0176	175	744	\N	1
201	sale	-1	20.00	80.00	20.00	80.00	2025-07-20 00:00:00+00	Sale via Invoice #INV-2025-0175	174	78	\N	1
202	sale	-1	44.00	150.00	44.00	150.00	2025-07-20 00:00:00+00	Sale via Invoice #INV-2025-0175	174	476	\N	1
203	sale	-1	10.00	55.00	10.00	55.00	2025-07-19 00:00:00+00	Sale via Invoice #INV-2025-0174	173	298	\N	1
204	sale	-1	20.00	80.00	20.00	80.00	2025-07-19 00:00:00+00	Sale via Invoice #INV-2025-0174	173	124	\N	1
205	sale	-1	110.00	250.00	110.00	250.00	2025-07-19 00:00:00+00	Sale via Invoice #INV-2025-0173	171	986	\N	1
206	sale	-10	45.00	155.00	450.00	1550.00	2025-07-17 00:00:00+00	Sale via Invoice #INV-2025-0172	170	339	\N	1
207	sale	-1	0.00	100.00	0.00	100.00	2025-07-17 00:00:00+00	Sale via Invoice #INV-2025-0171	169	694	\N	1
208	sale	-1	0.00	300.00	0.00	300.00	2025-07-17 00:00:00+00	Sale via Invoice #INV-2025-0170	168	948	\N	1
209	sale	-1	500.00	800.00	500.00	800.00	2025-07-15 00:00:00+00	Sale via Invoice #INV-2025-0152	150	967	\N	1
210	sale	-1	100.00	250.00	100.00	250.00	2025-07-10 00:00:00+00	Sale via Invoice #INV-2025-0037	52	692	\N	1
211	sale	-1	165.00	250.00	165.00	250.00	2025-07-15 00:00:00+00	Sale via Invoice #INV-2025-0151	149	559	\N	1
212	sale	-1	165.00	250.00	165.00	250.00	2025-07-15 00:00:00+00	Sale via Invoice #INV-2025-0150	148	559	\N	1
213	sale	-1	18.00	95.00	18.00	95.00	2025-07-15 00:00:00+00	Sale via Invoice #INV-2025-0149	147	535	\N	1
214	sale	-1	10.00	60.00	10.00	60.00	2025-07-15 00:00:00+00	Sale via Invoice #INV-2025-0149	147	94	\N	1
215	sale	-1	340.00	500.00	340.00	500.00	2025-07-15 00:00:00+00	Sale via Invoice #INV-2025-0148	146	162	\N	1
216	sale	-2	60.00	150.00	120.00	300.00	2025-07-15 00:00:00+00	Sale via Invoice #INV-2025-0147	145	537	\N	1
217	sale	-1	37.00	130.00	37.00	130.00	2025-07-15 00:00:00+00	Sale via Invoice #INV-2025-0147	145	541	\N	1
218	sale	-1	1.00	50.00	1.00	50.00	2025-07-15 00:00:00+00	Sale via Invoice #INV-2025-0146	144	1	\N	1
219	sale	-1	0.00	100.00	0.00	100.00	2025-07-15 00:00:00+00	Sale via Invoice #INV-2025-0145	143	694	\N	1
220	sale	-1	0.00	100.00	0.00	100.00	2025-07-15 00:00:00+00	Sale via Invoice #INV-2025-0144	142	694	\N	1
221	sale	-1	0.00	100.00	0.00	100.00	2025-07-15 00:00:00+00	Sale via Invoice #INV-2025-0143	141	694	\N	1
222	sale	-1	0.00	100.00	0.00	100.00	2025-07-15 00:00:00+00	Sale via Invoice #INV-2025-0142	140	694	\N	1
223	sale	-1	0.00	100.00	0.00	100.00	2025-07-15 00:00:00+00	Sale via Invoice #INV-2025-0141	139	694	\N	1
224	sale	-1	0.00	100.00	0.00	100.00	2025-07-15 00:00:00+00	Sale via Invoice #INV-2025-0140	138	694	\N	1
225	sale	-1	55.20	120.00	55.20	120.00	2025-07-15 00:00:00+00	Sale via Invoice #INV-2025-0139	137	59	\N	1
226	sale	-1	48.00	75.00	48.00	75.00	2025-07-14 00:00:00+00	Sale via Invoice #INV-2025-0136	134	419	\N	1
227	sale	-1	53.00	95.00	53.00	95.00	2025-07-14 00:00:00+00	Sale via Invoice #INV-2025-0135	133	17	\N	1
228	sale	-3	20.00	80.00	60.00	240.00	2025-07-14 00:00:00+00	Sale via Invoice #INV-2025-0134	132	963	\N	1
229	sale	-2	425.00	850.00	850.00	1700.00	2025-07-14 00:00:00+00	Sale via Invoice #INV-2025-0132	130	404	\N	1
230	sale	-1	220.00	350.00	220.00	350.00	2025-07-14 00:00:00+00	Sale via Invoice #INV-2025-0132	130	396	\N	1
231	sale	-1	128.00	280.00	128.00	280.00	2025-07-14 00:00:00+00	Sale via Invoice #INV-2025-0132	130	510	\N	1
232	sale	-4	30.00	130.00	120.00	520.00	2025-07-14 00:00:00+00	Sale via Invoice #INV-2025-0130	128	651	\N	1
233	sale	-1	160.00	300.00	160.00	300.00	2025-07-14 00:00:00+00	Sale via Invoice #INV-2025-0129	127	958	\N	1
234	sale	-1	15.00	65.00	15.00	65.00	2025-07-14 00:00:00+00	Sale via Invoice #INV-2025-0129	127	806	\N	1
235	sale	-1	235.00	350.00	235.00	350.00	2025-07-14 00:00:00+00	Sale via Invoice #INV-2025-0128	126	760	\N	1
236	sale	-7	210.00	250.00	1470.00	1750.00	2025-07-14 00:00:00+00	Sale via Invoice #INV-2025-0127	125	954	\N	1
237	sale	-1	190.00	240.00	190.00	240.00	2025-07-14 00:00:00+00	Sale via Invoice #INV-2025-0127	125	955	\N	1
238	sale	-1	190.00	240.00	190.00	240.00	2025-07-14 00:00:00+00	Sale via Invoice #INV-2025-0127	125	956	\N	1
239	sale	-1	190.00	240.00	190.00	240.00	2025-07-14 00:00:00+00	Sale via Invoice #INV-2025-0127	125	957	\N	1
240	sale	-7	50.00	70.00	350.00	490.00	2025-07-14 00:00:00+00	Sale via Invoice #INV-2025-0127	125	579	\N	1
241	sale	-1	0.00	150.00	0.00	150.00	2025-07-14 00:00:00+00	Sale via Invoice #INV-2025-0126	124	695	\N	1
242	sale	-1	67.00	130.00	67.00	130.00	2025-07-13 00:00:00+00	Sale via Invoice #INV-2025-0123	121	513	\N	1
243	sale	-1	22.00	75.00	22.00	75.00	2025-07-13 00:00:00+00	Sale via Invoice #INV-2025-0122	120	409	\N	1
244	sale	-1	65.00	100.00	65.00	100.00	2025-07-13 00:00:00+00	Sale via Invoice #INV-2025-0121	119	953	\N	1
245	sale	-1	22.00	75.00	22.00	75.00	2025-07-13 00:00:00+00	Sale via Invoice #INV-2025-0121	119	409	\N	1
246	sale	-1	5.00	20.00	5.00	20.00	2025-07-13 00:00:00+00	Sale via Invoice #INV-2025-0120	118	952	\N	1
247	sale	-1	8.00	25.00	8.00	25.00	2025-07-13 00:00:00+00	Sale via Invoice #INV-2025-0119	117	698	\N	1
248	sale	-1	0.00	300.00	0.00	300.00	2025-07-13 00:00:00+00	Sale via Invoice #INV-2025-0118	116	948	\N	1
249	sale	-1	21.00	65.00	21.00	65.00	2025-07-13 00:00:00+00	Sale via Invoice #INV-2025-0117	115	620	\N	1
250	sale	-1	225.00	280.00	225.00	280.00	2025-07-13 00:00:00+00	Sale via Invoice #INV-2025-0116	114	950	\N	1
251	sale	-1	157.00	230.00	157.00	230.00	2025-07-13 00:00:00+00	Sale via Invoice #INV-2025-0116	114	949	\N	1
252	sale	-1	30.00	90.00	30.00	90.00	2025-07-13 00:00:00+00	Sale via Invoice #INV-2025-0115	113	935	\N	1
253	sale	-20	1.00	5.00	20.00	100.00	2025-07-13 00:00:00+00	Sale via Invoice #INV-2025-0114	112	509	\N	1
254	sale	-20	5.00	10.00	100.00	200.00	2025-07-13 00:00:00+00	Sale via Invoice #INV-2025-0114	112	514	\N	1
255	sale	-1	35.00	95.00	35.00	95.00	2025-07-13 00:00:00+00	Sale via Invoice #INV-2025-0113	111	194	\N	1
256	sale	-1	4.00	45.00	4.00	45.00	2025-07-13 00:00:00+00	Sale via Invoice #INV-2025-0113	111	84	\N	1
257	sale	-1	28.00	80.00	28.00	80.00	2025-07-13 00:00:00+00	Sale via Invoice #INV-2025-0113	111	355	\N	1
258	sale	-1	425.00	850.00	425.00	850.00	2025-07-13 00:00:00+00	Sale via Invoice #INV-2025-0112	110	404	\N	1
259	sale	-1	75.00	250.00	75.00	250.00	2025-07-13 00:00:00+00	Sale via Invoice #INV-2025-0112	110	384	\N	1
260	sale	-1	29.00	100.00	29.00	100.00	2025-07-13 00:00:00+00	Sale via Invoice #INV-2025-0111	109	380	\N	1
261	sale	-1	10.00	160.00	10.00	160.00	2025-07-13 00:00:00+00	Sale via Invoice #INV-2025-0109	107	10	\N	1
262	sale	-1	120.00	350.00	120.00	350.00	2025-07-11 00:00:00+00	Sale via Invoice #INV-2025-0001	73	621	\N	1
263	sale	-1	45.00	120.00	45.00	120.00	2025-07-11 00:00:00+00	Sale via Invoice #INV-2025-0001	73	614	\N	1
264	sale	-2	8.00	12.00	16.00	24.00	2025-07-10 00:00:00+00	Sale via Invoice #INV-2025-0046	61	711	\N	1
265	sale	-1	50.00	70.00	50.00	70.00	2025-07-10 00:00:00+00	Sale via Invoice #INV-2025-0045	60	579	\N	1
266	sale	-2	50.00	70.00	100.00	140.00	2025-07-10 00:00:00+00	Sale via Invoice #INV-2025-0044	59	579	\N	1
267	sale	-1	980.00	1350.00	980.00	1350.00	2025-07-10 00:00:00+00	Sale via Invoice #INV-2025-0042	57	696	\N	1
268	sale	-1	30.00	110.00	30.00	110.00	2025-07-10 00:00:00+00	Sale via Invoice #INV-2025-0041	56	96	\N	1
269	sale	-1	23.00	75.00	23.00	75.00	2025-07-10 00:00:00+00	Sale via Invoice #INV-2025-0041	56	287	\N	1
270	sale	-1	0.00	150.00	0.00	150.00	2025-07-10 00:00:00+00	Sale via Invoice #INV-2025-0040	55	695	\N	1
271	sale	-1	0.00	20.00	0.00	20.00	2025-07-10 00:00:00+00	Sale via Invoice #INV-2025-0039	54	694	\N	1
272	sale	-1	210.00	280.00	210.00	280.00	2025-07-10 00:00:00+00	Sale via Invoice #INV-2025-0038	53	693	\N	1
273	sale	-1	70.00	170.00	70.00	170.00	2025-07-07 00:00:00+00	Sale via Invoice #INV-2025-0014	29	313	\N	1
274	sale	-5	70.00	190.00	350.00	950.00	2025-07-07 00:00:00+00	Sale via Invoice #INV-2025-0012	26	199	\N	1
275	sale	-5	70.00	190.00	350.00	950.00	2025-07-07 00:00:00+00	Sale via Invoice #INV-2025-0011	25	199	\N	1
276	sale	-1	30.00	75.00	30.00	75.00	2025-07-06 00:00:00+00	Sale via Invoice #INV-2025-0009	23	341	\N	1
277	sale	-5	145.00	190.00	725.00	950.00	2025-07-06 00:00:00+00	Sale via Invoice #INV-2025-0007	21	6	\N	1
278	sale	-5	53.00	95.00	265.00	475.00	2025-07-06 00:00:00+00	Sale via Invoice #ee0c3482-cc58-40ed-af7f-23bd1195d77e	18	17	\N	1
279	sale	-10	7.00	35.00	70.00	350.00	2025-07-06 00:00:00+00	Sale via Invoice #ee0c3482-cc58-40ed-af7f-23bd1195d77e	18	86	\N	1
280	sale	-2	26.00	75.00	52.00	150.00	2025-07-06 00:00:00+00	Sale via Invoice #9515a37c-3a9c-42b1-95d0-7addc3c07a41	17	122	\N	1
281	sale	-5	8.00	35.00	40.00	175.00	2025-07-06 00:00:00+00	Sale via Invoice #9515a37c-3a9c-42b1-95d0-7addc3c07a41	17	3	\N	1
282	purchase	1	18.00	50.00	18.00	\N	2025-07-10 00:00:00+00	Purchase via PO #25070103	\N	929	13	1
283	purchase	1	18.00	50.00	18.00	\N	2025-07-10 00:00:00+00	Purchase via PO #25070103	\N	929	13	1
284	purchase	15	15.00	45.00	225.00	\N	2025-07-10 00:00:00+00	Purchase via PO #25070103	\N	92	13	1
285	purchase	15	12.00	45.00	180.00	\N	2025-07-10 00:00:00+00	Purchase via PO #25070103	\N	91	13	1
286	sale	-1	15.00	150.00	15.00	150.00	2025-07-22 00:00:00+00	Sale via Invoice #INV-2025-0194	193	855	\N	1
287	sale	-1	180.00	250.00	180.00	250.00	2025-07-22 00:00:00+00	Sale via Invoice #INV-2025-0194	193	588	\N	1
288	sale	-1	50.00	160.00	50.00	160.00	2025-07-22 00:00:00+00	Sale via Invoice #INV-2025-0193	192	270	\N	1
289	sale	-1	50.00	100.00	50.00	100.00	2025-07-22 00:00:00+00	Sale via Invoice #INV-2025-0192	191	998	\N	1
290	sale	-1	125.00	250.00	125.00	250.00	2025-07-22 00:00:00+00	Sale via Invoice #INV-2025-0192	191	185	\N	1
291	sale	-1	0.00	300.00	0.00	300.00	2025-07-22 00:00:00+00	Sale via Invoice #INV-2025-0192	191	743	\N	1
292	sale	-1	65.00	150.00	65.00	150.00	2025-07-22 00:00:00+00	Sale via Invoice #INV-2025-0192	191	500	\N	1
293	sale	-1	12.00	45.00	12.00	45.00	2025-07-22 00:00:00+00	Sale via Invoice #INV-2025-0191	190	91	\N	1
294	sale	-1	18.00	65.00	18.00	65.00	2025-07-22 00:00:00+00	Sale via Invoice #INV-2025-0190	189	793	\N	1
295	sale	-1	0.00	100.00	0.00	100.00	2025-07-22 00:00:00+00	Sale via Invoice #INV-2025-0206	205	694	\N	1
296	sale	-1	55.00	70.00	55.00	70.00	2025-07-22 00:00:00+00	Sale via Invoice #INV-2025-0205	204	732	\N	1
297	sale	-1	55.00	70.00	55.00	70.00	2025-07-22 00:00:00+00	Sale via Invoice #INV-2025-0205	204	730	\N	1
298	sale	-1	10.00	50.00	10.00	50.00	2025-07-22 00:00:00+00	Sale via Invoice #INV-2025-0205	204	372	\N	1
299	sale	-2	24.00	90.00	48.00	180.00	2025-07-22 00:00:00+00	Sale via Invoice #INV-2025-0204	203	1001	\N	1
300	sale	-1	59.00	100.00	59.00	100.00	2025-07-22 00:00:00+00	Sale via Invoice #INV-2025-0204	203	414	\N	1
301	sale	-2	13.00	25.00	26.00	50.00	2025-07-22 00:00:00+00	Sale via Invoice #INV-2025-0203	202	999	\N	1
302	sale	-1	165.00	230.00	165.00	230.00	2025-07-22 00:00:00+00	Sale via Invoice #INV-2025-0202	201	949	\N	1
303	sale	-1	185.00	250.00	185.00	250.00	2025-07-22 00:00:00+00	Sale via Invoice #INV-2025-0202	201	588	\N	1
304	sale	-1	85.00	250.00	85.00	250.00	2025-07-22 00:00:00+00	Sale via Invoice #INV-2025-0201	200	1002	\N	1
308	sale	-1	70.00	280.00	70.00	280.00	2025-07-22 00:00:00+00	Sale via Invoice #INV-2025-0199	198	81	\N	1
309	sale	-1	40.00	110.00	40.00	110.00	2025-07-22 00:00:00+00	Sale via Invoice #INV-2025-0199	198	812	\N	1
310	sale	-1	85.00	150.00	85.00	150.00	2025-07-22 00:00:00+00	Sale via Invoice #INV-2025-0198	197	226	\N	1
311	sale	-1	55.00	190.00	55.00	190.00	2025-07-22 00:00:00+00	Sale via Invoice #INV-2025-0197	196	146	\N	1
312	sale	-1	12.00	60.00	12.00	60.00	2025-07-22 00:00:00+00	Sale via Invoice #INV-2025-0196	195	72	\N	1
313	sale	-1	30.00	95.00	30.00	95.00	2025-07-22 00:00:00+00	Sale via Invoice #INV-2025-0195	194	652	\N	1
314	sale	-1	210.00	280.00	210.00	280.00	2025-07-22 00:00:00+00	Sale via Invoice #INV-2025-0207	206	693	\N	1
315	sale	-1	245.00	300.00	245.00	300.00	2025-07-22 00:00:00+00	Sale via Invoice #INV-2025-0207	206	1000	\N	1
316	sale	-1	242.00	350.00	242.00	350.00	2025-07-22 00:00:00+00	Sale via Invoice #INV-2025-0207	206	746	\N	1
317	sale	-1	238.00	350.00	238.00	350.00	2025-07-22 00:00:00+00	Sale via Invoice #INV-2025-0207	206	745	\N	1
318	purchase	1	95.00	160.00	95.00	\N	2025-07-23 00:00:00+00	Purchase via PO #23072306	\N	1030	64	1
319	purchase	1	420.00	650.00	420.00	\N	2025-07-23 00:00:00+00	Purchase via PO #25072305	\N	1028	63	1
320	sale	-5	6.00	20.00	30.00	100.00	2025-07-14 00:00:00+00	Sale via Invoice #INV-2025-0137	135	964	\N	1
321	sale	-5	8.00	45.00	40.00	225.00	2025-07-14 00:00:00+00	Sale via Invoice #INV-2025-0137	135	89	\N	1
322	sale	-5	8.00	45.00	40.00	225.00	2025-07-14 00:00:00+00	Sale via Invoice #INV-2025-0137	135	89	\N	1
323	sale	-5	15.00	45.00	75.00	225.00	2025-07-14 00:00:00+00	Sale via Invoice #INV-2025-0137	135	92	\N	1
324	sale	-5	10.00	60.00	50.00	300.00	2025-07-14 00:00:00+00	Sale via Invoice #INV-2025-0137	135	94	\N	1
325	sale	-5	24.00	85.00	120.00	425.00	2025-07-14 00:00:00+00	Sale via Invoice #INV-2025-0137	135	215	\N	1
326	sale	-1	860.00	1300.00	860.00	1300.00	2025-07-21 00:00:00+00	Sale via Invoice #INV-2025-0179	178	685	\N	1
327	sale	-1	120.00	250.00	120.00	250.00	2025-07-21 00:00:00+00	Sale via Invoice #INV-2025-0181	180	994	\N	1
328	sale	-1	13.00	50.00	13.00	50.00	2025-07-21 00:00:00+00	Sale via Invoice #INV-2025-0181	180	486	\N	1
329	sale	-1	6.00	30.00	6.00	30.00	2025-07-21 00:00:00+00	Sale via Invoice #INV-2025-0181	180	977	\N	1
330	sale	-2	425.00	850.00	850.00	1700.00	2025-07-21 00:00:00+00	Sale via Invoice #INV-2025-0183	182	404	\N	1
331	sale	-2	100.00	150.00	200.00	300.00	2025-07-21 00:00:00+00	Sale via Invoice #INV-2025-0183	182	990	\N	1
332	sale	-2	120.00	250.00	240.00	500.00	2025-07-21 00:00:00+00	Sale via Invoice #INV-2025-0183	182	994	\N	1
333	sale	-3	51.00	70.00	153.00	210.00	2025-07-21 00:00:00+00	Sale via Invoice #INV-2025-0182	181	579	\N	1
334	sale	-3	42.00	70.00	126.00	210.00	2025-07-21 00:00:00+00	Sale via Invoice #INV-2025-0182	181	581	\N	1
335	sale	-1	40.00	100.00	40.00	100.00	2025-07-21 00:00:00+00	Sale via Invoice #INV-2025-0184	183	991	\N	1
336	sale	-1	40.00	100.00	40.00	100.00	2025-07-21 00:00:00+00	Sale via Invoice #INV-2025-0184	183	992	\N	1
337	sale	-1	40.00	100.00	40.00	100.00	2025-07-21 00:00:00+00	Sale via Invoice #INV-2025-0184	183	993	\N	1
338	sale	-1	85.00	110.00	85.00	110.00	2025-07-21 00:00:00+00	Sale via Invoice #INV-2025-0185	184	604	\N	1
339	sale	-1	0.00	100.00	0.00	100.00	2025-07-21 00:00:00+00	Sale via Invoice #INV-2025-0186	185	694	\N	1
340	sale	-1	60.00	150.00	60.00	150.00	2025-07-21 00:00:00+00	Sale via Invoice #INV-2025-0187	186	995	\N	1
341	sale	-1	0.00	300.00	0.00	300.00	2025-07-21 00:00:00+00	Sale via Invoice #INV-2025-0188	187	743	\N	1
342	sale	-1	0.00	150.00	0.00	150.00	2025-07-21 00:00:00+00	Sale via Invoice #INV-2025-0189	188	695	\N	1
343	sale	-2	520.00	1200.00	1040.00	2400.00	2025-07-23 00:00:00+00	Sale via Invoice #INV-2025-0208	207	364	\N	1
344	sale	-1	8.00	15.00	8.00	15.00	2025-07-23 00:00:00+00	Sale via Invoice #INV-2025-0209	208	1026	\N	1
345	sale	-1	420.00	650.00	420.00	650.00	2025-07-23 00:00:00+00	Sale via Invoice #INV-2025-0210	209	1028	\N	1
346	sale	-1	30.00	70.00	30.00	70.00	2025-07-23 00:00:00+00	Sale via Invoice #INV-2025-0210	209	529	\N	1
347	sale	-2	25.00	95.00	50.00	190.00	2025-07-23 00:00:00+00	Sale via Invoice #INV-2025-0211	210	672	\N	1
348	sale	-1	22.00	90.00	22.00	90.00	2025-07-23 00:00:00+00	Sale via Invoice #INV-2025-0211	210	671	\N	1
349	sale	-1	22.00	90.00	22.00	90.00	2025-07-23 00:00:00+00	Sale via Invoice #INV-2025-0211	210	670	\N	1
350	sale	-1	22.00	90.00	22.00	90.00	2025-07-23 00:00:00+00	Sale via Invoice #INV-2025-0211	210	669	\N	1
351	sale	-1	130.00	150.00	130.00	150.00	2025-07-23 00:00:00+00	Sale via Invoice #INV-2025-0212	211	584	\N	1
352	sale	-1	130.00	150.00	130.00	150.00	2025-07-23 00:00:00+00	Sale via Invoice #INV-2025-0212	211	587	\N	1
353	sale	-1	520.00	1200.00	520.00	1200.00	2025-07-23 00:00:00+00	Sale via Invoice #INV-2025-0213	212	364	\N	1
354	sale	-1	32.00	100.00	32.00	100.00	2025-07-23 00:00:00+00	Sale via Invoice #INV-2025-0214	213	959	\N	1
355	sale	-1	75.00	210.00	75.00	210.00	2025-07-23 00:00:00+00	Sale via Invoice #INV-2025-0215	214	158	\N	1
356	sale	-1	195.00	350.00	195.00	350.00	2025-07-23 00:00:00+00	Sale via Invoice #INV-2025-0216	215	182	\N	1
357	sale	-1	35.00	90.00	35.00	90.00	2025-07-23 00:00:00+00	Sale via Invoice #INV-2025-0216	215	347	\N	1
358	sale	-1	120.00	220.00	120.00	220.00	2025-07-23 00:00:00+00	Sale via Invoice #INV-2025-0217	216	940	\N	1
359	sale	-1	35.00	100.00	35.00	100.00	2025-07-23 00:00:00+00	Sale via Invoice #INV-2025-0218	217	1031	\N	1
360	sale	-1	0.00	300.00	0.00	300.00	2025-07-23 00:00:00+00	Sale via Invoice #INV-2025-0219	218	743	\N	1
361	sale	-1	0.00	100.00	0.00	100.00	2025-07-23 00:00:00+00	Sale via Invoice #INV-2025-0219	218	694	\N	1
362	sale	-1	0.00	100.00	0.00	100.00	2025-07-23 00:00:00+00	Sale via Invoice #INV-2025-0219	218	694	\N	1
\.


--
-- Data for Name: portal_cart; Type: TABLE DATA; Schema: public; Owner: dbadmin
--

COPY public.portal_cart (id, created_at, updated_at, user_id, site_id) FROM stdin;
\.


--
-- Data for Name: portal_cartitem; Type: TABLE DATA; Schema: public; Owner: dbadmin
--

COPY public.portal_cartitem (id, quantity, requested_delivery_date, special_instructions, cart_id, product_id, site_id) FROM stdin;
\.


--
-- Data for Name: portal_category; Type: TABLE DATA; Schema: public; Owner: dbadmin
--

COPY public.portal_category (id, name, description, icon, site_id, parent_id) FROM stdin;
1	Services - Computer	Services - Computer	fa-box	1	\N
2	Accessories - Computer	Computer Accessories	fa-box	1	\N
3	Accessories - Printer	Accessories - Printer	fa-box	1	\N
4	Accessories - Network	Accessories - Network	fa-box	1	\N
5	Accessories - Mobile	Accessories - Mobile	fa-box	1	\N
7	Laptop	Laptop	fa-box	1	\N
6	Desktop	All Brands, new and used Desktop	fa-box	1	\N
8	Printer	All type of new and used Printers	fa-box	1	\N
14	Electronics	Electronic products and gadgets		1	\N
16	CATRIDGE			1	\N
23	Accessories - Electrical	Accessories - Electrical		1	\N
24	Stationary	Stationaries		1	\N
10	Electronics	Electronic devices and gadgets	fa-laptop	1	\N
11	Accessories	Electronic accessories and parts	fa-microchip	1	\N
12	Services	Technical services and support	fa-tools	1	\N
27	Services - Printer	All kind of Printer Services	fa-server	1	\N
\.


--
-- Data for Name: portal_customer; Type: TABLE DATA; Schema: public; Owner: dbadmin
--

COPY public.portal_customer (id, customer_id, full_name, phone, company_name, address, tax_number, created_at, updated_at, preferred_contact_method, site_id) FROM stdin;
1	2506AC9634	Walk In	12345678	Walk In	Doha	\N	2025-06-28 17:15:39.856215+00	2025-06-28 17:15:39.856228+00	whatsapp	1
2	2506AU0320	Al Malika	12345678	Al Malika	Doha	\N	2025-06-28 17:16:05.407212+00	2025-06-28 17:16:05.407225+00	phone	1
3	2506BT5634	Al Malika	12345678	Al Malika		\N	2025-06-29 12:40:28.975617+00	2025-06-29 12:40:28.975629+00	whatsapp	1
4	2507HY8475	Walk-in Customer		\N	\N	\N	2025-07-01 17:25:30.924282+00	2025-07-01 17:25:30.924295+00	phone	1
7	2507YR0615	Jozour Al Mana	12345678	\N		\N	2025-07-05 10:09:27.436545+00	2025-07-05 10:09:27.436557+00	phone	1
5	2507OD1890	Ahmed Al-Rashid	+974-1234-5678	Al-Rashid Technologies	\N	\N	2025-07-02 14:46:53.036927+00	2025-07-02 14:46:53.036945+00	phone	1
6	2507UG9628	Fatima Al-Zahra	+974-9876-5432	Al-Zahra Consulting	\N	\N	2025-07-02 14:46:53.042772+00	2025-07-02 14:46:53.042784+00	email	1
8	2507DH6706	Sadique Mohammed	55537994	Freelancer	Al Jazeera Al Arabia Street	\N	2025-07-06 18:23:31.948492+00	2025-07-06 18:23:31.957109+00	phone	1
9	2507GW5202	Al Malika	40376068	\N		\N	2025-07-07 11:42:47.737245+00	2025-07-07 11:42:47.744319+00	phone	1
10	2507LI5508	Yasser	55784725	\N		\N	2025-07-07 12:19:19.993239+00	2025-07-07 12:19:19.998414+00	phone	1
11	2507PZ8612	Manesh Makkada	12345678	\N		\N	2025-07-07 18:31:22.544787+00	2025-07-07 18:31:22.550165+00	phone	1
12	2507SX2745	Manesh Makkada	55067851	\N		\N	2025-07-07 18:33:08.039571+00	2025-07-07 18:33:08.043109+00	phone	1
13	2507LE7742	ABDULLA	55548821	\N		\N	2025-07-08 11:00:40.645448+00	2025-07-08 11:00:40.649081+00	phone	1
14	2507IG2856	MANEESH	77059566	\N		\N	2025-07-08 12:07:02.090911+00	2025-07-08 12:07:02.094988+00	phone	1
15	2507GV3778	SHARQ MEDICAL SUPPLY	77098313	\N		\N	2025-07-08 13:21:53.701209+00	2025-07-08 13:21:53.705181+00	phone	1
16	2507RU6130	JINEESH	66188387	\N		\N	2025-07-08 14:09:35.9682+00	2025-07-08 14:09:35.973193+00	phone	1
17	2507SD7262	Yousuf	30531183	\N		\N	2025-07-10 07:12:19.972299+00	2025-07-10 07:12:19.977297+00	phone	1
18	2507VG7788	Clarion Shipping	66125578	Clarion Shipping	Doha, Qatar	\N	2025-07-10 07:37:24.413067+00	2025-07-10 07:37:24.418093+00	phone	1
19	2507RG0695	BIJITH	66545848	\N		\N	2025-07-10 09:27:28.811073+00	2025-07-10 09:27:28.814525+00	phone	1
20	2507GU3544	BRYANT	31542466	\N		\N	2025-07-10 13:04:57.665045+00	2025-07-10 13:04:57.669304+00	phone	1
21	2507RY3550	CUTOMER	30300403	\N		\N	2025-07-10 13:47:00.415411+00	2025-07-10 13:47:00.419999+00	phone	1
22	2507MF4445	SARKAR	55027426	\N		\N	2025-07-11 17:03:42.795026+00	2025-07-11 17:03:42.795056+00	phone	1
23	2507UD3454	DAMIES	60019909	\N		\N	2025-07-11 17:08:06.341937+00	2025-07-11 17:08:06.341948+00	phone	1
24	2507JQ6899	NERIO	31039814	\N		\N	2025-07-11 17:26:56.732485+00	2025-07-11 17:26:56.732496+00	phone	1
25	2507BG2795	Manesh	55067851	\N		\N	2025-07-12 08:15:29.590414+00	2025-07-12 08:15:29.594074+00	phone	1
26	2507EZ3855	FABIYA FOOD DELIVERY	59952200	FABIYA FOOD DELIVERY		\N	2025-07-12 09:04:31.621607+00	2025-07-12 09:04:31.625155+00	phone	1
27	2507SH2181	Yousef	77331400	\N		\N	2025-07-12 11:14:36.842512+00	2025-07-12 11:14:36.846071+00	phone	1
28	2507SP7511	IMMY	50540887	\N		\N	2025-07-12 15:37:27.48076+00	2025-07-12 15:37:27.484215+00	phone	1
29	2507NS3169	AHSAN	66782567	\N		\N	2025-07-12 16:46:10.855358+00	2025-07-12 16:46:10.85903+00	phone	1
30	2507YC2248	B T CONTECTING	33797644	\N		\N	2025-07-12 17:22:42.660385+00	2025-07-12 17:22:42.663985+00	phone	1
31	2507UW6824	AHMED	55096607	\N		\N	2025-07-12 17:42:24.642388+00	2025-07-12 17:42:24.646903+00	phone	1
32	2507CI7872	customer	33992747	\N		\N	2025-07-13 14:27:55.648106+00	2025-07-13 14:27:55.652966+00	phone	1
33	2507KH7287	SL PC	55196583	\N		\N	2025-07-13 14:46:02.086425+00	2025-07-13 14:46:02.090489+00	phone	1
34	2507BA9010	AL ASALA CENTAR	1222	\N		\N	2025-07-13 14:48:55.133797+00	2025-07-13 14:48:55.138739+00	phone	1
35	2507LV3085	EKBAAL	30378038	\N		\N	2025-07-13 15:59:59.980189+00	2025-07-13 15:59:59.983768+00	phone	1
36	2507GU2542	STEVAN	51085521	\N		\N	2025-07-13 16:07:00.827057+00	2025-07-13 16:07:00.832952+00	phone	1
37	2507GA0145	Mohamed	60024629	\N		\N	2025-07-13 17:12:07.749629+00	2025-07-13 17:12:07.752711+00	phone	1
38	2507NP0965	Grace	52026764	\N		\N	2025-07-13 17:32:30.578145+00	2025-07-13 17:32:30.581464+00	phone	1
39	2507AI8631	Guru	77741052	\N		\N	2025-07-13 18:07:53.455976+00	2025-07-13 18:07:53.462613+00	phone	1
40	2507VL7575	Dennies	30333290	\N		\N	2025-07-13 18:18:47.593131+00	2025-07-13 18:18:47.596644+00	phone	1
41	2507OM8283	Tawreef	7779504	\N		\N	2025-07-13 18:41:57.117912+00	2025-07-13 18:41:57.124557+00	phone	1
42	2507SA9974	Tawreed	77779506	\N		\N	2025-07-14 07:37:14.672933+00	2025-07-14 07:37:14.676565+00	phone	1
43	2507FT0608	Besan	71755050	\N		\N	2025-07-14 11:01:06.32472+00	2025-07-14 11:01:06.328963+00	phone	1
44	2507FV3433	Siraj	70339656	\N		\N	2025-07-14 13:36:04.949578+00	2025-07-14 13:36:04.953061+00	phone	1
45	2507KM1762	saith	66152200	\N		\N	2025-07-14 17:00:58.812498+00	2025-07-14 17:00:58.81629+00	phone	1
46	2507HX9117	Ali	30270011	Golden Sparrow		\N	2025-07-15 07:27:03.788698+00	2025-07-15 07:27:03.795359+00	phone	1
47	2507WJ0939	Ali	66888568	\N		\N	2025-07-15 08:22:41.897074+00	2025-07-15 08:22:41.900846+00	phone	1
48	2507OH0678	HASSAN	51083983	\N		\N	2025-07-15 12:47:09.855816+00	2025-07-15 12:47:09.860089+00	phone	1
49	2507YC6968	Thalha	31428484	\N		\N	2025-07-15 16:46:34.230367+00	2025-07-15 16:46:34.23423+00	phone	1
50	2507BH9886	Japan	66908225	\N		\N	2025-07-15 17:41:26.970351+00	2025-07-15 17:41:26.974066+00	phone	1
51	2507VD8014	Hashim	33574359	Al Jazeera Land		\N	2025-07-16 08:50:45.901192+00	2025-07-16 08:50:45.904623+00	phone	1
52	2507JA3808	Yummy	55307408	\N		\N	2025-07-16 09:43:22.630321+00	2025-07-16 09:43:22.635213+00	phone	1
53	2507VR7512	Mukiya	70125518	\N		\N	2025-07-16 10:49:34.848561+00	2025-07-16 10:49:34.852465+00	phone	1
54	2507OH4743	Hassan	77200083	\N		\N	2025-07-16 13:56:01.508903+00	2025-07-16 13:56:01.513546+00	phone	1
55	2507GH5227	Hussain	31373826a	Sidra Telephone		\N	2025-07-16 18:37:23.922427+00	2025-07-16 18:37:23.925748+00	phone	1
56	2507TN4125	Rahman	55062671	\N		\N	2025-07-17 09:41:14.135292+00	2025-07-17 09:41:14.13867+00	phone	1
57	2507QR8315	JAWAHAR	66838061	\N		\N	2025-07-19 07:45:53.680282+00	2025-07-19 07:45:53.684111+00	phone	1
58	2507XR0387	Gpoi	55607646	\N		\N	2025-07-19 10:41:58.644412+00	2025-07-19 10:41:58.647691+00	phone	1
59	2507XG1716	JULIUS	66061021	\N		\N	2025-07-19 16:08:56.137981+00	2025-07-19 16:08:56.141816+00	phone	1
60	2507YV1993	Ali	33731196	\N		\N	2025-07-20 15:55:42.968538+00	2025-07-20 15:55:42.972272+00	phone	1
61	2507MX4373	JEAN	66879284	\N		\N	2025-07-22 17:53:43.41381+00	2025-07-22 17:53:43.417923+00	phone	1
62	2507UV9330	Ketty	70112189	\N		\N	2025-07-23 10:03:11.444548+00	2025-07-23 10:03:11.451124+00	phone	1
63	2507UN8428	Ala	77235624	\N		\N	2025-07-23 17:37:14.346591+00	2025-07-23 17:37:14.349971+00	phone	1
64	2507QR8792	Musharaf	74474247	\N		\N	2025-07-23 17:38:58.59638+00	2025-07-23 17:38:58.600214+00	phone	1
65	2507FQ1226	Mohammed	66781613	\N		\N	2025-07-23 17:58:33.877458+00	2025-07-23 17:58:33.881014+00	phone	1
66	2507EO2789	Yousef	50142731	\N		\N	2025-07-24 18:33:00.001832+00	2025-07-24 18:33:00.004987+00	phone	1
67	2507KY1525	Genisis Marine Services	963258741	\N		\N	2025-07-25 17:57:20.218562+00	2025-07-25 17:57:20.222621+00	phone	1
\.


--
-- Data for Name: portal_invoice; Type: TABLE DATA; Schema: public; Owner: dbadmin
--

COPY public.portal_invoice (id, payment_mode, split_details, invoice_number, date, due_date, status, notes, subtotal, tax, total, discount_type, discount_value, discount_amount, grand_total, customer_id, cash_amount, other_amount, other_method, pos_amount, site_id) FROM stdin;
27	split	\N	INV-2025-0013	2025-07-07	2025-07-07	cancelled		650.00	0.00	650.00	amount	50.00	50.00	600.00	8	100.00	0.00		500.00	1
52	cash	\N	INV-2025-0037	2025-07-10	2025-07-10	paid		250.00	0.00	250.00	amount	50.00	50.00	200.00	1	0.00	0.00		0.00	1
17	cash	\N	9515a37c-3a9c-42b1-95d0-7addc3c07a41	2025-07-06	2025-07-06	paid		325.00	0.00	325.00	amount	0.00	0.00	325.00	6	0.00	0.00		0.00	1
22	cash	\N	INV-2025-0008	2025-07-06	2025-07-06	paid		950.00	0.00	950.00	amount	50.00	50.00	900.00	4	0.00	0.00		0.00	1
20	cash	\N	INV-2025-0006	2025-07-06	2025-07-06	paid		950.00	0.00	950.00	amount	50.00	50.00	900.00	4	0.00	0.00		0.00	1
23	cash	\N	INV-2025-0009	2025-07-06	2025-07-06	paid		75.00	0.00	75.00	percent	0.00	0.00	75.00	1	0.00	0.00		0.00	1
30	pos	\N	INV-2025-0015	2025-07-07	2025-07-07	paid		35.00	0.00	35.00	amount	25.00	25.00	10.00	10	0.00	0.00		0.00	1
61	cash	\N	INV-2025-0046	2025-07-10	2025-07-10	paid		24.00	0.00	24.00	amount	4.00	4.00	20.00	1	0.00	0.00		0.00	1
33	cash	\N	INV-2025-0018	2025-07-08	2025-07-08	paid		100.00	0.00	100.00	amount	40.00	40.00	60.00	1	0.00	0.00		0.00	1
25	cash	\N	INV-2025-0011	2025-07-07	2025-07-07	paid		950.00	0.00	950.00	percent	0.00	0.00	950.00	1	0.00	0.00		0.00	1
60	cash	\N	INV-2025-0045	2025-07-10	2025-07-10	paid		70.00	0.00	70.00	amount	15.00	15.00	55.00	20	0.00	0.00		0.00	1
59	cash	\N	INV-2025-0044	2025-07-10	2025-07-10	paid		140.00	0.00	140.00	amount	30.00	30.00	110.00	20	0.00	0.00		0.00	1
57	cash	\N	INV-2025-0042	2025-07-10	2025-07-10	paid		1350.00	0.00	1350.00	amount	300.00	300.00	1050.00	19	0.00	0.00		0.00	1
36	pos	\N	INV-2025-0021	2025-07-08	2025-07-08	paid		95.00	0.00	95.00	amount	55.00	55.00	40.00	13	0.00	0.00		0.00	1
56	pos	\N	INV-2025-0041	2025-07-10	2025-07-10	paid		185.00	0.00	185.00	amount	100.00	100.00	85.00	1	0.00	0.00		0.00	1
40	cash	\N	INV-2025-0025	2025-07-08	2025-07-01	paid		45.00	0.00	45.00	amount	15.00	15.00	30.00	1	0.00	0.00		0.00	1
55	cash	\N	INV-2025-0040	2025-07-10	2025-07-10	paid		150.00	0.00	150.00	percent	0.00	0.00	150.00	18	0.00	0.00		0.00	1
18	cash	\N	ee0c3482-cc58-40ed-af7f-23bd1195d77e	2025-07-06	2025-07-06	paid		825.00	0.00	825.00	amount	0.00	0.00	825.00	6	0.00	0.00		0.00	1
54	cash	\N	INV-2025-0039	2025-07-10	2025-07-10	paid		20.00	0.00	20.00	percent	0.00	0.00	20.00	17	0.00	0.00		0.00	1
48	cash	\N	INV-2025-0033	2025-07-08	2025-07-08	paid		150.00	0.00	150.00	amount	95.00	95.00	55.00	1	0.00	0.00		0.00	1
53	cash	\N	INV-2025-0038	2025-07-10	2025-07-10	paid		280.00	0.00	280.00	amount	50.00	50.00	230.00	1	0.00	0.00		0.00	1
29	pos	\N	INV-2025-0014	2025-07-07	2025-07-07	paid		170.00	0.00	170.00	amount	80.00	80.00	90.00	10	0.00	0.00		0.00	1
44	pos	\N	INV-2025-0029	2025-07-08	2025-07-08	paid		300.00	0.00	300.00	amount	115.00	115.00	185.00	14	0.00	0.00		0.00	1
21	cash	\N	INV-2025-0007	2025-07-06	2025-07-06	paid		950.00	0.00	950.00	amount	50.00	50.00	900.00	4	0.00	0.00		0.00	1
26	split	\N	INV-2025-0012	2025-07-07	2025-07-07	paid		950.00	0.00	950.00	amount	50.00	50.00	900.00	1	400.00	0.00		500.00	1
35	pos	\N	INV-2025-0020	2025-07-08	2025-07-08	paid		170.00	0.00	170.00	amount	60.00	60.00	110.00	13	0.00	0.00		0.00	1
51	cash	\N	INV-2025-0036	2025-07-08	2025-07-08	paid		170.00	0.00	170.00	amount	30.00	30.00	140.00	1	0.00	0.00		0.00	1
39	cash	\N	INV-2025-0024	2025-07-08	2025-07-01	paid		75.00	0.00	75.00	amount	40.00	40.00	35.00	1	0.00	0.00		0.00	1
65	cash	\N	08cc607d-3641-4658-9db7-677096fe56e7	2025-07-11	2025-07-11	paid		35.00	0.00	35.00	percent	0.00	0.00	35.00	22	0.00	0.00		0.00	1
34	cash	\N	INV-2025-0019	2025-07-08	2025-07-01	paid		180.00	0.00	180.00	amount	100.00	100.00	80.00	1	0.00	0.00		0.00	1
43	cash	\N	INV-2025-0028	2025-07-08	2025-07-02	paid		150.00	0.00	150.00	amount	80.00	80.00	70.00	1	0.00	0.00		0.00	1
47	cash	\N	INV-2025-0032	2025-07-08	2025-07-08	paid		25.00	0.00	25.00	amount	10.00	10.00	15.00	1	0.00	0.00		0.00	1
38	cash	\N	INV-2025-0023	2025-07-08	2025-07-01	paid		500.00	0.00	500.00	amount	200.00	200.00	300.00	1	0.00	0.00		0.00	1
50	cash	\N	INV-2025-0035	2025-07-08	2025-07-08	paid		950.00	0.00	950.00	amount	10.00	10.00	940.00	1	0.00	0.00		0.00	1
42	cash	\N	INV-2025-0027	2025-07-08	2025-07-01	paid		450.00	0.00	450.00	amount	150.00	150.00	300.00	1	0.00	0.00		0.00	1
46	cash	\N	INV-2025-0031	2025-07-08	2025-07-08	paid		95.00	0.00	95.00	amount	25.00	25.00	70.00	1	0.00	0.00		0.00	1
31	cash	\N	INV-2025-0016	2025-07-07	2025-07-06	paid		130.00	0.00	130.00	percent	0.00	0.00	130.00	12	0.00	0.00		0.00	1
37	cash	\N	INV-2025-0022	2025-07-08	2025-07-01	paid		75.00	0.00	75.00	amount	45.00	45.00	30.00	1	0.00	0.00		0.00	1
49	pos	\N	INV-2025-0034	2025-07-08	2025-07-08	paid		90.00	0.00	90.00	amount	40.00	40.00	50.00	16	0.00	0.00		0.00	1
41	cash	\N	INV-2025-0026	2025-07-08	2025-07-01	paid		150.00	0.00	150.00	amount	80.00	80.00	70.00	1	0.00	0.00		0.00	1
45	cash	\N	INV-2025-0030	2025-07-08	2025-07-08	paid		280.00	0.00	280.00	amount	160.00	160.00	120.00	15	0.00	0.00		0.00	1
66	cash	\N	a376bb91-c0a3-42dd-92f1-2360837797d3	2025-07-11	2025-07-11	paid		35.00	0.00	35.00	percent	0.00	0.00	35.00	1	0.00	0.00		0.00	1
62	pos	\N	INV-2025-0047	2025-07-10	2025-07-10	paid		460.00	0.00	460.00	amount	200.00	200.00	260.00	21	0.00	0.00		0.00	1
67	cash	\N	eabe30f3-16c0-4981-9063-0e0de5b91d1c	2025-07-11	2025-07-11	paid		350.00	0.00	350.00	percent	0.00	0.00	350.00	23	0.00	0.00		0.00	1
68	cash	\N	742990ba-d6d0-4da9-b136-7e88b1e2e7bf	2025-07-11	2025-07-11	paid		105.00	0.00	105.00	percent	0.00	0.00	105.00	1	0.00	0.00		0.00	1
69	pos	\N	24abb0fc-d899-4234-b762-7477ad09b7f1	2025-07-11	2025-07-11	paid		390.00	0.00	390.00	percent	0.00	0.00	390.00	24	0.00	0.00		0.00	1
70	cash	\N	ea3712aa-b501-4cae-ba20-fa4d9c8d05e8	2025-07-11	2025-07-11	paid		35.00	0.00	35.00	percent	0.00	0.00	35.00	1	0.00	0.00		0.00	1
71	pos	\N	d387ba98-ee8e-48a6-a1e4-cc1cbbf3a62e	2025-07-11	2025-07-11	paid		70.00	0.00	70.00	percent	0.00	0.00	70.00	1	0.00	0.00		0.00	1
72	pos	\N	453e1d93-5cee-4fc5-b186-4a9d4f45a94a	2025-07-11	2025-07-11	paid		280.00	0.00	280.00	percent	0.00	0.00	280.00	1	0.00	0.00		0.00	1
135	pos	\N	INV-2025-0137	2025-07-14	2025-07-14	paid		1500.00	0.00	1500.00	amount	900.00	900.00	600.00	45	0.00	0.00		0.00	1
111	cash	\N	INV-2025-0113	2025-07-13	2025-07-13	paid		220.00	0.00	220.00	amount	105.00	105.00	115.00	36	0.00	0.00		0.00	1
73	cash	\N	INV-2025-0001	2025-07-11	2025-07-11	paid		470.00	0.00	470.00	amount	235.00	235.00	235.00	1	0.00	0.00		0.00	1
112	pos	\N	INV-2025-0114	2025-07-13	2025-07-13	paid		300.00	0.00	300.00	amount	140.00	140.00	160.00	37	0.00	0.00		0.00	1
113	pos	\N	INV-2025-0115	2025-07-13	2025-07-13	paid		90.00	0.00	90.00	amount	55.00	55.00	35.00	37	0.00	0.00		0.00	1
120	cash	\N	INV-2025-0122	2025-07-13	2025-07-13	paid		75.00	0.00	75.00	amount	45.00	45.00	30.00	1	0.00	0.00		0.00	1
106	cash	\N	INV-2025-0108	2025-07-12	2025-07-12	paid		380.00	0.00	380.00	amount	200.00	200.00	180.00	31	0.00	0.00		0.00	1
114	pos	\N	INV-2025-0116	2025-07-13	2025-07-13	paid		510.00	0.00	510.00	amount	110.00	110.00	400.00	38	0.00	0.00		0.00	1
105	cash	\N	INV-2025-0107	2025-07-12	2025-07-12	paid		165.00	0.00	165.00	amount	70.00	70.00	95.00	30	0.00	0.00		0.00	1
104	pos	\N	INV-2025-0106	2025-07-12	2025-07-12	paid		190.00	0.00	190.00	amount	130.00	130.00	60.00	29	0.00	0.00		0.00	1
121	cash	\N	INV-2025-0123	2025-07-13	2025-07-13	paid		130.00	0.00	130.00	amount	50.00	50.00	80.00	40	0.00	0.00		0.00	1
124	pos	\N	INV-2025-0126	2025-07-14	2025-07-14	paid		150.00	0.00	150.00	amount	50.00	50.00	100.00	43	0.00	0.00		0.00	1
115	cash	\N	INV-2025-0117	2025-07-13	2025-07-13	paid		65.00	0.00	65.00	amount	20.00	20.00	45.00	35	0.00	0.00		0.00	1
74	cash	\N	INV-2025-0002	2025-07-12	2025-07-12	paid		1000.00	0.00	1000.00	amount	400.00	400.00	600.00	1	0.00	0.00		0.00	1
108	cash	\N	INV-2025-0110	2025-07-13	2025-07-12	paid		300.00	0.00	300.00	amount	110.00	110.00	190.00	4	0.00	0.00		0.00	1
116	cash	\N	INV-2025-0118	2025-07-13	2025-07-13	paid		300.00	0.00	300.00	amount	220.00	220.00	80.00	35	0.00	0.00		0.00	1
107	pos	\N	INV-2025-0109	2025-07-13	2025-07-13	paid		160.00	0.00	160.00	amount	100.00	100.00	60.00	1	0.00	0.00		0.00	1
132	cash	\N	INV-2025-0134	2025-07-14	2025-07-14	paid		240.00	0.00	240.00	amount	90.00	90.00	150.00	1	0.00	0.00		0.00	1
95	pos	\N	INV-2025-0005	2025-07-12	2025-07-12	paid		360.00	0.00	360.00	amount	85.00	85.00	275.00	27	0.00	0.00		0.00	1
128	cash	\N	INV-2025-0130	2025-07-14	2025-07-14	paid		520.00	0.00	520.00	amount	320.00	320.00	200.00	1	0.00	0.00		0.00	1
117	cash	\N	INV-2025-0119	2025-07-13	2025-07-13	paid		25.00	0.00	25.00	amount	15.00	15.00	10.00	1	0.00	0.00		0.00	1
109	cash	\N	INV-2025-0111	2025-07-13	2025-07-13	paid		100.00	0.00	100.00	amount	65.00	65.00	35.00	32	0.00	0.00		0.00	1
75	pos	\N	INV-2025-0003	2025-07-12	2025-07-12	paid		250.00	0.00	250.00	amount	100.00	100.00	150.00	1	0.00	0.00		0.00	1
110	cash	\N	INV-2025-0112	2025-07-13	2025-07-13	paid		1100.00	0.00	1100.00	amount	450.00	450.00	650.00	33	0.00	0.00		0.00	1
125	cash	\N	INV-2025-0127	2025-07-14	2025-07-14	paid		2960.00	0.00	2960.00	amount	450.00	450.00	2510.00	44	0.00	0.00		0.00	1
103	cash	\N	INV-2025-0105	2025-07-12	2025-07-12	paid		1135.00	0.00	1135.00	amount	135.00	135.00	1000.00	28	0.00	0.00		0.00	1
118	cash	\N	INV-2025-0120	2025-07-13	2025-07-13	paid		20.00	0.00	20.00	amount	10.00	10.00	10.00	1	0.00	0.00		0.00	1
119	cash	\N	INV-2025-0121	2025-07-13	2025-07-13	paid		175.00	0.00	175.00	amount	70.00	70.00	105.00	1	0.00	0.00		0.00	1
126	cash	\N	INV-2025-0128	2025-07-14	2025-07-14	paid		350.00	0.00	350.00	amount	110.00	110.00	240.00	1	0.00	0.00		0.00	1
123	cash	\N	INV-2025-0125	2025-07-14	2025-07-14	paid		155.00	0.00	155.00	amount	80.00	80.00	75.00	42	0.00	0.00		0.00	1
133	pos	\N	INV-2025-0135	2025-07-14	2025-07-14	paid		95.00	0.00	95.00	amount	15.00	15.00	80.00	1	0.00	0.00		0.00	1
122	cash	\N	INV-2025-0124	2025-07-13	2025-07-13	paid		130.00	0.00	130.00	amount	50.00	50.00	80.00	40	0.00	0.00		0.00	1
127	cash	\N	INV-2025-0129	2025-07-14	2025-07-14	paid		365.00	0.00	365.00	amount	85.00	85.00	280.00	1	0.00	0.00		0.00	1
131	cash	\N	INV-2025-0133	2025-07-14	2025-07-14	paid		280.00	0.00	280.00	amount	90.00	90.00	190.00	1	0.00	0.00		0.00	1
134	cash	\N	INV-2025-0136	2025-07-14	2025-07-14	paid		75.00	0.00	75.00	amount	20.00	20.00	55.00	1	0.00	0.00		0.00	1
130	cash	\N	INV-2025-0132	2025-07-14	2025-07-14	paid		2330.00	0.00	2330.00	amount	930.00	930.00	1400.00	1	0.00	0.00		0.00	1
138	cash	\N	INV-2025-0140	2025-07-15	2025-07-01	paid		100.00	0.00	100.00	amount	50.00	50.00	50.00	1	0.00	0.00		0.00	1
140	cash	\N	INV-2025-0142	2025-07-15	2025-07-03	paid		100.00	0.00	100.00	amount	70.00	70.00	30.00	1	0.00	0.00		0.00	1
139	cash	\N	INV-2025-0141	2025-07-15	2025-07-02	paid		100.00	0.00	100.00	amount	80.00	80.00	20.00	1	0.00	0.00		0.00	1
137	cash	\N	INV-2025-0139	2025-07-15	2025-07-15	paid		120.00	0.00	120.00	amount	60.00	60.00	60.00	46	0.00	0.00		0.00	1
141	cash	\N	INV-2025-0143	2025-07-15	2025-07-03	paid		100.00	0.00	100.00	amount	50.00	50.00	50.00	1	0.00	0.00		0.00	1
142	cash	\N	INV-2025-0144	2025-07-15	2025-07-05	paid		100.00	0.00	100.00	amount	70.00	70.00	30.00	1	0.00	0.00		0.00	1
143	cash	\N	INV-2025-0145	2025-07-15	2025-07-05	paid		100.00	0.00	100.00	amount	70.00	70.00	30.00	1	0.00	0.00		0.00	1
144	cash	\N	INV-2025-0146	2025-07-15	2025-07-15	paid		50.00	0.00	50.00	amount	30.00	30.00	20.00	1	0.00	0.00		0.00	1
145	cash	\N	INV-2025-0147	2025-07-15	2025-07-15	paid		430.00	0.00	430.00	amount	235.00	235.00	195.00	48	0.00	0.00		0.00	1
146	pos	\N	INV-2025-0148	2025-07-15	2025-07-15	paid		500.00	0.00	500.00	amount	140.00	140.00	360.00	1	0.00	0.00		0.00	1
147	cash	\N	INV-2025-0149	2025-07-15	2025-07-15	paid		155.00	0.00	155.00	amount	95.00	95.00	60.00	1	0.00	0.00		0.00	1
148	cash	\N	INV-2025-0150	2025-07-15	2025-07-15	paid		250.00	0.00	250.00	amount	95.00	95.00	155.00	1	0.00	0.00		0.00	1
149	cash	\N	INV-2025-0151	2025-07-15	2025-07-15	paid		250.00	0.00	250.00	amount	95.00	95.00	155.00	1	0.00	0.00		0.00	1
150	cash	\N	INV-2025-0152	2025-07-15	2025-07-15	paid		800.00	0.00	800.00	amount	150.00	150.00	650.00	49	0.00	0.00		0.00	1
136	pos	\N	INV-2025-0138	2025-07-14	2025-07-14	paid		70.00	0.00	70.00	amount	45.00	45.00	25.00	1	0.00	0.00		0.00	1
174	cash	\N	INV-2025-0175	2025-07-20	2025-07-20	paid		230.00	0.00	230.00	amount	145.00	145.00	85.00	1	0.00	0.00		0.00	1
161	cash	\N	INV-2025-0163	2025-07-16	2025-07-16	paid		80.00	0.00	80.00	amount	30.00	30.00	50.00	1	0.00	0.00		0.00	1
154	cash	\N	INV-2025-0156	2025-07-16	2025-07-16	paid		70.00	0.00	70.00	amount	36.00	36.00	34.00	53	0.00	0.00		0.00	1
173	pos	\N	INV-2025-0174	2025-07-19	2025-07-19	paid		135.00	0.00	135.00	amount	55.00	55.00	80.00	59	0.00	0.00		0.00	1
160	cash	\N	INV-2025-0162	2025-07-16	2025-07-16	paid		100.00	0.00	100.00	amount	80.00	80.00	20.00	1	0.00	0.00		0.00	1
155	pos	\N	INV-2025-0157	2025-07-16	2025-07-16	paid		650.00	0.00	650.00	amount	5.00	5.00	645.00	1	0.00	0.00		0.00	1
159	cash	\N	INV-2025-0161	2025-07-16	2025-07-16	paid		100.00	0.00	100.00	amount	40.00	40.00	60.00	1	0.00	0.00		0.00	1
167	cash	\N	INV-2025-0169	2025-07-16	2025-07-16	paid		300.00	0.00	300.00	amount	120.00	120.00	180.00	1	0.00	0.00		0.00	1
171	pos	\N	INV-2025-0173	2025-07-19	2025-07-19	paid		250.00	0.00	250.00	amount	50.00	50.00	200.00	57	0.00	0.00		0.00	1
166	cash	\N	INV-2025-0168	2025-07-16	2025-07-16	paid		600.00	0.00	600.00	amount	200.00	200.00	400.00	55	0.00	0.00		0.00	1
158	cash	\N	INV-2025-0160	2025-07-16	2025-07-16	paid		150.00	0.00	150.00	amount	70.00	70.00	80.00	54	0.00	0.00		0.00	1
185	cash	\N	INV-2025-0186	2025-07-21	2025-07-21	paid		100.00	0.00	100.00	amount	30.00	30.00	70.00	1	0.00	0.00		0.00	1
165	cash	\N	INV-2025-0167	2025-07-16	2025-07-16	paid		60.00	0.00	60.00	amount	10.00	10.00	50.00	1	0.00	0.00		0.00	1
184	cash	\N	INV-2025-0185	2025-07-21	2025-07-21	paid		110.00	0.00	110.00	amount	15.00	15.00	95.00	1	0.00	0.00		0.00	1
157	cash	\N	INV-2025-0159	2025-07-16	2025-07-16	paid		110.00	0.00	110.00	amount	80.00	80.00	30.00	53	0.00	0.00		0.00	1
170	cash	\N	INV-2025-0172	2025-07-17	2025-07-17	paid		1550.00	0.00	1550.00	amount	1050.00	1050.00	500.00	56	0.00	0.00		0.00	1
183	cash	\N	INV-2025-0184	2025-07-21	2025-07-21	paid		300.00	0.00	300.00	amount	135.00	135.00	165.00	1	0.00	0.00		0.00	1
156	cash	\N	INV-2025-0158	2025-07-16	2025-07-16	paid		180.00	0.00	180.00	amount	110.00	110.00	70.00	53	0.00	0.00		0.00	1
177	cash	\N	INV-2025-0178	2025-07-20	2025-07-20	paid		120.00	0.00	120.00	amount	40.00	40.00	80.00	60	0.00	0.00		0.00	1
164	cash	\N	INV-2025-0166	2025-07-16	2025-07-16	paid		995.00	0.00	995.00	amount	275.00	275.00	720.00	1	0.00	0.00		0.00	1
186	cash	\N	INV-2025-0187	2025-07-21	2025-07-21	paid		150.00	0.00	150.00	amount	50.00	50.00	100.00	1	0.00	0.00		0.00	1
151	cash	\N	INV-2025-0153	2025-07-16	2025-07-16	paid		240.00	0.00	240.00	amount	90.00	90.00	150.00	51	0.00	0.00		0.00	1
163	cash	\N	INV-2025-0165	2025-07-16	2025-07-16	paid		250.00	0.00	250.00	amount	50.00	50.00	200.00	1	0.00	0.00		0.00	1
191	cash	\N	INV-2025-0192	2025-07-22	2025-07-22	paid		800.00	0.00	800.00	amount	280.00	280.00	520.00	1	0.00	0.00		0.00	1
162	cash	\N	INV-2025-0164	2025-07-16	2025-07-16	paid		50.00	0.00	50.00	amount	10.00	10.00	40.00	1	0.00	0.00		0.00	1
179	cash	\N	INV-2025-0180	2025-07-21	2025-07-21	cancelled		1700.00	0.00	1700.00	amount	1100.00	1100.00	600.00	1	0.00	0.00		0.00	1
176	cash	\N	INV-2025-0177	2025-07-20	2025-07-20	paid		100.00	0.00	100.00	amount	50.00	50.00	50.00	1	0.00	0.00		0.00	1
169	cash	\N	INV-2025-0171	2025-07-17	2025-07-17	paid		100.00	0.00	100.00	amount	50.00	50.00	50.00	1	0.00	0.00		0.00	1
153	cash	\N	INV-2025-0155	2025-07-16	2025-07-16	paid		490.00	0.00	490.00	amount	178.00	178.00	312.00	52	0.00	0.00		0.00	1
182	cash	\N	INV-2025-0183	2025-07-21	2025-07-21	paid		2500.00	0.00	2500.00	amount	1100.00	1100.00	1400.00	1	0.00	0.00		0.00	1
187	cash	\N	INV-2025-0188	2025-07-21	2025-07-21	paid		300.00	0.00	300.00	amount	100.00	100.00	200.00	1	0.00	0.00		0.00	1
175	cash	\N	INV-2025-0176	2025-07-20	2025-07-20	paid		100.00	0.00	100.00	amount	50.00	50.00	50.00	1	0.00	0.00		0.00	1
181	cash	\N	INV-2025-0182	2025-07-21	2025-07-21	paid		420.00	0.00	420.00	amount	126.00	126.00	294.00	1	0.00	0.00		0.00	1
168	cash	\N	INV-2025-0170	2025-07-17	2025-07-17	paid		300.00	0.00	300.00	amount	200.00	200.00	100.00	1	0.00	0.00		0.00	1
189	cash	\N	INV-2025-0190	2025-07-22	2025-07-22	paid		65.00	0.00	65.00	amount	25.00	25.00	40.00	51	0.00	0.00		0.00	1
188	cash	\N	INV-2025-0189	2025-07-21	2025-07-21	paid		150.00	0.00	150.00	amount	70.00	70.00	80.00	1	0.00	0.00		0.00	1
193	cash	\N	INV-2025-0194	2025-07-22	2025-07-22	paid		400.00	0.00	400.00	amount	110.00	110.00	290.00	1	0.00	0.00		0.00	1
180	cash	\N	INV-2025-0181	2025-07-21	2025-07-21	paid		330.00	0.00	330.00	amount	130.00	130.00	200.00	1	0.00	0.00		0.00	1
190	cash	\N	INV-2025-0191	2025-07-22	2025-07-22	paid		45.00	0.00	45.00	amount	30.00	30.00	15.00	1	0.00	0.00		0.00	1
178	cash	\N	INV-2025-0179	2025-07-21	2025-07-21	paid		1300.00	0.00	1300.00	amount	370.00	370.00	930.00	1	0.00	0.00		0.00	1
194	cash	\N	INV-2025-0195	2025-07-22	2025-07-22	paid		95.00	0.00	95.00	amount	30.00	30.00	65.00	1	0.00	0.00		0.00	1
192	cash	\N	INV-2025-0193	2025-07-22	2025-07-22	paid		160.00	0.00	160.00	amount	110.00	110.00	50.00	1	0.00	0.00		0.00	1
195	cash	\N	INV-2025-0196	2025-07-22	2025-07-22	paid		60.00	0.00	60.00	amount	35.00	35.00	25.00	1	0.00	0.00		0.00	1
196	cash	\N	INV-2025-0197	2025-07-22	2025-07-22	paid		190.00	0.00	190.00	amount	115.00	115.00	75.00	1	0.00	0.00		0.00	1
197	cash	\N	INV-2025-0198	2025-07-22	2025-07-22	paid		150.00	0.00	150.00	amount	50.00	50.00	100.00	1	0.00	0.00		0.00	1
198	cash	\N	INV-2025-0199	2025-07-22	2025-07-22	paid		390.00	0.00	390.00	amount	220.00	220.00	170.00	61	0.00	0.00		0.00	1
200	cash	\N	INV-2025-0201	2025-07-22	2025-07-22	paid		250.00	0.00	250.00	amount	70.00	70.00	180.00	1	0.00	0.00		0.00	1
201	cash	\N	INV-2025-0202	2025-07-22	2025-07-22	paid		480.00	0.00	480.00	amount	120.00	120.00	360.00	1	0.00	0.00		0.00	1
202	cash	\N	INV-2025-0203	2025-07-22	2025-07-22	paid		50.00	0.00	50.00	amount	20.00	20.00	30.00	1	0.00	0.00		0.00	1
203	cash	\N	INV-2025-0204	2025-07-22	2025-07-22	paid		280.00	0.00	280.00	amount	115.00	115.00	165.00	1	0.00	0.00		0.00	1
236	cash	\N	INV-2025-0237	2025-07-25	2025-07-25	draft		100.00	0.00	100.00	amount	50.00	50.00	50.00	1	0.00	0.00		0.00	1
220	cash	\N	INV-2025-0221	2025-07-24	2025-07-24	draft		100.00	0.00	100.00	amount	25.00	25.00	75.00	1	0.00	0.00		0.00	1
205	cash	\N	INV-2025-0206	2025-07-22	2025-07-22	paid		100.00	0.00	100.00	amount	50.00	50.00	50.00	1	0.00	0.00		0.00	1
204	cash	\N	INV-2025-0205	2025-07-22	2025-07-22	paid		190.00	0.00	190.00	amount	55.00	55.00	135.00	1	0.00	0.00		0.00	1
214	cash	\N	INV-2025-0215	2025-07-23	2025-07-23	paid		210.00	0.00	210.00	amount	90.00	90.00	120.00	64	0.00	0.00		0.00	1
230	cash	\N	INV-2025-0231	2025-07-25	2025-07-25	draft		190.00	0.00	190.00	amount	105.00	105.00	85.00	1	0.00	0.00		0.00	1
223	cash	\N	INV-2025-0224	2025-07-24	2025-07-24	draft		250.00	0.00	250.00	amount	100.00	100.00	150.00	1	0.00	0.00		0.00	1
206	cash	\N	INV-2025-0207	2025-07-22	2025-07-22	paid		1280.00	0.00	1280.00	amount	310.00	310.00	970.00	1	0.00	0.00		0.00	1
215	cash	\N	INV-2025-0216	2025-07-23	2025-07-23	paid		440.00	0.00	440.00	amount	160.00	160.00	280.00	1	0.00	0.00		0.00	1
207	cash	\N	INV-2025-0208	2025-07-23	2025-07-23	paid		2400.00	0.00	2400.00	amount	1200.00	1200.00	1200.00	1	0.00	0.00		0.00	1
224	cash	\N	INV-2025-0225	2025-07-24	2025-07-24	draft		75.00	0.00	75.00	amount	20.00	20.00	55.00	1	0.00	0.00		0.00	1
216	cash	\N	INV-2025-0217	2025-07-23	2025-07-23	paid		220.00	0.00	220.00	amount	80.00	80.00	140.00	65	0.00	0.00		0.00	1
231	cash	\N	INV-2025-0232	2025-07-25	2025-07-25	draft		100.00	0.00	100.00	amount	50.00	50.00	50.00	1	0.00	0.00		0.00	1
208	cash	\N	INV-2025-0209	2025-07-23	2025-07-23	paid		15.00	0.00	15.00	percent	0.00	0.00	15.00	1	0.00	0.00		0.00	1
217	cash	\N	INV-2025-0218	2025-07-23	2025-07-23	paid		100.00	0.00	100.00	amount	25.00	25.00	75.00	1	0.00	0.00		0.00	1
225	cash	\N	INV-2025-0226	2025-07-24	2025-07-24	draft		40.00	0.00	40.00	amount	30.00	30.00	10.00	1	0.00	0.00		0.00	1
209	cash	\N	INV-2025-0210	2025-07-23	2025-07-23	paid		720.00	0.00	720.00	amount	90.00	90.00	630.00	1	0.00	0.00		0.00	1
218	cash	\N	INV-2025-0219	2025-07-23	2025-07-23	paid		500.00	0.00	500.00	amount	330.00	330.00	170.00	1	0.00	0.00		0.00	1
226	cash	\N	INV-2025-0227	2025-07-24	2025-07-24	draft		100.00	0.00	100.00	amount	20.00	20.00	80.00	1	0.00	0.00		0.00	1
219	cash	\N	INV-2025-0220	2025-07-24	2025-07-24	draft		80.00	0.00	80.00	amount	40.00	40.00	40.00	1	0.00	0.00		0.00	1
210	cash	\N	INV-2025-0211	2025-07-23	2025-07-23	paid		460.00	0.00	460.00	amount	315.00	315.00	145.00	1	0.00	0.00		0.00	1
232	cash	\N	INV-2025-0233	2025-07-25	2025-07-25	draft		60.00	0.00	60.00	amount	25.00	25.00	35.00	1	0.00	0.00		0.00	1
227	cash	\N	INV-2025-0228	2025-07-24	2025-07-24	draft		150.00	0.00	150.00	amount	75.00	75.00	75.00	1	0.00	0.00		0.00	1
211	cash	\N	INV-2025-0212	2025-07-23	2025-07-23	paid		300.00	0.00	300.00	amount	20.00	20.00	280.00	1	0.00	0.00		0.00	1
233	cash	\N	INV-2025-0234	2025-07-25	2025-07-25	draft		880.00	0.00	880.00	amount	165.00	165.00	715.00	67	0.00	0.00		0.00	1
221	cash	\N	INV-2025-0222	2025-07-24	2025-07-24	draft		1200.00	0.00	1200.00	amount	550.00	550.00	650.00	66	0.00	0.00		0.00	1
212	cash	\N	INV-2025-0213	2025-07-23	2025-07-23	paid		1200.00	0.00	1200.00	amount	590.00	590.00	610.00	1	0.00	0.00		0.00	1
228	cash	\N	INV-2025-0229	2025-07-25	2025-07-25	draft		85.00	0.00	85.00	amount	35.00	35.00	50.00	1	0.00	0.00		0.00	1
213	cash	\N	INV-2025-0214	2025-07-23	2025-07-23	paid		100.00	0.00	100.00	percent	40.00	40.00	60.00	63	0.00	0.00		0.00	1
222	cash	\N	INV-2025-0223	2025-07-24	2025-07-24	draft		250.00	0.00	250.00	amount	100.00	100.00	150.00	1	0.00	0.00		0.00	1
234	cash	\N	INV-2025-0235	2025-07-25	2025-07-25	draft		90.00	0.00	90.00	amount	40.00	40.00	50.00	1	0.00	0.00		0.00	1
229	cash	\N	INV-2025-0230	2025-07-25	2025-07-25	draft		200.00	0.00	200.00	amount	50.00	50.00	150.00	1	0.00	0.00		0.00	1
235	cash	\N	INV-2025-0236	2025-07-25	2025-07-25	draft		200.00	0.00	200.00	amount	30.00	30.00	170.00	1	0.00	0.00		0.00	1
\.


--
-- Data for Name: portal_invoiceitem; Type: TABLE DATA; Schema: public; Owner: dbadmin
--

COPY public.portal_invoiceitem (id, quantity, unit_price, invoice_id, product_id, site_id) FROM stdin;
95	1	950.00	103	941	1
96	1	65.00	103	15	1
97	1	120.00	103	18	1
17	2	75.00	17	122	1
18	5	35.00	17	3	1
19	5	95.00	18	17	1
20	10	35.00	18	86	1
23	5	190.00	20	6	1
24	5	190.00	21	6	1
25	5	190.00	22	6	1
26	1	75.00	23	341	1
27	5	190.00	25	199	1
28	5	190.00	26	199	1
29	5	130.00	27	305	1
32	1	170.00	29	313	1
33	1	35.00	30	80	1
34	1	130.00	31	367	1
36	1	100.00	33	680	1
37	1	180.00	34	275	1
38	1	170.00	35	306	1
39	1	95.00	36	235	1
40	1	75.00	37	389	1
41	1	250.00	38	184	1
42	1	250.00	38	384	1
43	1	75.00	39	273	1
44	1	45.00	40	92	1
45	1	150.00	41	537	1
46	1	450.00	42	448	1
47	2	75.00	43	409	1
48	1	300.00	44	166	1
49	2	140.00	45	155	1
50	1	95.00	46	17	1
51	1	25.00	47	264	1
52	2	75.00	48	413	1
53	1	90.00	49	347	1
54	1	950.00	50	681	1
55	1	170.00	51	511	1
56	1	250.00	52	692	1
57	1	280.00	53	693	1
58	1	20.00	54	694	1
59	1	150.00	55	695	1
60	1	110.00	56	96	1
61	1	75.00	56	287	1
62	1	1350.00	57	696	1
64	2	70.00	59	579	1
65	1	70.00	60	579	1
66	2	12.00	61	711	1
67	1	180.00	62	543	1
68	1	280.00	62	403	1
70	1	35.00	65	409	1
71	1	35.00	66	624	1
72	1	350.00	67	928	1
73	1	50.00	68	601	1
74	1	55.00	68	602	1
75	1	390.00	69	180	1
76	1	35.00	70	801	1
77	1	70.00	71	537	1
78	1	30.00	72	929	1
79	1	250.00	72	284	1
80	1	350.00	73	621	1
81	1	120.00	73	614	1
82	10	100.00	74	414	1
83	1	250.00	75	557	1
86	1	170.00	95	634	1
87	1	190.00	95	933	1
98	1	190.00	104	95	1
99	1	75.00	105	560	1
100	1	90.00	105	561	1
101	1	380.00	106	611	1
102	1	160.00	107	10	1
103	1	300.00	108	166	1
104	1	100.00	109	380	1
105	1	850.00	110	404	1
106	1	250.00	110	384	1
107	1	95.00	111	194	1
108	1	45.00	111	84	1
109	1	80.00	111	355	1
110	20	5.00	112	509	1
111	20	10.00	112	514	1
112	1	90.00	113	935	1
113	1	280.00	114	950	1
114	1	230.00	114	949	1
115	1	65.00	115	620	1
116	1	300.00	116	948	1
117	1	25.00	117	698	1
118	1	20.00	118	952	1
119	1	100.00	119	953	1
120	1	75.00	119	409	1
121	1	75.00	120	409	1
122	1	130.00	121	513	1
123	1	130.00	122	513	1
124	1	95.00	123	193	1
125	1	60.00	123	82	1
126	1	150.00	124	695	1
127	7	250.00	125	954	1
128	1	240.00	125	955	1
129	1	240.00	125	956	1
130	1	240.00	125	957	1
131	7	70.00	125	579	1
132	1	350.00	126	760	1
133	1	300.00	127	958	1
134	1	65.00	127	806	1
135	4	130.00	128	651	1
139	2	850.00	130	404	1
140	1	350.00	130	396	1
141	1	280.00	130	510	1
142	1	280.00	131	962	1
143	3	80.00	132	963	1
144	1	95.00	133	17	1
145	1	75.00	134	419	1
146	5	20.00	135	964	1
147	5	45.00	135	89	1
148	5	45.00	135	89	1
149	5	45.00	135	92	1
150	5	60.00	135	94	1
151	5	85.00	135	215	1
152	1	25.00	136	698	1
153	1	45.00	136	255	1
154	1	120.00	137	59	1
155	1	100.00	138	694	1
156	1	100.00	139	694	1
157	1	100.00	140	694	1
158	1	100.00	141	694	1
159	1	100.00	142	694	1
160	1	100.00	143	694	1
161	1	50.00	144	1	1
162	2	150.00	145	537	1
163	1	130.00	145	541	1
164	1	500.00	146	162	1
165	1	95.00	147	535	1
166	1	60.00	147	94	1
167	1	250.00	148	559	1
168	1	250.00	149	559	1
169	1	800.00	150	967	1
170	2	120.00	151	469	1
173	1	450.00	153	521	1
174	4	10.00	153	514	1
175	2	35.00	154	254	1
176	1	290.00	155	973	1
177	1	360.00	155	974	1
178	1	180.00	156	246	1
179	1	65.00	157	385	1
180	1	45.00	157	353	1
181	1	150.00	158	689	1
182	1	100.00	159	694	1
183	1	100.00	160	694	1
184	1	80.00	161	963	1
185	1	50.00	162	1	1
186	1	250.00	163	975	1
187	1	900.00	164	976	1
188	1	95.00	164	527	1
189	1	40.00	165	44	1
190	1	20.00	165	964	1
191	5	120.00	166	502	1
192	1	300.00	167	743	1
193	1	300.00	168	948	1
194	1	100.00	169	694	1
195	10	155.00	170	339	1
196	1	250.00	171	986	1
197	1	55.00	173	298	1
198	1	80.00	173	124	1
199	1	80.00	174	78	1
200	1	150.00	174	476	1
201	1	100.00	175	744	1
202	1	100.00	176	744	1
203	1	120.00	177	988	1
204	1	1300.00	178	685	1
205	2	850.00	179	404	1
206	1	250.00	180	994	1
207	1	50.00	180	486	1
208	1	30.00	180	977	1
209	3	70.00	181	579	1
210	3	70.00	181	581	1
211	2	850.00	182	404	1
212	2	150.00	182	990	1
213	2	250.00	182	994	1
214	1	100.00	183	991	1
215	1	100.00	183	992	1
216	1	100.00	183	993	1
217	1	110.00	184	604	1
218	1	100.00	185	694	1
219	1	150.00	186	995	1
220	1	300.00	187	743	1
221	1	150.00	188	695	1
222	1	65.00	189	793	1
223	1	45.00	190	91	1
224	1	100.00	191	998	1
225	1	250.00	191	185	1
226	1	300.00	191	743	1
227	1	150.00	191	500	1
228	1	160.00	192	270	1
229	1	150.00	193	855	1
230	1	250.00	193	588	1
231	1	95.00	194	652	1
232	1	60.00	195	72	1
233	1	190.00	196	146	1
234	1	150.00	197	226	1
235	1	280.00	198	81	1
236	1	110.00	198	812	1
240	1	250.00	200	1002	1
241	1	230.00	201	949	1
242	1	250.00	201	588	1
243	2	25.00	202	999	1
244	2	90.00	203	1001	1
245	1	100.00	203	414	1
246	1	70.00	204	732	1
247	1	70.00	204	730	1
248	1	50.00	204	372	1
249	1	100.00	205	694	1
250	1	280.00	206	693	1
251	1	300.00	206	1000	1
252	1	350.00	206	746	1
253	1	350.00	206	745	1
254	2	1200.00	207	364	1
255	1	15.00	208	1026	1
256	1	650.00	209	1028	1
257	1	70.00	209	529	1
258	2	95.00	210	672	1
259	1	90.00	210	671	1
260	1	90.00	210	670	1
261	1	90.00	210	669	1
262	1	150.00	211	584	1
263	1	150.00	211	587	1
264	1	1200.00	212	364	1
265	1	100.00	213	959	1
266	1	210.00	214	158	1
267	1	350.00	215	182	1
268	1	90.00	215	347	1
269	1	220.00	216	940	1
270	1	100.00	217	1031	1
271	1	300.00	218	743	1
272	1	100.00	218	694	1
273	1	100.00	218	694	1
274	1	80.00	219	1032	1
275	1	100.00	220	1004	1
276	1	1200.00	221	364	1
277	1	250.00	222	857	1
278	1	250.00	223	857	1
279	1	75.00	224	419	1
280	1	40.00	225	98	1
281	1	100.00	226	1033	1
282	1	150.00	227	695	1
283	1	85.00	228	318	1
284	1	200.00	229	172	1
285	1	70.00	230	186	1
286	1	120.00	230	169	1
287	1	100.00	231	694	1
288	1	60.00	232	1034	1
289	2	390.00	233	1015	1
290	1	100.00	233	380	1
291	1	90.00	234	1001	1
292	2	100.00	235	1035	1
293	1	100.00	236	694	1
\.


--
-- Data for Name: portal_order; Type: TABLE DATA; Schema: public; Owner: dbadmin
--

COPY public.portal_order (id, order_number, total_price, order_date, status, payment_status, delivery_address, preferred_contact, user_id, site_id) FROM stdin;
\.


--
-- Data for Name: portal_order_items; Type: TABLE DATA; Schema: public; Owner: dbadmin
--

COPY public.portal_order_items (id, order_id, cartitem_id) FROM stdin;
\.


--
-- Data for Name: portal_product; Type: TABLE DATA; Schema: public; Owner: dbadmin
--

COPY public.portal_product (id, name, sku, description, cost_price, unit_price, stock, image, is_active, warranty_period, barcode, category_id, site_id) FROM stdin;
22	CROZBRO STEREO EARPHONE	6920241221009	CROZBRO STEREO EARPHONE	75.00	75.00	7	None	t	1	2902507835131	5	1
64	Premium Laptop Stand	AM-LAPTOP-001	Adjustable aluminum laptop stand	45.00	65.00	25	None	t	12	2902507732485	10	1
701	Apple Lightning to USB Cable A1480	190199534865	Apple Lightning to USB Cable A1480	42.00	90.00	1	None	t	0	\N	5	1
10	ANKER SOUND CORE A20i	194644043599	ANKER SOUND CORE A20i	10.00	160.00	1	None	t	1	2902507677601	5	1
2	UNITEK 2 METER USB 3.0 TO TYPE C	4894160047717	UNITEK 2 METER USB 3.0 TO TYPE C	35.00	35.00	1	None	t	1	2902507908118	2	1
708	Canon Pixma 41 PGBK	4549292169522	Canon 2400XL Magenta	34.00	75.00	1	None	t	0	\N	3	1
705	Canon 2400XL Cyan	4549292005004	Canon 2400XL Cyan	72.00	130.00	0	None	t	0	\N	3	1
38	Apple USB -C  60W Charging Cable	12345678908	Apple USB -C  60W Charging Cable	65.00	95.00	2	None	t	1	2902507540387	5	1
3	UNITEK 2 METER CAT 6 STP EXTENSION CABLE	4894160046918	UNITEK 2 METER CAT 6 STP EXTENSION CABLE	8.00	35.00	5	None	t	1	2902507245787	2	1
4	UNITEK 1.5 METER VGA MALE TO MALE CABLE	4894160022202	UNITEK 1.5 METER VGA MALE TO MALE CABLE	7.00	35.00	6	None	t	1	2902507131370	2	1
5	UNITEK 5 METER 8K HDMI CABLE	4894160047540	UNITEK 5 METER 8K HDMI CABLE	48.00	80.00	3	None	t	1	2902507478482	2	1
7	UNITEK 30 METER 4K 60HZ HDMI FIBER OPTIC CABLE	4894160049551	UNITEK 30 METER 4K 60HZ HDMI FIBER OPTIC CABLE	160.00	200.00	2	None	t	1	2902507591396	2	1
8	HOCO EA5 OPEN EAR TRUE WIERLESS HEADSET	6942007639316	HOCO EA5 OPEN EAR TRUE WIERLESS HEADSET	60.00	95.00	3	None	t	1	2902507096228	5	1
9	ANKER SOUND CORE A30i	194644042776	ANKER SOUND CORE A30i\r\n TINY BUDS,SMART NOISE CANCELLING	68.00	120.00	1	None	t	1	2902507744532	5	1
11	HOCO EQ26 ANC ENC BT HEADSET	6942007652155	HOCO EQ26 ANC ENC BT HEADSET	55.00	100.00	1	None	t	1	2902507458385	5	1
13	HOCO  EM51 EARPHONE WITH MIC	6942007627122	HOCO  EM51 EARPHONE WITH MIC	12.00	35.00	2	None	t	1	2902507356414	5	1
14	APPLE 20W USB C POWER ADAPTER	195949121319	APPLE 20W USB C POWER ADAPTER	65.00	120.00	1	None	t	1	2902507216381	5	1
15	SAMSUNG 25W POWER ADAPTER	8806095111995	SAMSUNG 25W POWER ADAPTER	28.00	65.00	1	None	t	1	2902507645167	5	1
16	APPLE EARPODS USB C TYPE	195949121487	APPLE EARPODS USB C TYPE	53.00	95.00	1	None	t	1	2902507705458	5	1
17	APPLE EARPODS LIGHTNING TYPE	190198001733	APPLE EARPODS LIGHTNING TYPE	53.00	95.00	2	None	t	1	2902507797590	5	1
18	APPLE 1 METER 60W TYPE C CHARGE CABLE	195949371905	APPLE 1 METER 60W TYPE C CHARGE CABLE	65.00	120.00	2	None	t	1	2902507297700	5	1
19	APPLE 1 METER USB C TO LIGHTING CABLE	194252750872	APPLE 1 METER USB C TO LIGHTING CABLE	50.00	95.00	1	None	t	1	2902507461989	5	1
20	HOCO DES03 PLUS	6931474784964	HOCO DES03 PLUS WIRELESS HEADSET WITH CHARGING CASE	40.00	95.00	1	None	t	1	2902507853883	5	1
21	HOCO EW53 MINI TWS HEADSET	6942007604420	HOCO EW53 MINI TWS HEADSET BLACK	35.00	75.00	1	None	t	1	2902507932342	5	1
23	HOCO ESD15 WIRELESS BT HEADPHONES	6931474792488	HOCO ESD15 WIRELESS BT HEADPHONES	45.00	95.00	2	None	t	1	2902507328091	5	1
24	NOKIA WIRED BUDS TYPE C BLACK	810006570656	HOCO ESD15 WIRELESS BT HEADPHONES	19.00	45.00	2	None	t	1	2902507425370	5	1
26	HOCO EW59 WIRELESS TWS HEADSET	6942007629225	HOCO EW59 WIRELESS TWS HEADSET WITH BLACK SILICONE CASE	35.00	80.00	1	None	t	1	2902507605260	5	1
27	HOCO DES08 PLUS BT HEADSET	6931474784971	HOCO DES08 PLUS BT HEADSET	45.00	95.00	1	None	t	1	2902507095115	5	1
28	HOCO DES30 WIRELESS BT HEADSET	6931474769749	HOCO DES30 WIRELESS BT HEADSET	30.00	75.00	1	None	t	1	2902507905100	5	1
29	Dell 3410 i5 10th Gen 16/512	1234567890	Dell 3410 i5 10th Gen 16/512 used laptop	780.00	1080.00	1	None	t	1	2902507416217	7	1
31	Lenovo x390 i7 8th/16/256 Touch	12345678901	Lenovo x390 i7 8th/16/256 Touch	690.00	990.00	1	None	t	1	2902507304514	7	1
32	Lenovo x390 i7 10th/16/256 Touch	12345678902	Lenovo x390 i7 10th/16/256 Touch	950.00	1250.00	1	None	t	1	2902507553585	7	1
33	Anker A20 Wireless Earbuds Black	12345678903	Anker A20 Wireless Earbuds	45.00	75.00	1	None	t	1	2902507043246	5	1
34	Anker Soundcore A30i	12345678904	Anker Soundcore A30i	68.00	98.00	1	None	t	1	2902507515743	5	1
35	Live SoundCard wired Condenser Michrophone	12345678905	Live SoundCard wired Condenser Michrophone	78.00	98.00	1	None	t	1	2902507650192	5	1
37	Cellularline Wireless Power Base	12345678907	Cellularline Wireless Power Base	10.00	15.00	3	None	t	0	2902507011177	5	1
39	Redragon LIBRA Gel Gaming Mousepad with wrist rest support	12345678909	P020 Redragon LIBRA Gel Gaming Mousepad with wrist rest support	17.00	25.00	5	None	t	1	2902507722783	2	1
40	Meetion 2.4G Wireless Keyboard Mouse Combo White	12345678910	Meetion 2.4G Wireless Keyboard Mouse Combo White	30.00	50.00	2	None	t	1	2902507643125	2	1
41	Meetion Gaming Cooling Pad 340*265*32m	12345678912	Meetion Gaming Cooling Pad 340*265*32m	20.00	35.00	3	None	t	1	2902507692116	2	1
44	LightX 30m Cat6Cable	12345678914	LightX 30m Cat6Cable	21.00	40.00	5	None	t	0	2902507475245	4	1
45	PS4 DUAL SHOCK 4 WIRELESS CONTROLLER	12345678922	PS4 DUAL SHOCK 4 WIRELESS CONTROLLER	44.00	100.00	2	None	t	1	2902507946448	5	1
46	LightX 40m Cat6Cable	12345678915	LightX 40m Cat6Cable	24.00	45.00	5	None	t	0	2902507237744	4	1
693	HP 207A BLACK TONER	193905265138	HP 207A BLACK TONER	210.00	280.00	1	None	t	0	\N	3	1
70	HOCO EA5 WIRLESS HEADSET	HOCO	WIRLESS HEADSET	60.00	160.00	3	None	t	3	6942007639316	5	1
69	LIGHT X 40M CAT-6 CABLE	70000040M	LIGHT X 40M CAT-6 CABLE	24.00	80.00	5	None	t	1	70000040M	4	1
67	UNITEK 1 METER 4K HDMI CABLE C11079BK	4894160050519	UNITEK 1 METER 4K HDMI CABLE C11079BK	7.00	20.00	4	None	t	1	4894160050519	2	1
71	WIRLESS POWER BASE	6542	CELLUARLINE BRAND	10.00	65.00	3	None	t	3	8018080376542	5	1
72	UNITEK 2 METER 4K HDMI CABLE	4894160050533	UNITEK 2 METER 4K HDMI CABLE	12.00	60.00	2	None	t	1	4894160050533	2	1
73	UNITEK 3 METER 4K HDMI CABLE	4894160023285	UNITEK 3 METER 4K HDMI CABLE	17.00	85.00	1	None	t	1	4894160023285	2	1
74	UNITEK 3 METER 8K HDMI CABLE	4894160044846	UNITEK 3 METER 8K HDMI CABLE	34.00	120.00	3	None	t	1	4894160044846	2	1
75	UNITEK 2 METER 8K HDMI CABLE	4894160044839	UNITEK 2 METER 8K HDMI CABLE	36.00	110.00	3	None	t	1	4894160044839	2	1
77	UNITEK 1.5 METER 8K HDMI CABLE	4894160038142	UNITEK 1.5 METER 8K HDMI CABLE	32.00	95.00	3	None	t	1	4894160038142	2	1
6	UNITEK 25 METER 4K 60HZ HDMI FIBER OPTIC CABLE	4894160049544	UNITEK 25 METER 4K 60HZ HDMI FIBER OPTIC CABLE	145.00	190.00	6	None	t	1	2902507385254	2	1
25	HEATZ ZS24 SOUND LITE PRO PORTABLE BT SPEAKER	6918051000242	HEATZ ZS24 SOUND LITE PRO PORTABLE BT SPEAKER	25.00	55.00	2	None	t	1	2902507973642	5	1
47	EARLDOM SC04 3000W POWER SCOKET	12345678923	EARLDOM SC04 3000W POWER SCOKET	40.00	95.00	2	None	t	1	2902507837074	5	1
48	Vention USB 3.0 A Male to A Male Cable 2M Black	12345678916	Vention USB 3.0 A Male to A Male Cable 2M Black	15.00	25.00	5	None	t	0	2902507310577	1	1
49	JBL HARMAN TUNE 520BT BLUTOOTH	12345678924	JBL HARMAN TUNE 520BT BLUTOOTH	110.00	190.00	2	None	t	1	2902507490873	5	1
50	Unitek 1.5M VGA Cable	12345678917	Unitek 1.5M VGA Cable	7.00	15.00	5	None	t	0	2902507577208	2	1
51	YESIDO UNIVERSAL HOLDER	12345678925	YESIDO UNIVERSAL HOLDER	26.00	80.00	3	None	t	1	2902507200717	5	1
52	Vention Cat8 SFTP Patch Cable 15M Black	12345678919	Vention Cat8 SFTP Patch Cable 15M Black	42.00	75.00	2	None	t	0	2902507528019	4	1
53	EARPODS LIGHTING CONNECTOR	12345678926	EARPODS LIGHTING CONNECTOR	53.00	110.00	2	None	t	1	2902507259685	5	1
54	Meetion Wired Ergonomic Vertical Mouse	12345678931	Meetion Wired Ergonomic Vertical Mouse	30.00	55.00	2	None	t	0	2902507533464	2	1
55	EARPODS USB C	12345678927	EARPODS USB C	53.00	110.00	2	None	t	1	2902507294228	5	1
56	A2561 1 METER USB C TO LIGHTINING CABLE	12345678928	A2561 1 METER USB C TO LIGHTINING CABLE	50.00	100.00	2	None	t	1	2902507756603	5	1
57	CROZBRO STEREO EARPHONE CB03	12345678929	CROZBRO STEREO EARPHONE CB03	2.50	15.00	10	None	t	1	2902507143090	5	1
58	OX12 OXONIC OTG ADAPTER USB A TO TYPE C	12345678930	OX12 OXONIC OTG ADAPTER USB A TO TYPE C	5.50	20.00	7	None	t	1	2902507759390	5	1
59	SANDISK MICRO SD CARD 256GB 100MB/S	12345678932	SANDISK MICRO SD CARD 256GB 100MB/S	55.20	120.00	3	None	t	1	2902507421600	5	1
60	SAMSUNG 25W POWER ADAPTER	12345678933	SAMSUNG 25W POWER ADAPTER	28.00	50.00	2	None	t	1	2902507217074	5	1
61	Unitek 3M HDMI 2.0 Male to male 4K 60Hz Cable	12345678935	Unitek 3M HDMI 2.0 Male to male 4K 60Hz Cable	15.00	25.00	75	None	t	0	2902507261923	2	1
62	APPLE USB C 20W POWER ADAPTER	12345678934	APPLE USB C 20W POWER ADAPTER	65.00	130.00	2	None	t	1	2902507017797	5	1
63	Vention USB 3.0 Male to Male Cable 3M Black	12345678936	Vention USB 3.0 Male to Male Cable 3M Black	18.00	35.00	75	None	t	0	2902507068256	2	1
78	UNITEK 5 METER 4K HDMI CABLE	4894160023308	UNITEK 5 METER 4K HDMI CABLE	20.00	80.00	3	None	t	1	4894160023308	2	1
83	UNITEK 1 METER USB 2.0 MALE TO FEMALE CABLE	4894160026095	UNITEK 1 METER USB 2.0 MALE TO FEMALE CABLE	4.00	25.00	8	None	t	1	4894160026095	2	1
84	UNITEK 1.5 METER USB 2.0 MALE TO FEMALE CABLE	4894160026255	UNITEK 1.5 METER USB 2.0 MALE TO FEMALE CABLE	4.00	45.00	9	None	t	1	4894160026255	2	1
85	UNITEK 2 METER USB 2.0 MALE TO FEMALE CABLE	4894160026279	UNITEK 2 METER USB 2.0 MALE TO FEMALE CABLE	5.00	45.00	10	None	t	1	4894160026279	2	1
86	UNITEK 3 METER USB 2.0 MALE TO FEMALE CABLE	4894160026033	UNITEK 3 METER USB 2.0 MALE TO FEMALE CABLE	7.00	35.00	11	None	t	1	4894160026033	2	1
82	UNITEK 5 METER USB 2.0 MALE TO FEMALE CABLE	4894160026057	UNITEK 15 METER 4K HDMI CABLE	10.00	60.00	23	None	t	1	4894160026057	2	1
87	VENTION 3 METER 3.0 USB MALE TO FEMALE CABLE	6922794748897	VENTION 3 METER 3.0 USB MALE TO FEMALE CABLE	15.00	95.00	3	None	t	1	6922794748897	2	1
79	UNITEK 10 METER 4K HDMI CABLE 60Hz	4894160050564	UNITEK 10 METER 4K HDMI CABLE	42.00	105.00	1	None	t	1	4894160050564	2	1
89	LIGHT X CAT610 M	70000010M	LIGHT X CAT610 M	8.00	45.00	12	None	t	1	70000010M	4	1
43	Unitek Adjustable Laptop stand with 360 Rotating Base	4894160054388	Unitek Adjustable Laptop stand with 360 Rotating Base	85.00	180.00	1	None	t	1	2902507074936	2	1
68	replace HDD	123	repair	25.00	50.00	1	None	t	0	2902507675102	1	1
76	HP CATRIDGE 47 BLACK	196068029920	HP CATRIDGE 47 BLACK	23.00	80.00	1	None	t	1	2902507319853	3	1
66	USB-C Hub	AM-HUB-001	7-in-1 USB-C hub with HDMI	30.00	45.00	20	None	t	24	2902507377204	10	1
1	Computer Service	123456789	Computer Service	1.00	50.00	100	None	t	0	2902507608124	1	1
91	LIGHT X 15M CAT-6 CABLE	70000015M	LIGHT X 15M CAT-6 CABLE	12.00	45.00	21	None	t	1	70000015M	4	1
88	LIGHT X 5M CAT-6 CABLE	70000005M	LIGHT X 5M CAT-6 CABLE	5.00	30.00	2	None	t	0	70000005M	4	1
93	UNITEK 20M CAT6 CABLE	4894160037435	UNITEK 20M CAT6 CABLE	20.00	85.00	4	None	t	1	4894160037435	4	1
95	HOCO ESD15 WIRLESSHEADSET	6931474793102	HOCO ESD15 WIRLESSHEADSET	45.00	190.00	1	None	t	3	6931474793102	2	1
90	LIGHT X 30M CAT-6 CABLE	20000030M	LIGHT X 30M CAT-6 CABLE	23.00	75.00	2	None	t	1	20000030M	4	1
694	Software Update	1234567890101	Software Update	0.00	100.00	5	None	t	0	\N	1	1
117	UNITEK POWERTRAIN DUO 38W	4894160047830	UNITEK POWERTRAIN DUO 38W	23.00	23.00	6	None	t	1	4894160047830	5	1
124	HOCO DZ16 FAST CHARGING TYPE C TO IP	6942007643078	HOCO DZ16 FAST CHARGING	20.00	80.00	6	None	t	1	6942007643078	5	1
97	UNITEK 3 METER USB 2.O TO PRINTER CABLE	4894160026071	UNITEK 3 METER USB 2.O TO PRINTER CABLE	6.00	55.00	11	None	t	1	4894160026071	2	1
103	VENTION 5 METER OPTICAL FIBER AUDIO CABLE	6922794731424	VENTION 5 METER OPTICAL FIBER AUDIO CABLE	19.00	75.00	2	None	t	1	6922794731424	4	1
104	SANDISK ULTRA FAIR 3.0 64GB	619659136703	SANDISK ULTRA FAIR 3.0 64GB	17.00	75.00	21	None	t	1	619659136703	2	1
105	UNITEK 20W UNIVERSAL TRAVEL ADAPTER	4894160051998	UNITEK 20W UNIVERSAL TRAVEL ADAPTER	23.00	65.00	1	None	t	1	4894160051998	5	1
106	VENTION 1METER 3RCA CABLE MALE	6922794729209	VENTION 1METER 3RCA CABLE MALE	12.00	45.00	1	None	t	1	6922794729209	2	1
107	SANDISK ULTRA FAIR 3.0 128GB	619659136710	SANDISK ULTRA FAIR 3.0 128GB	29.00	95.00	23	None	t	1	619659136710	2	1
108	UNITEL 35W UNIVARSAL TRAVEL ADAPTER	4894160052018	UNITEL 35W UNIVARSAL TRAVEL ADAPTER	55.00	95.00	6	None	t	1	4894160052018	5	1
109	VENTION 2 METER 3RCA CABLE MALE	6922794729223	VENTION 2 METER 3RCA CABLE MALE	21.00	55.00	1	None	t	1	6922794729223	2	1
81	UNITEK 15 METER 4K HDMI CABLE	4894160050571	UNITEK 15 METER 4K HDMI CABLE	70.00	280.00	3	None	t	1	4894160050571	2	1
110	UNITEK 66W TRAVEL ADAPTER	4894160046321	UNITEK 66W TRAVEL ADAPTER	115.00	180.00	1	None	t	1	4894160046321	5	1
111	VENTION RCA TO HDMI CONVERTER 1080P	6922794746145	VENTION RCA TO HDMI CONVERTER 1080P	65.00	180.00	1	None	t	1	6922794746145	2	1
102	Unitek 4K 30 Hz HDMI Cable 20M	4894160050588	Unitek 4K 30 Hz HDMI Cable 20M	95.00	250.00	3	None	t	0	4894160050588	2	1
112	HOCO IP TO HDMI 2M CABLE	6942007619011	HOCO IP TO HDMI 2M CABLE	50.00	150.00	2	None	t	1	6942007619011	5	1
113	UGREEN 2 METER 3.5 MALE TO FEMALE AUX CABLE	6957303846757	UGREEN 2 METER 3.5 MALE TO FEMALE AUX CABLE	12.00	55.00	2	None	t	1	6957303846757	2	1
114	Unitex 4K 30Hz HDMI Cabile	4894160023346	Unitex 4K 30Hz HDMI Cabile	39.00	120.00	1	None	t	0	4894160023346	2	1
115	HOCO USB C TO HDMI 2M CABLE	6942007619028	HOCO USB C TO HDMI 2M CABLE	50.00	130.00	3	None	t	1	6942007619028	5	1
116	UNITEK 0.2 METER HEADSET 3.5MM FEMALE TO DUAL MALE TO FEMALE CABLE	4894160025388	UNITEK 0.2 METER HEADSET 3.5MM FEMALE TO DUAL MALE TO FEMALE CABLE	9.00	35.00	2	None	t	1	4894160025388	2	1
118	UNITEK 1 METER 3.5MM STEREO AUDIO CABLE	4894160025357	UNITEK 1 METER 3.5MM STEREO AUDIO CABLE	8.00	40.00	7	None	t	1	4894160025357	2	1
119	HOCO DZ11 DUAL PORT CAR CHARGER	6931474788207	HOCO DZ11 DUAL PORT CAR CHARGER	15.00	75.00	3	None	t	1	6931474788207	5	1
120	UNITEK USB C TO 3.5MM HEADPHONE JACK ADAPTER	4894160041746	UNITEK USB C TO 3.5MM HEADPHONE JACK ADAPTER	26.00	70.00	2	None	t	1	4894160041746	5	1
121	Unitek 40M HDMI 2.0 Male to male 4K 60Hz Cable	4894160049568	Unitek 40M HDMI 2.0 Male to male 4K 60Hz Cable	180.00	350.00	1	None	t	0	4894160049568	2	1
122	UNITEK LIGHTNING TO 3.5MM HEADPHONE JACK ADAPTER	4894160048684	UNITEK LIGHTNING TO 3.5MM HEADPHONE JACK ADAPTER	26.00	75.00	4	None	t	1	4894160048684	5	1
123	Unitex 4K 30Hz HDMI Cabile 5M	48944160023308	Unitex 4K 30Hz HDMI Cabile 5M	20.00	80.00	3	None	t	0	48944160023308	2	1
125	Unitex 4K 60Hz HDMI Cabile 5M	4894160050557	Unitex 4K 60Hz HDMI Cabile 5M	22.00	110.00	7	None	t	0	4894160050557	2	1
126	UNITEK 1.5 METER DP CABLE	4894160027269	UNITEK 1.5 METER DP CABLE	18.00	55.00	2	None	t	1	4894160027269	2	1
127	HOCO DZ16 FAST CHARGING TYPE C TO C 1M	6942007627986	HOCO DZ16 FAST CHARGING TYPE C TO C 1M	20.00	75.00	2	None	t	1	6942007627986	5	1
128	UNITEK 2 METER DP CABLE	4894160027276	UNITEK 2 METER DP CABLE	18.00	60.00	4	None	t	1	4894160027276	2	1
129	Vention HDMI 30M	6922794743106	Vention HDMI 30M	165.00	300.00	1	None	t	0	6922794743106	2	1
101	SANDISK ULTRA FAIR 3.0 32GB	619659136697	SANDISK ULTRA FAIR 3.0 32GB	15.00	65.00	32	None	t	1	619659136697	2	1
131	Unitek SmartLink Trinity Adapter	489160032898	Unitek SmartLink Trinity Adapter	60.00	150.00	1	None	t	0	489160032898	2	1
94	UNITEK  5 METER USB 2.0 USB TO PRINTER CABLE	4894160026088	UNITEK  5 METER USB 2.0 USB TO PRINTER CABLE	10.00	60.00	36	None	t	1	4894160026088	2	1
98	UNITEK 2 METER USB 2.0 TO PRINTER CABLE	4894160026484	UNITEK 2 METER USB 2.0 TO PRINTER CABLE	5.00	40.00	5	None	t	1	2902507156694	2	1
99	HEATZ ZS23 PORTABLE BT SPEAKER	6918051000235	HEATZ ZS23 PORTABLE BT SPEAKER	25.00	100.00	2	None	t	3	6918051000235	2	1
96	HOCO DS62 BT SPEAKER	6942007639552	HOCO DS62 BT SPEAKER	30.00	110.00	2	None	t	3	6942007639552	2	1
132	HOCO  DZ16 CAR CHARGER ADAPTER	6942007627979	HOCO  DZ16 CAR CHARGER ADAPTER	15.00	75.00	3	None	t	1	6942007627979	5	1
695	Hinges Repair	12345678950	Hinges Repair	0.00	150.00	100	None	t	0	\N	1	1
134	UNITEK 5 METER DP CABLE	4894160032751	UNITEK 5 METER DP CABLE	25.00	75.00	5	None	t	1	4894160032751	2	1
135	Unitek Cat6 RJ45 Connector	4894160033789	Unitek Cat6 RJ45 Connector	12.00	65.00	4	None	t	0	4894160033789	4	1
136	UNITEK 1.5 METER 4K HDMI CABLE	4894160023247	UNITEK 1.5 METER 4K HDMI CABLE	10.00	60.00	1	None	t	1	4894160023247	2	1
138	Unitek USB Extension Cable 20M 2.0	4894160026613	Unitek USB Extension Cable 20M 2.0	75.00	180.00	1	None	t	0	4894160026613	2	1
139	DZ11 DUAL PORT CAR CHARGER USB TO IP	6931474788184	DZ11 DUAL PORT CAR CHARGER USB TO IP	15.00	85.00	2	None	t	1	6931474788184	5	1
130	UNITEK 3 METER DP CABLE	4894160027283	UNITEK 3 METER DP CABLE	25.00	95.00	10	None	t	1	4894160027283	2	1
140	Unitek USB Extention 10M USB 2.0	4894160020758	Unitek USB Extention 10M USB 2.0	40.00	160.00	3	None	t	0	4894160020758	2	1
141	HOCO CA31A PHONE HOLDER	6942007613897	HOCO CA31A PHONE HOLDER	20.00	75.00	1	None	t	1	6942007613897	5	1
143	Unitek USB Extension Cable 10M USB 3.0	4894160026644	Unitek USB Extension Cable 10M USB 3.0	85.00	150.00	2	None	t	0	4894160026644	2	1
133	TEAM GROUP DDR3L	765441615809	TEAM GROUP DDR3L	65.00	220.00	5	None	t	1	765441615809	2	1
154	LEXAR DDR4 8GB	843367123766	LEXAR DDR4 8GB	53.00	150.00	9	None	t	1	843367123766	2	1
146	Unitek USB Extention 5M USB 3.0	4894160020765	Unitek USB Extention 5M USB 3.0	55.00	190.00	2	None	t	0	4894160020765	1	1
147	VENTION4K 60HZ HDMI MALE TO DP MALE HC CABLE	6922794756328	VENTION4K 60HZ HDMI MALE TO DP MALE HC CABLE	90.00	220.00	5	None	t	1	6922794756328	2	1
173	UNITEK 1.8 METER DP TO HDMI 4K CABLE	4894160010476	UNITEK 1.8 METER DP TO HDMI 4K CABLE	30.00	90.00	4	None	t	1	2902507967511	2	1
149	UNITEK  2 METER HDMI TO VGA CABLE	4894160052520	UNITEK  2 METER HDMI TO VGA CABLE	30.00	120.00	1	None	t	1	4894160052520	2	1
162	TOSHIBA CANVIO BASIS 4TB	4260557512364	TOSHIBA CANVIO BASIS 4TB	340.00	500.00	3	None	t	6	4260557512364	2	1
172	LEXAR 512GB SATA	843367116201	LEXAR 512GB SATA	90.00	200.00	8	None	t	12	843367116201	2	1
152	Unitex 4K HDMI 1.4B Switch 5in1 Out	4894160037961	Unitex 4K HDMI 1.4B Switch 5in1 Out	65.00	195.00	2	None	t	0	4894160037961	2	1
153	Unitek 4K HDMI Switch 3in1 Out	48941600533763	Unitek 4K HDMI Switch 3in1 Out	50.00	150.00	1	None	t	0	48941600533763	2	1
155	HAYSENSER HY-H146  HDMI USB TO DP FEMALE	6920484370670	HAYSENSER HY-H146  HDMI USB TO DP FEMALE	40.00	140.00	1	None	t	1	6920484370670	2	1
174	LEXAR 2TB SATA	843367120758	LEXAR 2TB SATA	345.00	560.00	2	None	t	12	843367120758	2	1
159	UNIVARSAL HOLDER C97	6971050263186	UNIVARSAL HOLDER C97	26.00	150.00	3	None	t	1	6971050263186	5	1
157	IMATION DDR4 32GB  Laptop Ram 3200hz	IMDDR432GB	IMATION DDR4 32GB	155.00	250.00	1	None	t	1	IMDDR432GB	2	1
158	IMATION DDR4 16GB Laptop Ram 3200hz	IMDDR416GB	IMATION DDR4 16GB	75.00	210.00	7	None	t	1	IMDDR416GB	2	1
164	Unitek 4K HDMI KVM Switch 2in1 Out	4894160048301	Unitek 4K HDMI KVM Switch 2in1 Out	140.00	380.00	1	None	t	0	4894160048301	2	1
170	Unitek HDMI 4K Splitter 1 x 10	4894160045232	Unitek HDMI 4K Splitter 1 x 10	185.00	290.00	1	None	t	0	4894160045232	2	1
175	Unitek HDMI 4K Splitter 1 x 8	4894160044709	Unitek HDMI 4K Splitter 1 x 8	155.00	320.00	1	None	t	0	4894160044709	2	1
176	HOCO CA31 CAR HOLDER	6957531077602	HOCO CA31 CAR HOLDER	25.00	75.00	2	None	t	1	6957531077602	5	1
177	UNITEK 1.8 METER DP TO DVI 1080P FULL HD	4894160010469	UNITEK 1.8 METER DP TO DVI 1080P FULL HD	32.00	95.00	1	None	t	1	4894160010469	2	1
145	KINGSTON DDR5 16GB	743617025096	KINGSTON DDR5 16GB	170.00	300.00	5	None	t	1	740617325096	2	1
137	LEXAR DD4 3200	843367123797	LEXAR DD4 3200	70.00	180.00	10	None	t	1	843367123797	2	1
144	HOCO FOLDING PHONE STAND HD6	6942007602372	HOCO FOLDING PHONE STAND HD6	15.00	80.00	1	None	t	1	2902507317415	5	1
148	HOCO CAR WIRLESS FM E67	6931474762122	HOCO CAR WIRLESS FM E67	25.00	65.00	2	None	t	1	2902507713705	5	1
151	HOCO CA95 CAR HOLDER	6931474758514	HOCO CA95 CAR HOLDER	18.00	75.00	2	None	t	1	2902507383762	5	1
156	HOCO DCA56 CAR HOLDER	6942007647854	HOCO DCA56 CAR HOLDER	30.00	95.00	2	None	t	1	2902507544248	5	1
160	HOCO Z56 240W CAR CHARGER	6942007633031	HOCO Z56 240W CAR CHARGER	30.00	85.00	1	None	t	1	2902507873454	5	1
161	UNITEK 2 METER 4K MINI DP TO HDMI CABLE	4894160046833	UNITEK 2 METER 4K MINI DP TO HDMI CABLE	33.00	150.00	2	None	t	1	2902507862519	2	1
163	HOCO PH50 DESKTOP STAND	6931474782878	HOCO PH50 DESKTOP STAND	15.00	70.00	2	None	t	1	2902507252907	5	1
167	HOCO PH34 FOLDING STAND	6931474734129	HOCO PH34 FOLDING STAND	25.00	90.00	1	None	t	1	2902507428968	5	1
169	UNITEK 1.8 METER DP 1.2 TO HDMI 4K CABLE	4894160048462	UNITEK 1.8 METER DP 1.2 TO HDMI 4K CABLE	40.00	120.00	3	None	t	1	2902507354267	2	1
171	HOCO DH05 STAND	6931474743657	HOCO DH05 STAND	20.00	80.00	1	None	t	1	2902507585005	5	1
150	KINGSTON DDR5 32GB	740617325058	KINGSTON DDR5 32GB	330.00	450.00	1	None	t	1	2902507024917	2	1
179	Lenovo Wired Keyboard Orginal	1PSD51B37316	Lenovo Wired Keyboard Orginal	30.00	100.00	16	None	t	0	1PSD51B37316	2	1
180	LEXAR NVME 2TB	843367123179	LEXAR NVME 2TB	350.00	650.00	3	None	t	12	843367123179	2	1
181	UNITEK 1.8 METER DP TO VGA CABLE	4894160010506	UNITEK 1.8 METER DP TO VGA CABLE	30.00	90.00	1	None	t	1	4894160010506	2	1
182	LEXAR NVME 1TB	843367123162	LEXAR NVME 1TB	195.00	350.00	5	None	t	12	843367123162	2	1
183	VENTION 1.5 METER MINI HDMI CABLE	6922794721029	VENTION 1.5 METER MINI HDMI CABLE	20.00	75.00	4	None	t	1	6922794721029	2	1
184	LEXAR NVME 256GB	843367123148	LEXAR NVME 256GB	68.00	250.00	9	None	t	12	843367123148	2	1
185	LEXAR NVME 512GB	843367123155	LEXAR NVME 512GB	125.00	250.00	4	None	t	12	843367123155	2	1
186	HDMI 4K Splitter 1x 2	30000001	HDMI 4K Splitter 1x 2	25.00	70.00	9	None	t	0	30000001	2	1
187	VENTION 5 METER 4K DP TO HDMI	6922794749245	VENTION 5 METER 4K DP TO HDMI	49.00	120.00	2	None	t	1	6922794749245	2	1
188	LEXAR 256GB SATA	843367116195	LEXAR 256GB SATA	58.00	160.00	5	None	t	12	843367116195	2	1
189	Unitek 10 GBPS Dual Data 12 bay Sate Docking Station	4894160052803	Unitek 10 GBPS Dual Data 12 bay Sate Docking Station	185.00	350.00	1	None	t	0	4894160052803	2	1
191	3000W POWER SOCKET	6973965932188	3000W POWER SOCKET	40.00	180.00	2	None	t	1	6973965932188	5	1
192	Unitek SATA HDD Adapter 3.5 / 2.5	4894160003768	Unitek SATA HDD Adapter 3.5 / 2.5	45.00	110.00	1	None	t	0	4894160003768	2	1
193	UGREEN 2 METER  USB TO RS232 DB9 SERIAL ADAPTER CABLE	6957303801916	UGREEN 2 METER USB TO RS232 DB9 SERIAL ADAPTER CABLE	35.00	95.00	5	None	t	1	6957303801916	2	1
194	FOLDABLE DESKTOP STAND	16933925101792	FOLDABLE DESKTOP STAND XDH0-027	35.00	95.00	5	None	t	1	16933925101792	2	1
190	LEXAR 3.0 32GB	843367128044	LEXAR 3.0 32GB	12.00	40.00	61	None	t	1	843367128044	2	1
195	Unitek NVME M.2 SSD Dual Bay Enclosure	4894160045829	Unitek NVME M.2 SSD Dual Bay Enclosure\r\nSolid Force Advanced	275.00	475.00	1	None	t	0	4894160045829	2	1
196	XCELL AC ADAPTER	6291108209080	XCELL AC ADAPTER	29.00	75.00	3	None	t	1	6291108209080	5	1
197	HAYSENSER HY 1.5 METER HY-US015 0724 USB TO RS232 MALE TO MALE	6922488060724	HAYSENSER HY 1.5 METER HY-US015 0724 USB TO RS232 MALE TO MALE	30.00	130.00	3	None	t	1	6922488060724	2	1
199	Unitek 4K HDMI Splitter 1 in 4 Out	4894160044693	Unitek 4K HDMI Splitter 1 in 4 Out	70.00	190.00	2	None	t	0	4894160044693	2	1
200	UNITEK 1.8 METER USB C TO 4K HDMI CABLE	4894160048196	UNITEK 1.8 METER USB C TO 4K HDMI CABLE	58.00	120.00	4	None	t	1	4894160048196	2	1
202	Vention VGA Splitter 1 in 2 out	6922794733817	Vention VGA Splitter 1 in 2 out	75.00	190.00	2	None	t	0	6922794733817	2	1
203	LEXAR USB 3.0 128GB	843367128068	LEXAR USB 3.0 128GB	27.00	70.00	29	None	t	1	843367128068	2	1
204	UNITEK 1.8METER USB C TO 1.4 DP CABLE	4894160048264	UNITEK 1.8METER USB C TO 1.4 DP CABLE	90.00	190.00	1	None	t	1	4894160048264	2	1
205	ALHUA USB 2.0 64GB	6923172536853	ALHUA USB 2.0 64GB	15.00	55.00	2	None	t	1	6923172536853	2	1
206	HDMI 2 DP Cable 4K	036039	HDMI 2 DP Cable 4K	45.00	160.00	2	None	t	0	036039	2	1
207	HOCO DB22 10000MAH POWER BANK	6931474778420	HOCO DB22 10000MAH POWER BANK	35.00	130.00	1	None	t	1	6931474778420	5	1
208	PNY USB 3.1 64GB	3536403372866	PNY USB 3.1 64GB	15.00	55.00	1	None	t	1	3536403372866	2	1
209	UNITEK 2 METER USB C TO 1.2 DP CABLE	4894160046277	UNITEK 2 METER USB C TO 1.2 DP CABLE	55.00	180.00	5	None	t	1	4894160046277	2	1
210	HOCO DB03 POWER BANK 100000MAH	6942007613064	HOCO DB03 POWER BANK 100000MAH	185.00	300.00	1	None	t	1	6942007613064	5	1
211	Keyboard Protective Film Rubber	100000050	Keyboard Protective Film Rubber	2.00	20.00	16	None	t	0	100000050	2	1
212	IMATION USB 3.2 64GB	8809588605384	IMATION USB 3.2 64GB	20.00	60.00	13	None	t	1	8809588605384	2	1
213	HOCO Q25 20W POWER BANK	6942007619073	HOCO Q25 20W POWER BANK	75.00	210.00	1	None	t	1	6942007619073	5	1
215	VENTION 10 METER PRINTER CABLE	6922794748606	VENTION 10 METER PRINTER CABLE	24.00	85.00	15	None	t	1	6922794748606	2	1
216	Dell Wired Keyboard Orginal Model KB216	884116180531	Dell Wired Keyboard Orginal Model KB216	22.00	95.00	14	None	t	0	884116180531	2	1
218	PATEK 14800MAH POWER BANK	6923179650026	PATEK 14800MAH POWER BANK	45.00	180.00	1	None	t	1	6923179650026	5	1
219	VENTION 15 METER PRINTER CABLE	6922794748613	VENTION 15 METER PRINTER CABLE	35.00	180.00	6	None	t	1	6922794748613	2	1
217	SANDISK USB 2.0 128GB	619659125905	SANDISK USB 2.0 128GB	26.00	75.00	36	None	t	1	619659125905	2	1
220	Type C to HD TV 11 in 1 Docking Station	30000002	Type C to HD TV 11 in 1 Docking Station	45.00	150.00	8	None	t	0	30000002	2	1
221	SANDISK ETREME PRO PORTABLE SSD 2TB 2000MB/S	619659181314	SANDISK ETREME PRO PORTABLE SSD 2TB 2000MB/S	675.00	1250.00	1	None	t	12	619659181314	2	1
222	Unitek VGA KVM Switch 2 in 1 out	4894160026019	Unitek VGA KVM Switch 2 in 1 out	55.00	150.00	1	None	t	0	4894160026019	2	1
198	LEXAR USB 3.0 64GB	843367128051	LEXAR USB 3.0 64GB	17.00	50.00	76	None	t	1	843367128051	2	1
577	HP CATRIDGE 912 BLK	192545866828	HP CATRIDGE 912 BLK	49.00	96.00	1	None	t	1	192545866828	3	1
214	SANDISK USB 2.0 64GB	619659097318	SANDISK USB 2.0 64GB	13.00	55.00	38	None	t	1	619659097318	2	1
223	PATEK PT-5814800MAH POWER BANK	6925346450057	PATEK PT-5814800MAH POWER BANK	36.00	160.00	1	None	t	1	6925346450057	5	1
224	LEXAR 256 PCIE SATA	843367112098	LEXAR 256 PCIE SATA	70.00	150.00	1	None	t	12	843367112098	2	1
225	Unitek 7 in 1 USB Hub	4894160055217	Unitek 7 in 1 USB Hub\r\nIndividual Switches HUB	115.00	325.00	1	None	t	0	4894160055217	2	1
226	ANKER 622 WIRLESS POWERBANK	194644295202	ANKER 622 WIRLESS POWERBANK	85.00	150.00	1	None	t	1	194644295202	5	1
228	PNY DDR5 8GB DESKTOP RAM	751492656250	PNY DDR5 8GB DESKTOP RAM	100.00	225.00	3	None	t	12	751492656250	2	1
142	UGREEN 1 METER DP TO DP 4K 60HZ CABLE	6957303812448	UGREEN 1 METER DP TO DP 4K 60HZ CABLE	15.00	80.00	4	None	t	1	6957303812448	2	1
231	SANDISK EXTREME PORTABLE SSD 1TB 1050MB/S	2514K1A010AC	SANDISK EXTREME PORTABLE SSD 1TB 1050MB/S	325.00	450.00	1	None	t	6	2514K1A010AC	2	1
230	ANKER POWER BANK 10,000MAH A1257H11	194644197476	ANKER POWER BANK 10,000MAH A1257H11	85.00	250.00	2	None	t	1	194644197476	5	1
229	UNITEK 20CM DP TO VGA ADAPTER	4894160010490	UNITEK 20CM DP TO VGA ADAPTER	20.00	80.00	11	None	t	1	4894160010490	2	1
232	UGREEN USB 3.0 Network Adapter Gigabite Ethernet	6957303822553	UGREEN USB 3.0 Network Adapter Gigabite Ethernet	39.00	150.00	4	None	t	0	6957303822553	2	1
235	UNITEK 20 CM DP TO HDMI ADAPTER	4894160019400	UNITEK 20 CM DP TO HDMI ADAPTER	27.00	95.00	1	None	t	1	4894160019400	2	1
236	HOCO Q29 POWER BANK	6942007633277	HOCO Q29 POWER BANK	80.00	220.00	1	None	t	1	6942007633277	5	1
237	Ugreen USB C to Ethernet Adapter GHz Adapter	6957303857371	Ugreen USB C to Ethernet Adapter GHz Adapter	54.00	180.00	10	None	t	0	6957303857371	2	1
238	HOCO DB07 POWER BANK	6931474762962	HOCO DB07 POWER BANK	40.00	140.00	1	None	t	1	6931474762962	5	1
239	TWINMOS DDR4 2666 8GB DESKTOP RAM	6291104604070	TWINMOS DDR4 2666 8GB DESKTOP RAM	70.00	210.00	2	None	t	12	6291104604070	2	1
240	UNITEK 15CM HDMI TO VGA ADAPTER	4894160051929	UNITEK 15CM HDMI TO VGA ADAPTER	18.00	90.00	4	None	t	1	4894160051929	2	1
241	HOCO J118 POWER BANK	6942007608046	HOCO J118 POWER BANK	35.00	140.00	1	None	t	1	6942007608046	5	1
242	UGREEN HDMI to  DP Converter	6957303842384	UGREEN HDMI to  DP Converter	75.00	170.00	11	None	t	0	6957303842384	2	1
243	UNITEK 20CM MINI DP TO HDMI ADAPTER	4894160019394	UNITEK 20CM MINI DP TO HDMI ADAPTER	27.00	95.00	5	None	t	1	4894160019394	2	1
244	DLINK 14 in One USB C Hub Model DUB/C114	790169007285	DLINK 14 in One USB C Hub Model DUB/C114	170.00	350.00	1	None	t	0	790169007285	2	1
245	LEXAR 64GB MEMOERY CARD	843367128891	LEXAR 64GB MEMOERY CARD	14.00	50.00	18	None	t	1	843367128891	2	1
247	HEATZ ZT21 VGA TO HDMI ADAPTER WITH AUDIO	6918031500212	HEATZ ZT21 VGA TO HDMI ADAPTER WITH AUDIO	15.00	70.00	4	None	t	1	6918031500212	2	1
248	LEXAR 32GB MEMORYCARD	843367128884	LEXAR 32GB MEMORYCARD	10.00	40.00	14	None	t	1	843367128884	2	1
249	DLINK 6 in 1 USB C Hub	790169007261	DLINK 6 in 1 USB C Hub\r\nDUB / C106	86.00	140.00	5	None	t	0	790169007261	2	1
250	UNITEK 15CM VGA TO HDMI ADAPTER 1080P	4894160053435	UNITEK 15CM VGA TO HDMI ADAPTER 1080P	40.00	150.00	3	None	t	1	4894160053435	2	1
252	DLINK 3 in 1 USB C HUB	790169007254	DLINK 3 in 1 USB C HUB\r\nDUB / C103	65.00	110.00	8	None	t	0	790169007254	2	1
253	UNITEK 15CM VGA TO HDMI ADAPTER	4894160017055	UNITEK 15CM VGA TO HDMI ADAPTER	20.00	90.00	2	None	t	1	4894160017055	2	1
254	SANDISK 16GB MEMORY CARD	619659161613	SANDISK 16GB MEMORY CARD	12.00	35.00	4	None	t	1	619659161613	2	1
256	SANDISK 64GB MEMORY CARD	619659185077	SANDISK 64GB MEMORY CARD	17.00	55.00	2	None	t	1	619659185077	2	1
258	DLINK USB C to Ethernet Adapter 2.5 GHz	790069457517	DLINK USB C to Ethernet Adapter 2.5 GHz\r\nModel No DUB / E250	58.00	140.00	9	None	t	0	790069457517	2	1
259	HEATZ ZT27 MINI DP TO HDMI ADAPTER	6918031500274	HEATZ ZT27 MINI DP TO HDMI ADAPTER	15.00	70.00	7	None	t	1	6918031500274	2	1
260	SANDISK 128GB MEMORY CARD	619659185091	SANDISK 128GB MEMORY CARD	30.00	75.00	1	None	t	1	619659185091	2	1
261	HOCO DU46 USB TO IP 2M	6942007613804	HOCO DU46 USB TO IP 2M	12.00	55.00	1	None	t	1	6942007613804	5	1
262	SANDISK 256GB MEMORY CARD	619659196516	SANDISK 256GB MEMORY CARD	52.00	95.00	1	None	t	1	619659196516	2	1
263	UNITEK USB C FEMALE TO HDMI MALE	4894160056955	UNITEK USB C FEMALE TO HDMI MALE	35.00	95.00	2	None	t	1	4894160056955	2	1
265	SANDISK 512GB MEMORY CARD	619659196622	SANDISK 512GB MEMORY CARD	107.00	180.00	2	None	t	1	619659196622	2	1
255	HOCO DU46 USB TO MICRO 1M 2.4A	6942007603270	HOCO DU46 USB TO MICRO 1M 2.4A	8.00	45.00	4	None	t	1	6942007603270	5	1
234	DLINK USB 2.0 ETHERNET  ADAPTER DUB-E100	790069459016	DLINK USB 2.0 ETHERNET  ADAPTER DUB-E100	20.00	80.00	11	None	t	1	790069459016	4	1
435	J60J5 BATTERY	BA0010	J60J5 BATTERY	110.00	380.00	3	None	t	1	BA0010	2	1
246	LAPTOP STAND A1/A6	6933925191338	LAPTOP STAND XUNDO	55.00	180.00	3	None	t	1	6933925191338	2	1
264	BUDI USB TO IP 1M CABLE	6971536926697	BUDI USB TO IP 1M CABLE	5.00	25.00	52	None	t	1	6971536926697	5	1
706	Canon 2400XL Yellow	4549292005028	Canon 2400XL Yellow	72.00	110.00	0	None	t	0	\N	3	1
251	HOCO DU01 USB TO MICRO 1M	6942007601931	HOCO DU01 USB TO MICRO 1M	5.00	35.00	7	None	t	1	6942007601931	5	1
233	HOCO J115 ULTRASLIM POWER BANK	6942007640800	HOCO J115 ULTRASLIM POWER BANK	25.00	95.00	2	None	t	1	6942007640800	5	1
266	Unitek External DVD Drive 5 in 1 with USB HUB	4894160054401	Unitek External DVD Drive 5 in 1 with USB HUB	90.00	250.00	2	None	t	0	4894160054401	2	1
267	HAYSENSER 20CM HDMI MALE TO USB C FEMALE  4K 60HZ	6922488000324	HAYSENSER 20CM HDMI MALE TO USB C FEMALE  4K 60HZ	85.00	150.00	2	None	t	1	6922488000324	2	1
268	HOCO DU46 USB TO C 1M CABLE 3.0A	6942007600453	HOCO DU46 USB TO C 1M CABLE 3.0A	8.00	55.00	1	None	t	1	6942007600453	5	1
269	UNITEK 4K HDMI COUPLER	4894160048592	UNITEK 4K HDMI COUPLER	6.00	35.00	9	None	t	1	4894160048592	2	1
270	UNITEK MINI DP TO VGA HDMI CONVERTER	4894160009852	UNITEK MINI DP TO VGA HDMI CONVERTER	50.00	160.00	5	None	t	1	4894160009852	2	1
271	OTG USB A TO TYPE C	6954552241227	OTG USB A TO TYPE C	6.00	60.00	3	None	t	1	6954552241227	2	1
227	SANDISK DUAL DRIVE GO USB TYPE C 32GB	619659177140	SANDISK DUAL DRIVE GO USB TYPE C 32GB	21.00	75.00	9	None	t	1	619659177140	2	1
272	VENTION DP MALE TO HDMI FEMALE ADAPTER	6922794752603	VENTION DP MALE TO HDMI FEMALE ADAPTER	20.00	45.00	4	None	t	1	6922794752603	2	1
273	UNITEK USB A TO USB C ULTRA TINY ZINC ADAPTER	4894160043870	UNITEK USB A TO USB C ULTRA TINY ZINC ADAPTER	22.00	75.00	7	None	t	0	4894160043870	2	1
274	MIICAM UB 3.0 TO SERIAL ATA HDD CONVERTER	6922488000188	MIICAM UB 3.0 TO SERIAL ATA HDD CONVERTER	15.00	60.00	7	None	t	0	6922488000188	2	1
276	VENTION 10 METER USB MALE TO MALE	50000025	VENTION DP MALE TO HDMI FEMALE ADAPTER	25.00	95.00	5	None	t	1	50000025	2	1
277	VENTION 3METER USB MALE TO MALE	6922794748842	VENTION 3METER USB MALE TO MALE	18.00	90.00	10	None	t	1	6922794748842	2	1
275	Haysenser Portable USB 3.0 DVD Drive	6920484371028	Haysenser Portable USB 3.0 DVD Drive	50.00	180.00	4	None	t	0	6920484371028	2	1
279	VENTION 2 METER USB MALE TO MALE	6922794748835	VENTION 2 METER USB MALE TO MALE	15.00	60.00	5	None	t	1	6922794748835	2	1
280	SANDISK DUAL DRIVE GO USB TYPE C 128GB	619659177201	SANDISK DUAL DRIVE GO USB TYPE C 128GB	36.00	95.00	2	None	t	1	619659177201	2	1
281	Lenovo Wired Mouse	1PSM50L24505	Lenovo Wired Mouse	13.00	70.00	16	None	t	0	1PSM50L24505	2	1
282	VENTION 1 METER USB MALE TO MALE	6922794748811	VENTION 1 METER USB MALE TO MALE	10.00	70.00	9	None	t	1	6922794748811	2	1
283	HOCO DU46 USB C TO USB C 2M	6942007635295	HOCO DU46 USB C TO USB C 2M	12.00	45.00	2	None	t	1	6942007635295	5	1
287	UNITEK USB BLUETOOTH 5.3 ADAPTER	4894160050502	UNITEK USB BLUETOOTH 5.3 ADAPTER	23.00	75.00	3	None	t	1	4894160050502	2	1
286	HOCO DUP03 AUDIO CONVERSION CABLE TYPE C	6942007600378	HOCO DUP03 AUDIO CONVERSION CABLE	15.00	55.00	4	None	t	1	6942007600378	5	1
288	USB C CARD READER	4894160032003	USB C CARD READER	25.00	55.00	3	None	t	1	4894160032003	2	1
290	UGREEN BLUETOOTH 5.0 USB ADAPTER	6957303888894	UGREEN BLUETOOTH 5.0 USB ADAPTER	22.00	85.00	2	None	t	1	6957303888894	2	1
293	Remote Cable Tester	10000058	Remote Cable Tester	30.00	80.00	3	None	t	0	10000058	4	1
295	RJ 48 & RJ 11 Network cable tester	036332	RJ 48 & RJ 11 Network cable tester	15.00	95.00	16	None	t	0	036332	4	1
296	VENTION DDFBO VGA FEMALE TO FEMALE ADAPTER	6922794748019	VENTION DDFBO VGA FEMALE TO FEMALE ADAPTER	8.00	40.00	4	None	t	1	6922794748019	2	1
297	INNIX DDR3 1600HZ SODIMM 8GB	INDDR3SODIMM8GB	INNIX DDR3 1600HZ SODIMM	50.00	150.00	6	None	t	1	INDDR3SODIMM8GB	2	1
292	VENTION DDGBO VGA FEMALE TO FEMALE ADAPTER	6922794748026	VENTION  DDGBO VGA FEMALE TO FEMALE ADAPTER	8.00	40.00	5	None	t	1	6922794748026	2	1
291	VENTION DDEBO VGA MALE TO MALE ADAPTER	6922794748002	VENTION  DDEBO VGA MALE TO MALE ADAPTER	6.00	35.00	5	None	t	1	6922794748002	2	1
299	INNIX DDR5 4800HZ SODIMM 16GB	INNDDR5SODIMM16GB	INNIX DDR5 4800HZ SODIMM 16GB	130.00	250.00	2	None	t	1	INNDDR5SODIMM16GB	2	1
300	VENTION ECFBO DVI MALE TO VGA FEMALE ADAPTER	6922794748033	VENTION ECFBO DVI MALE TO VGA FEMALE ADAPTER	8.00	35.00	5	None	t	1	6922794748033	2	1
301	INNIX DDR4 2666HZ SODIMM 8GB	INNDDR4SODIMM8GB	INNIX DDR4 2666HZ SODIMM 8GB	80.00	190.00	1	None	t	1	INNDDR4SODIMM8GB	2	1
302	HOCO DU46 USB C TO IP 2M	6942007635288	HOCO DU46 USB C TO IP 2M	15.00	55.00	2	None	t	1	6942007635288	5	1
303	HDTV Extender 4K & 2K	10000052	HDTV Extender 4K & 2K	15.00	70.00	5	None	t	0	10000052	2	1
304	SEAGATE EXPANSION 2TB HDD	763649160473	SEAGATE EXPANSION 2TB HDD	225.00	300.00	1	None	t	6	763649160473	2	1
305	PROMATE Silent Click Wireless Mouse	6959144062785	PROMATE Silent Click Wireless Mouse	35.00	130.00	3	None	t	0	6959144062785	2	1
307	HOCO DU46 USB C TO C 3M CABLE	6942007656238	HOCO DU46 USB C TO C 3M CABLE	20.00	65.00	2	None	t	1	6942007656238	5	1
308	MCDODO USB A 3.0 LIGHTNING CONVERTER	6921002686006	MCDODO USB A 3.0 LIGHTNING CONVERTER	16.00	45.00	1	None	t	1	6921002686006	5	1
289	USB Web CAM - Normal	10000051	USB Web CAM - Normal	20.00	80.00	9	None	t	0	10000051	2	1
707	Canon 2400XL Magenta	4549292005011	Canon 2400XL Magenta	72.00	110.00	0	None	t	0	\N	3	1
284	LEXAR 1TB SATA	843367117222	LEXAR 1TB SATA	185.00	450.00	3	None	t	12	843367117222	2	1
294	HOCO DU01 USB C TO IP 1M	6942007603249	HOCO DU01 USB C TO IP1M	7.00	60.00	8	None	t	1	6942007603249	5	1
298	HOCO DU46 1M USB C TO IP	6942007603263	HOCO DU46 USB C TO IP 1M	15.00	55.00	7	None	t	1	6942007603263	5	1
309	HOCO DU46 USB C TO IP 3M CABLE	6942007656221	HOCO DU46 USB C TO IP 3M CABLE	20.00	65.00	3	None	t	1	6942007656221	5	1
310	ARABIC STICKER TRANSPARENT	ARABICSTICKTRANS	ARABIC STICKER TRANSPARENT	5.00	25.00	4	None	t	1	ARABICSTICKTRANS	2	1
311	HOCO DC16 CHARGER SET USB TO IP	6942007613828	HOCO DC16 CHARGER SET USB TO IP	16.00	70.00	3	None	t	1	6942007613828	5	1
312	ARABIC STICKER BLACK	ARABICSTICKBLK	ARABIC STICKER BLACK	5.00	25.00	1	None	t	1	ARABICSTICKBLK	2	1
313	UNITEK UHUB Q4 LITE USB CTO 4K HDMI & FULL HD VGA	4894160042682	UNITEK UHUB Q4 LITE USB CTO 4K HDMI & FULL HD VGA	70.00	170.00	5	None	t	1	4894160042682	2	1
314	Dell Optical Wired Mouse	MS116-BK	Dell Optical Wired Mouse\r\nModel No MS116	10.00	60.00	2	None	t	0	MS116-BK	2	1
315	HOCO DC16 CHARGER SET USB TO C	6942007613842	HOCO DC16 CHARGER SET USB TO C	16.00	85.00	2	None	t	1	6942007613842	5	1
316	Lenovo 300 USB Mouse	190793629318	Lenovo 300 USB Mouse	13.00	60.00	3	None	t	0	190793629318	2	1
317	MACDADO DIGITAL AUDIO CABLE FOR LIGHTNING	6921002607803	MACDADO  DIGITAL AUDIO CABLE FOR LIGHTNING	15.00	35.00	3	None	t	1	6921002607803	5	1
318	HOCO DC34 CHARGER SET C TO IP	6931474771148	HOCO DC34 CHARGER SET C TO IP	30.00	85.00	2	None	t	1	6931474771148	5	1
319	HP M10 Wired Mouse	6940252364496	HP M10 Wired Mouse	15.00	60.00	5	None	t	0	6940252364496	2	1
320	VENTION MULTI FUNTION CRIMPING TOOL	6922794743571	VENTION MULTI FUNTION CRIMPING TOOL	22.00	90.00	1	None	t	1	6922794743571	4	1
322	UNITEK 15CM USB CTO HDMI & VGA	4894160049339	UNITEK 15CM USB CTO HDMI & VGA	60.00	160.00	1	None	t	1	4894160049339	2	1
323	ANKER 3M TYPE C TO C CABLE PAP21	194644159399	ANKER 3M TYPE C TO C CABLE PAP21	25.00	60.00	3	None	t	1	194644159399	5	1
324	VENTION MULTI FUNTION CRIMPING TOOL	6922794753914	VENTION MULTI FUNTION CRIMPING TOOL	20.00	70.00	3	None	t	1	6922794753914	4	1
325	HOCO DC30 CHARGER SET USB TO C	6931474757111	HOCO DC30 CHARGER SET USB TO C	20.00	65.00	2	None	t	1	6931474757111	5	1
326	UNITEK USB SOUNDCARD/AUDIO ADAPTER	4894160024404	UNITEK USB SOUNDCARD/AUDIO ADAPTER	25.00	60.00	1	None	t	1	4894160024404	2	1
321	Logitec M90 Wired Mouse	5099206021860	Logitec M90 Wired Mouse	14.00	70.00	7	None	t	0	5099206021860	2	1
327	LENOVO 300 Wireless Compat Mouse	190151040298	LENOVO 300 Wireless Compat Mouse	28.00	50.00	8	None	t	0	190151040298	2	1
328	HOCO DU53 2 IN 1	6942007641890	HOCO DU53 2 IN 1	20.00	65.00	2	None	t	1	6942007641890	5	1
329	VENTION 2 IN 1 MINI HDMI & MICRO HDMI MALE TO HDMI FEMALE ADAPTER	6922794748064	VENTION 2 IN 1 MINI HDMI & MICRO HDMI MALE TO HDMI FEMALE ADAPTER	17.00	45.00	12	None	t	1	6922794748064	2	1
330	UNITEK 30CM 3 IN 1 CARD READER WITH USB C & USB A	4894160017468	UNITEK 30CM 3 IN 1 CARD READER WITH USB C & USB A	38.00	95.00	2	None	t	1	4894160017468	2	1
331	VERBATIM GAN CHARGER 100W	023942322023	VERBATIM GAN CHARGER 100W	100.00	250.00	4	None	t	1	023942322023	5	1
332	Dell Wireless Mouse WM126	884116215370	Dell Wireless Mouse WM126	45.00	110.00	9	None	t	0	884116215370	2	1
333	UNITEK 30CM USB A TO GIGABIT ETHERNET ADAPTER	4894160017000	UNITEK 30CM USB A TO GIGABIT ETHERNET ADAPTER	45.00	120.00	10	None	t	1	4894160017000	2	1
334	HAYSENSER USB SOUND CARD	7589235238462	HAYSENSER USB SOUND CARD	7.00	45.00	1	None	t	1	7589235238462	2	1
335	HOCO DC16 DUAL PORT CHARGER	6931474766779	HOCO DC16 DUAL PORT CHARGER	16.00	60.00	2	None	t	1	6931474766779	5	1
336	Dell Wireless Mouse WM126 Latest	884116215264	Dell Wireless Mouse WM126 Latest	25.00	110.00	9	None	t	0	884116215264	2	1
337	UNITEK RJ45 ETHERNET CONNECTOR	4894160048721	UNITEK RJ45 ETHERNET CONNECTOR	14.00	35.00	13	None	t	1	4894160048721	4	1
340	CRUCIAL DDR5 32GB SODIMM	649528906533	CRUCIAL DDR5 32GB SODIMM	328.00	650.00	1	None	t	12	649528906533	2	1
341	HAYSENSER M.2 NVME SSD to USB 3.2 Converter	6922488000249	HAYSENSER M.2 NVME SSD to USB 3.2 Converter\r\nModel HY-S322	30.00	75.00	10	None	t	0	6922488000249	2	1
342	UNITEK 30CM USB A C TO GIGABIT ETHERNET ADAPTER	4894160048745	UNITEK 30CM USB A C TO GIGABIT ETHERNET ADAPTER	60.00	140.00	5	None	t	1	4894160048745	2	1
343	HOCO DS31B DUAL PORT FAST CHARGER	6942007631921	HOCO DS31B DUAL PORT FAST CHARGER	10.00	65.00	4	None	t	1	6942007631921	5	1
344	CRUCIAL DDR5 16GB SODIMM	649528934932	CRUCIAL DDR5 16GB SODIMM	146.00	370.00	3	None	t	12	649528934932	2	1
345	UNITEK UHUB Q4 LITE FOR IPAD PRO & AIR	4894160047038	UNITEK UHUB Q4 LITE FOR IPAD PRO & AIR	105.00	220.00	2	None	t	1	4894160047038	2	1
346	HOCO DC16 DUAL PORT CHARGER SET	6942007654418	HOCO DC16 DUAL PORT CHARGER SET	11.00	65.00	1	None	t	1	6942007654418	5	1
347	Haysenser M.2 NVME & NGFF 2 in 1	6922488000133	Haysenser M.2 NVME & NGFF 2 in 1\r\nNVME Enclosure\r\nModel HY-M1058	35.00	90.00	11	None	t	0	6922488000133	2	1
348	UNITEK UHUB Q4+ 4 IN 1 USB C WITH GIGABIT ETHERNET	4894160046345	UNITEK UHUB Q4+ 4 IN 1 USB C WITH GIGABIT ETHERNET	75.00	150.00	4	None	t	1	4894160046345	2	1
349	FLAT USB 2.0 MALE TO MINI 5 PIN MALE CABLE 1.5M	6922794717268	FLAT USB 2.0 MALE TO MINI 5 PIN MALE CABLE 1.5M	11.00	60.00	1	None	t	1	6922794717268	2	1
350	LENOVO THINKCENTER I7 4TH GEN	200000lenovo	LENOVO THINKCENTER I7 4TH GEN 8GB RAM/256GB SSD	300.00	600.00	10	None	t	1	200000lenovo	6	1
351	Haysenser 2.5 Type C Portable Disk Enclosure	6922488000218	Haysenser 2.5 Type C Portable Hard Disk Enclosure\r\nModel HY-QXUC	25.00	80.00	9	None	t	0	6922488000218	2	1
702	Apple USB Power Adapter 5W A2128	194252034491	Apple USB Power Adapter 5W A2128	42.00	90.00	1	None	t	0	\N	5	1
352	UNITEK  20CM UHUB Q4 4 IN 1 USB C WITH 3 DATA PORT	4894160050106	UNITEK 20CM  UHUB Q4 4 IN 1 USB C WITH 3 DATA PORT	22.00	75.00	3	None	t	1	4894160050106	2	1
353	REDRAGON MOUSEPAD	6950376783059	REDRAGON MOUSEPAD	17.00	45.00	4	None	t	1	6950376783059	2	1
354	HDMI to AV Converter Full HD	7890268125682	HDMI to AV Converter Full HD	25.00	130.00	1	None	t	0	7890268125682	2	1
306	VENTION ACYHB 0.15M USB A C TO HDMI CONVERTER	6922794776920	VENTION ACYHB 0.15M USB A C TO HDMI CONVERTER	80.00	170.00	4	None	t	1	6922794776920	2	1
355	UNITEK UHUB Q4 USB A TO 4 PORT EXPANSION	4894160044402	UNITEK UHUB Q4 USB A TO 4 PORT EXPANSION	28.00	80.00	1	None	t	1	4894160044402	2	1
356	UNITEK UHUB Q4 NEXT ULTRA SLIM 4 IN 1 USB C HUB	4894160048042	UNITEK UHUB Q4 NEXT ULTRA SLIM 4 IN 1 USB C HUB	80.00	145.00	1	None	t	1	4894160048042	2	1
358	Printer Auto Switch 2 Port USB Sharing Switch	30000008	Printer Auto Switch 2 Port USB Sharing Switch	25.00	80.00	10	None	t	0	30000008	3	1
357	TOSHIBA SURVEILLANCE S300 2TB	3P70S2TLMLN	TOSHIBA SURVEILLANCE S300 2TB	184.00	300.00	2	None	t	1	3P70S2TLMLN	2	1
359	AUTO SWITCH 4 Port Sharing Switch	3000000023	AUTO SWITCH 4 Port Sharing Switch	40.00	100.00	15	None	t	0	3000000023	3	1
360	TERMINATOR 13A POWER MULTI ADAPTOR	6926316181544	TERMINATOR 13A POWER MULTI ADAPTOR	15.00	55.00	1	None	t	1	6926316181544	23	1
361	HEATZ 2 in 1 NVME Enclosure	6918030400070	HEATZ 2 in 1 NVME Enclosure\r\nModel ZL07	50.00	170.00	8	None	t	0	6918030400070	2	1
362	ANKER 7 IN 2 USB C HUB	]C1194644022020	ANKER 7 IN 2 USB C HUB	160.00	250.00	1	None	t	1	]C1194644022020	2	1
363	TERMINATOR MULTI TRAVELLER ADAPTER	8886348961492	TERMINATOR MULTI TRAVELLER ADAPTER	7.00	25.00	10	None	t	1	8886348961492	23	1
696	HP CORE I7 10TH GEN 840 G7 16GB RAM/512GB SSD	2000840G7	HP CORE I7 10TH GEN 840 G7 16GB RAM/512GB SSD	980.00	1350.00	1	None	t	0	\N	7	1
365	HEATZ 2.5 Enclosure Case USB 3.1	6918030400087	HEATZ 2.5 Enclosure Case USB 3.1\r\nModel ZL08	25.00	100.00	8	None	t	0	6918030400087	2	1
366	QUBE AD H 6 IN 1 MULTIFUNCTION ADAPTER	9010005555687	QUBE AD H 6 IN 1 MULTIFUNCTION ADAPTER	60.00	180.00	2	None	t	1	9010005555687	2	1
367	HEATZ High Power Dual Band Wireless Adapter	6918031400550	HEATZ High Power Dual Band Wireless Adapter\r\nModel  ZW55 WiFi 6	55.00	130.00	4	None	t	0	6918031400550	2	1
368	UNITEK UHUBQ4 4 IN 1 USB A TO 3 DATA PORTSUNITEK UHUBQ4 4 IN 1 USB A TO 3 DATA PORTS	4894160050090	UNITEK UHUBQ4 4 IN 1 USB A TO 3 DATA PORTS	18.00	80.00	4	None	t	1	4894160050090	2	1
369	HP LASERJET MFP3303FDW PRINTER	196786387906	HP LASERJET MFP3303FDW PRINTER	1240.00	2100.00	3	None	t	1	196786387906	8	1
370	ENERGIZER AA	8888021205077	ENERGIZER AA	6.00	20.00	1	None	t	1	8888021205077	23	1
371	UNITEK M.2 PCI NVME SSD ENCLOSURE	4894160052834	UNITEK M.2 PCI NVME SSD ENCLOSURE	60.00	140.00	1	None	t	1	4894160052834	2	1
372	Power Adapter 5V 1A	10000054	Power Adapter 5V 1A	10.00	50.00	8	None	t	0	10000054	2	1
373	MIICAM MC-U309A USB 3.0 + USB 2.0	6922488000058	MIICAM MC-U309A USB 3.0 + USB 2.0	20.00	80.00	6	None	t	1	6922488000058	2	1
374	MEETION COOLING FAN CP2020	6970344733107	MEETION COOLING FAN CP2020	20.00	80.00	2	None	t	1	6970344733107	2	1
375	UNITEK DISKGUARD LIMPID R 2.5 SATA HDD& SSD ENCLOSURE	4894160036759	UNITEK DISKGUARD LIMPID R 2.5 SATA HDD& SSD ENCLOSURE	35.00	70.00	2	None	t	1	4894160036759	2	1
376	TIANQU HEAVY DUTY BATTERY	6927799683112	TIANQU HEAVY DUTY BATTERY	4.00	20.00	18	None	t	1	6927799683112	23	1
377	Power Adapter 12 V 1 A	100000055	Power Adapter 12 V 1 A	10.00	50.00	10	None	t	0	100000055	2	1
379	UNITEK SOLID FORCE PCIE/NVME ENCLOSURE LITE	4894160042316	UNITEK SOLID FORCE PCIE/NVME ENCLOSURE LITE	75.00	140.00	1	None	t	1	4894160042316	2	1
382	Meetion Wireless & Bluetoh Dual Mode	6970344734494	Meetion Wireless & Bluetoh Dual Mode\r\nBTM005	38.00	95.00	2	None	t	0	6970344734494	2	1
383	Meetion Wireless Mouse - White	6970344732476	Meetion Wireless Mouse - White\r\nR560	13.00	65.00	3	None	t	0	6970344732476	2	1
384	DELL 22INCH WITH FRAME MONITOR	20000022inch	DELL 22INCH WITH FRAME MONITOR	75.00	250.00	11	None	t	1	20000022inch	2	1
385	Meetion Wireless Mouse -Black	6970344732452	Meetion Wireless Mouse -Black	13.00	65.00	1	None	t	0	6970344732452	2	1
338	HOCO DC34 USB C USB A DUAL PORT	50000022	HOCO DC34 USB C USB A DUAL PORT	25.00	75.00	1	None	t	1	6931474771131	5	1
386	Texa Wireless Silent Mouse	6236758411667	Texa Wireless Silent Mouse\r\nModel S6	12.00	50.00	7	None	t	0	6236758411667	2	1
387	UNITEK 20 METER CAT7 SSTP FLAT CABLE	4894160047007	UNITEK 20 METER CAT7 SSTP FLAT CABLE	32.00	85.00	6	None	t	1	4894160047007	4	1
388	HEATZ Dual Mode USB Adapter	6918031400109	HEATZ Dual Mode USB Adapter\r\nModel ZW10	20.00	80.00	5	None	t	0	6918031400109	2	1
389	UNITEK 10 METER CAT7 SSTP FLAT CABLE	4894160046987	UNITEK 10 METER CAT7 SSTP FLAT CABLE	20.00	75.00	2	None	t	1	4894160046987	4	1
390	UNITEK 5 METER CAT7 SSTP FLAT CABLE	4894160046970	UNITEK 5  METER CAT7 SSTP FLAT CABLE	16.00	65.00	3	None	t	1	4894160046970	4	1
391	HEATZ HDMI to VGA Converter	6918031500229	HEATZ HDMI to VGA Converter \r\nModel ZT22	16.00	60.00	4	None	t	0	6918031500229	2	1
392	UNITEK 3 METER CAT7 SSTP FLAT CABLE	4894160046963	UNITEK 3 METER CAT7 SSTP FLAT CABLE	13.00	55.00	3	None	t	1	4894160046963	4	1
378	Power Adapter 12V 2 A	10000053	Power Adapter 12V 2 A	10.00	50.00	17	None	t	0	10000053	2	1
380	HP 150 wireless Mouse	195161884655	HP 150 wireless Mouse	29.00	100.00	14	None	t	0	2902507416996	2	1
394	HEATZ 2 DP to HDMI Converter	6918031500250	HEATZ 2 DP to HDMI Converter\r\nModel ZT25	15.00	60.00	5	None	t	0	6918031500250	2	1
395	HPP DV4	BA0015	HPP DV4	45.00	180.00	3	None	t	1	BA0015	2	1
396	HP 24 INCH MONITOR FRAMELESS MONITOR	50000023	HP 24 INCH MONITOR FRAMELESS MONITOR	220.00	350.00	23	None	t	1	50000023	2	1
397	UNITEK 1.8 METER USB 2.0 CONSOLE ROLOVER FAT CABLE	4894160041678	UNITEK 1.8 METER USB 2.0 CONSOLE ROLOVER FAT CABLE	50.00	150.00	2	None	t	1	MM240904141.01.08.0043800919	4	1
398	HEATZ USB to HDMI Converter	6918031500236	HEATZ USB to HDMI Converter\r\nModel ZT 23	28.00	100.00	3	None	t	0	6918031500236	2	1
400	UNITEK 1 METER CAT7 SSTP FLAT CABLE	4894160046949	UNITEK 1 METER CAT7 SSTP FLAT CABLE	7.00	55.00	11	None	t	1	4894160046949	4	1
401	Xiomi Smart TV Stick 4K	6941948703513	Xiomi Smart TV Stick	135.00	350.00	1	None	t	0	6941948703513	2	1
402	DE N4010	DE N4010	DE N5010	45.00	190.00	1	None	t	1	DE N4010	6	1
403	Xiomi TV Stick FHD	6971408152254	Xiomi TV Stick FHD	110.00	280.00	8	None	t	0	6971408152254	2	1
405	VI04 BATTERY	BA0027	VI04 BATTERY	45.00	180.00	1	None	t	1	BA0027	2	1
408	5185 BATTERY	BA0030	5185 BATTERY	44.00	180.00	7	None	t	1	BA0030	2	1
410	JC04 BATTERY	BA0026	JC04 BATTERY	36.00	170.00	1	None	t	1	BA0026	2	1
411	DE TECH 3 METER DVI TO DVI CABLE	500000020	DE TECH 3 METER DVI TO DVI CABLE	30.00	90.00	3	None	t	1	500000020	2	1
412	R004 BATTERY	BA0028	R004 BATTERY	41.00	180.00	2	None	t	1	BA0028	2	1
406	HP KI04 BATTERY	BA0021	HP KI04 BATTERY	40.00	180.00	3	None	t	1	BA0021	2	1
413	DLINK Wireless N300 Nano USB Adapter	790169007131	DLINK Wireless N300 Nano USB Adapter\r\nModel DWA131	22.00	75.00	2	None	t	0	790169007131	2	1
414	DOUBLE A PAPER BOX	8856976000023	DOUBLE A PAPER BOX	59.00	100.00	15	None	t	1	8856976000023	24	1
415	HQ15 HS04 BATTERY	BA0025	HQ15 HS04 BATTERY	45.00	180.00	1	None	t	1	BA0025	2	1
697	Lenovo Hanging Headphone	6928760163664	Lenovo Hanging Headphone	9.00	35.00	2	None	t	0	\N	5	1
393	5024 ZY 3S2P BATTERY	BA0022	5024 ZY 3S2P BATTERY	45.00	180.00	1	None	t	1	BA0022	2	1
364	DELL LATITUDE 5490 I7 7TH GEN 8/256 SSD	2000005490	DELL LATITUDE 5490 I7 7TH GEN 8/256 SSD	520.00	1200.00	58	None	t	1	2000005490	7	1
417	3819 ZY 3S2P	BA0013	3819 ZY 3S2P	45.00	250.00	2	None	t	1	BA0013	2	1
418	TP Link 300MBps Wireless N PCI Express Adapter	6935364050573	TP Link 300MBps Wireless N PCI Express Adapter\r\nModel TL - WN881ND	50.00	260.00	1	None	t	0	6935364050573	2	1
399	DE N5010	BA0031	DE N5010	38.00	150.00	6	None	t	1	BA0031	2	1
419	ARCHER A4 PAPER BOX	50000051	ARCHER A4 PAPER BOX	48.00	75.00	11	None	t	1	50000051	24	1
420	G400S BATTERY	BA0029	G400S BATTERY	48.00	180.00	2	None	t	1	BA0029	2	1
421	DLINK Gigabyte 8 port POE Smart Manager Switch	790069453311	DLINK Gigabyte 8 port POE Smart Manager Switch\r\nModel DGS - 1100 - 08PV2	215.00	350.00	2	None	t	0	790069453311	4	1
422	L16M2PB2 BATTERY	BA0014	L16M2PB2 BATTERY	100.00	300.00	1	None	t	1	BA0014	2	1
423	UNITEK 1 METER USB C 5GBPS CABLE	4894160017277	UNITEK 1 METER USB C 5GBPS CABLE	12.00	45.00	22	None	t	1	4894160017277	2	1
424	TO C850BATTERY	BA0019	TO C850BATTERY	40.00	180.00	2	None	t	1	BA0019	2	1
425	UNITEK 2 METER USB C TO C CABLE	4894160054937	UNITEK 2 METER USB C TO C CABLE	17.00	75.00	5	None	t	1	4894160054937	2	1
427	TOS PA5024/C850/C50/C55/L8 BATTERY	BA0018	TOS PA5024/C850/C50/C55/L8	45.00	130.00	3	None	t	1	BA0018	2	1
428	LE G500S BATTERY	BA0017	LE G500S BATTERY	60.00	150.00	2	None	t	1	BA0017	2	1
429	BPS35 BATTERY	BA0016	BPS35 BATTERY	65.00	185.00	1	None	t	1	BA0016	2	1
426	DLINK 5 Port 100 MBps Desktop Switch	790069431999	DLINK 5 Port 100 MBps Desktop Switch\r\nModel DES - 1005C	19.00	70.00	6	None	t	0	790069431999	4	1
430	DLINK Gigabyte 5 port Switch	790069370649	DLINK Gigabyte 5 port Switch\r\nModel DGS - 105	49.00	90.00	9	None	t	0	790069370649	4	1
431	DE 3451/M5Y1K BATTERY	BA041	DE 3451/M5Y1K BATTERY	60.00	150.00	1	None	t	1	BA041	2	1
432	SE03XL BATTERY	BA0008	SE03XL BATTERY	115.00	380.00	2	None	t	1	BA0008	2	1
433	DLINK 8 Port Gigabyte Desktop Switch	790069378096	DLINK 8 Port Gigabyte Desktop Switch \r\nModel No DGS - 108	68.00	150.00	7	None	t	0	790069378096	4	1
436	HP HT03XL	HPP HT03XL	HPP HT03XL	110.00	400.00	1	None	t	1	HPP HT03XL	2	1
437	DLINK 6 Port 10/100 Long Range POE+ Surveillance Switch	790169003362	DLINK 6 Port 10/100 Long Range POE+ Surveillance Switch\r\nModel No DES - F1006P - E	75.00	140.00	2	None	t	0	790169003362	4	1
438	SS03XL BATTERY	BA0005	SS03XL BATTERY	120.00	380.00	1	None	t	1	BA0005	2	1
439	UNITEK 1.5 METER FULL FEATURED USB C EXTENTION CABLE	4894160047632	UNITEK 1.5 METER FULL FEATURED USB C EXTENTION CABLE	35.00	95.00	3	None	t	1	4894160047632	2	1
434	BK03XL BATTERY	BA0007	BK03XL BATTERY	110.00	380.00	2	None	t	1	BA0007	2	1
441	L20C2PF0 BATTERY	BA0012	L20C2PF0 BATTERY	150.00	250.00	1	None	t	1	BA0012	2	1
442	TERMAL ROLL 58X39 BOX	2000042box	TERMAL ROLL 58X39	222.00	350.00	2	None	t	1	2000042box	24	1
443	UNITEK 5 METER 100W USB C CABLE 90 DEGREE	4894160050939	UNITEK 5 METER 100W USB C CABLE 90 DEGREE	39.00	100.00	2	None	t	1	4894160050939	2	1
444	UNITEK USB C WIRELESS HDMI EXTENDER KIT	4894160052384	UNITEK USB C WIRELESS HDMI EXTENDER KIT	215.00	340.00	2	None	t	1	4894160052384	2	1
446	RH03 BATTERY	BA0001	RH03 BATTERY	110.00	400.00	2	None	t	1	BA0001	2	1
447	WDXOR BATTERY	BA0011	WDXOR BATTERY	100.00	320.00	1	None	t	1	BA0011	2	1
448	UNITEK WIRELESS HDMI TRANSMITTER & RECEIVER KIT	4894160052360	UNITEK WIRELESS HDMI TRANSMITTER & RECEIVER KIT	295.00	450.00	1	None	t	1	4894160052360	2	1
449	TP Link 8 Port Gigabytes Desktop Switch	6935364092313	TP Link 8 Port Gigabytes Desktop Switch\r\nModel Tl - SG1008D	60.00	150.00	10	None	t	0	6935364092313	4	1
450	TERMAL PAPER ROLL 80X80 BOX	200000trm80	TERMAL PAPER ROLL 80X80	105.00	350.00	4	None	t	1	200000trm80	24	1
451	F3YGT BATTERY	BA0003	F3YGT BATTERY	120.00	280.00	3	None	t	1	BA0003	2	1
452	UNITEK WIRLESS SCREEN MIRRORING DEVICE	4894160052346	UNITEK WIRLESS SCREEN MIRRORING DEVICE	145.00	270.00	2	None	t	1	4894160052346	2	1
453	TP Link Omada POE Injector	693536403056	TP Link Omada POE Injector\r\nModel POE 150S	60.00	150.00	2	None	t	0	693536403056	4	1
454	YRDD6 BATTERY	BA002	YRDD6 BATTERY	120.00	280.00	1	None	t	1	BA002	2	1
455	GJKNX BATTERY	BA0004	GJKNX BATTERY	120.00	280.00	3	None	t	1	BA0004	2	1
456	HAYSENSER 1 METER TYPE C TO USB 3.0 MICRO CABLE	500000122	HAYSENSER 1 METER TYPE C TO USB 3.0 MICRO CABLE	12.00	35.00	9	None	t	1	500000122	2	1
457	TP Link 24 Port Gigabyte Desktop Rack Mount Switch	6935364020620	TP Link 24 Port Gigabyte Desktop Rack Mount Switch\r\nModel TL - SG1024D	222.00	450.00	2	None	t	0	6935364020620	4	1
458	Unitek 60 Watts 10 Port USB charging Station	4894160055620	Unitek 60 Watts 10 Port USB charging Station	155.00	350.00	1	None	t	0	4894160055620	5	1
459	TP-BRIDGE TFP103 FACE PLATE	50000027	TP-BRIDGE TFP103 FACE PLATE	10.00	35.00	5	None	t	1	50000027	4	1
460	NetGear 24 Port Gigabyte Ethernet Unmanaged Switch	606449110319	NetGear 24 Port Gigabyte Ethernet Unmanaged Switch\r\nModel GS324	135.00	550.00	1	None	t	0	606449110319	4	1
461	NETPOWER 10 METER USB MALE TO MALE	6000010MUSB	NETPOWER 10 METER USB MALE TO MALE	22.00	65.00	2	None	t	1	6000010MUSB	2	1
462	DLINK WiFi 7 Muti Gigabyte Mesh Router	790169007179	DLINK WiFi 7 Muti Gigabyte Mesh Router\r\nModel BE3600	265.00	450.00	1	None	t	0	790169007179	4	1
464	DLINK WiFi 6 Mesh Range Extender	790069459283	DLINK WiFi 6 Mesh Range Extender\r\nModel AS1500	105.00	180.00	2	None	t	0	790069459283	4	1
465	TERMALROLL 38X25 BOX	20000040	TERMALROLL 38X25 BOX	280.00	450.00	1	None	t	1	20000040	24	1
466	DELUXE 1 METER TYPE C TO C CABLE	50000050	DELUXE 1 METER TYPE C TO C CABLE	6.00	45.00	12	None	t	1	50000050	2	1
468	DLINK WiFi Range Extender AC 1200	7990069434716	DLINK WiFi Range Extender AC 1200\r\nModel DAP - 1610	70.00	190.00	1	None	t	0	7990069434716	4	1
469	DLINK AC 750 + WiFi Range Extender	790069435072	DLINK AC 750 + WiFi Range Extender\r\nModel DAP - 1530	62.00	120.00	4	None	t	0	790069435072	4	1
470	TERMAL ROLL 38X25 SINGLE	2000044	TERMAL ROLL 38X25 SINGLE	4.00	8.00	41	None	t	1	2000044	24	1
471	NetGear AC 750 WiFi Range Extender	606449105995	NetGear AC 750 WiFi Range Extender\r\nModel EX 3700	125.00	200.00	1	None	t	0	606449105995	4	1
472	TERMAL ROLL 50X25 SINGLE	2000043	TERMAL ROLL 50X25 SINGLE	5.00	10.00	42	None	t	1	2000043	24	1
473	DLINK AX 1800 Mesh WiFi 6 Range Extender	790069458132	DLINK AX 1800 Mesh WiFi 6 Range Extender\r\nDAP - X160	135.00	200.00	1	None	t	0	790069458132	4	1
474	Unitek 11 in 1 USB Hub 4K Ultra HD	4894160048103	Unitek 11 in 1 USB Hub 4K Ultra HD	315.00	480.00	2	None	t	0	4894160048103	2	1
475	VENTION 1.5 METER CAT8 CABLE	6922794780323	VENTION 1.5 METER CAT8 CABLE	16.00	60.00	9	None	t	1	6922794780323	4	1
476	SONY PS4 WIRLESS CONTROLLER	711719955702	SONY PS4 WIRLESS CONTROLLER	44.00	150.00	1	None	t	1	711719955702	2	1
477	HAVIT Dual Mode Wireless Keyboard and Mouse	6939119064464	HAVIT Dual Mode Wireless Keyboard and Mouse\r\nModel KB830WP	82.00	150.00	1	None	t	0	6939119064464	2	1
479	HAYSENSER  20CM SATA 15PIN MALE TO FEMALE	5000000111	HAYSENSER  20CM SATA 15PIN MALE TO FEMALE	15.00	45.00	1	None	t	1	5000000111	2	1
478	DLINK 305M CAT6 CABLE	ncb-c6ugryr-305-24-e	DLINK 305M CAT6 CABLE	280.00	450.00	3	None	t	1	ncb-c6ugryr-305-24-e	4	1
480	VENTION 2 METER CAT8 CABLE	6922794780330	VENTION 2 METER CAT8 CABLE	20.00	55.00	7	None	t	1	6922794780330	4	1
481	Unitek 9 in 1 USBC Hub Keyboard 4K Ultra HD	4894160049636	Unitek 9 in 1 USBC Hub Keyboard 4K Ultra HD	280.00	435.00	1	None	t	0	4894160049636	2	1
482	VENTION 3 METER CAT8 CABLE	6922794780347	VENTION 3 METER CAT8 CABLE	24.00	80.00	9	None	t	1	6922794780347	4	1
483	COOLING TABLE FAN	200000cooling	COOLING TABLE FAN	50.00	150.00	1	None	t	1	200000cooling	2	1
463	LENOVO 65W STANDARD AC ADAPTER ORGINAL	191200521669	LENOVO 65W STANDARD AC ADAPTER ORGINAL	110.00	300.00	9	None	t	1	191200521669	2	1
484	HAVIT Ultra Slim & Noice Proof Multimedia Keyboard	6939119040420	HAVIT Ultra Slim & Noice Proof Multimedia Keyboard	46.00	120.00	1	None	t	0	6939119040420	2	1
485	VENTION 20 METER CAT8 CABLE	6922794780408	VENTION 20 METER CAT8 CABLE	55.00	150.00	1	None	t	1	6922794780408	4	1
487	VENTION 5 METER CAT8 CABLE	6922794780354	VENTION 5 METER CAT8 CABLE	28.00	80.00	10	None	t	1	6922794780354	4	1
488	Lenovo ThinkPlus Touch Pen	QX81M45650	Lenovo ThinkPlus Touch Pen	36.00	90.00	1	None	t	0	QX81M45650	2	1
489	VENTION 15 METER CAT8 CABLE	6922794780392	VENTION 15 METER CAT8 CABLE	42.00	95.00	1	None	t	1	6922794780392	2	1
490	LENOVO MONITOR	25000000le	LENOVO MONITOR	150.00	350.00	3	None	t	1	25000000le	2	1
491	VENTION IPTBO RJ45 SPLITTER ADAPTER	6922794747814	VENTION IPTBO RJ45 SPLITTER ADAPTER	17.00	55.00	4	None	t	1	6922794747814	4	1
492	HP CATRIDGE 47 COLOUR	196068029999	HP CATRIDGE 47 COLOUR	23.00	80.00	2	None	t	1	196068029999	3	1
493	DELL E2423H MONITOR NEW	50000020	DELL E2423H MONITOR NEW	315.00	550.00	17	None	t	1	50000020	2	1
494	HP CATRIDGE 650 BLACK	889296882435	HP CATRIDGE 650 BLACK	47.00	110.00	2	None	t	1	889296882435	3	1
495	HP CATRIDGE 650 COLOUR	889296882442	HP CATRIDGE 650 COLOUR	40.00	120.00	2	None	t	1	889296882442	3	1
496	HP CATRIDGE 651 BLK	889296160823	HP CATRIDGE 651 BLK	70.00	115.00	2	None	t	1	889296160823	3	1
486	SHIVOX wired Keyboard	300000015	SHIVOX wired Keyboard	13.00	50.00	22	None	t	0	300000015	2	1
497	HP CATRIDGE 651 COLOUR	889296160861	HP CATRIDGE 651 COLOUR	60.00	110.00	3	None	t	1	889296160861	3	1
498	HEATZ Mini Wireless Combo Keyyboad & Mouse	6918030500275	HEATZ Mini Wireless Combo Keyyboad & Mouse	29.00	100.00	1	None	t	0	6918030500275	2	1
499	BOXPOS CASH DRAWER	bpc4102428100093	BOXPOS CASH DRAWER	125.00	300.00	2	None	t	1	bpc4102428100093	3	1
42	LED SOFT RING LIGHT RL14	12345678921	LED SOFT RING LIGHT RL14	73.00	120.00	2	None	t	1	2902507319082	5	1
501	ONEEZO Wireless BT Keyboard	5251020230013	ONEEZO Wireless BT Keyboard	35.00	95.00	4	None	t	0	5251020230013	2	1
503	CAT 6 305M NET CABLE NORMAL	20000305mnet	CAT 6 305M NET CABLE NORMAL	160.00	320.00	1	None	t	1	20000305mnet	4	1
504	OCPC Graphics Card GT 730	850044781775	OCPC Graphics Card GT 730	175.00	450.00	2	None	t	0	850044781775	2	1
416	Haysenser 900MBps WIiFi 6 + BT 5.3 USB Adapter	6922488000034	Haysenser 900MBps WIiFi 6 + BT 5.3 USB Adapter\r\nHY-900BT	30.00	95.00	4	None	t	0	6922488000034	2	1
506	LOGITEC Z313 SPEAKER	5099206024243	LOGITEC Z313 SPEAKER	180.00	350.00	3	None	t	1	5099206024243	2	1
509	ATM ROLL	20000057	ATM ROLL	1.00	5.00	49	None	t	1	20000057	24	1
510	AFOX GT710 DDR3 2GB Graphics Card	4897033782944	AFOX GT710 DDR3 2GB Graphics Card	128.00	280.00	2	None	t	0	4897033782944	2	1
511	DELL 19V 3.34A (4.5*3.0) OVAL	8000006	DELL 19V 3.34A (4.5*3.0) OVAL	50.00	170.00	8	None	t	1	8000006	2	1
512	DELL 20V 3.25 TYPE C	8000005	DELL 20V 3.25 TYPE C	50.00	170.00	4	None	t	1	8000005	2	1
513	Logitec MK270 Wireless Comb Keyboard & Mouse	5099206039254	Logitec MK270 Wireless Comb Keyboard & Mouse	67.00	130.00	4	None	t	0	5099206039254	2	1
514	80X80 SINGLE	20000042	80X80 SINGLE	5.00	10.00	7	None	t	1	20000042	24	1
515	LENOVO 20V 3.25A (4.0*1.7) SQUARE 3 PIN	8000004	LENOVO 20V 3.25A (4.0*1.7) SQUARE 3 PIN	50.00	170.00	7	None	t	1	8000004	2	1
516	3 PLAY PAER BOX	200000paper	3 PLAY PAER BOX	65.00	140.00	1	None	t	1	200000paper	24	1
517	Logitec MK120 Wired Keyboard & Mouse Combo	5099206020542	Logitec MK120 Wired Keyboard & Mouse	44.00	100.00	2	None	t	0	5099206020542	2	1
518	HP 65W TYPE C  20V 3.25A	8000003	HP 65W TYPE C	65.00	170.00	5	None	t	1	8000003	2	1
519	Logitec K120 Wired Keyboard	5099206020795	Logitec K120 Wired Keyboard	29.00	80.00	12	None	t	0	5099206020795	2	1
520	CAT 6 CABLE 70M BOX	2000070m	CAT 6 CABLE 70M BOX	38.00	150.00	4	None	t	1	2000070m	3	1
521	BOXPOS POS RECEPIT PRINTER	a327082029520280	BOXPOS POS RECEPIT PRINTER	250.00	450.00	1	None	t	1	a327082029520280	2	1
522	Lenovo 100 Wireless Combo Keyboard & Mouse	193124735849	Lenovo 100 Wireless Combo Keyboard & Mouse	72.00	140.00	1	None	t	0	193124735849	2	1
523	ASUS 19V 2.37A (4.0*1.35) SQUARE 3 PIN	800000001	ASUS 19V 2.37A (4.0*1.35) SQUARE 3 PIN	50.00	170.00	6	None	t	1	800000001	2	1
524	PROFESSIONAL MICROPHONE	20000mic	PROFESSIONAL MICROPHONE	78.00	250.00	1	None	t	1	20000mic	2	1
525	HP Gaming Keyboard & Mouse Wired	6948391228358	HP Gaming Keyboard & Mouse Wired	35.00	95.00	1	None	t	0	6948391228358	2	1
526	ASUS 19V 3.42A (5.5MM * 2.5)	8000002	ASUS 19V 3.42A (5.5MM * 2.5)	60.00	170.00	7	None	t	1	8000002	2	1
467	TERMAL ROLL 50X25	2000041	TERMAL ROLL 50X25	340.00	550.00	5	None	t	1	2000041	24	1
527	Haysenser SmartCard Reader	6922488000102	Haysenser SmartCard Reader\r\nModel HY - C01C	26.00	95.00	18	None	t	0	6922488000102	2	1
528	5WAY 3M TERMINATOR	6290361230329	5WAY 3M TERMINATOR	25.00	150.00	16	None	t	1	6290361230329	1	1
508	LQ 350 EPSON	8715946521886	LQ 350 EPSON	620.00	850.00	3	None	t	1	8715946521886	8	1
505	MICROSOFT SURFACE 12V 3.6A	8000008	MICROSOFT SURFACE 12V 3.6A	65.00	170.00	8	None	t	1	8000008	2	1
507	MICROSOFT SURFACE 12V 2.58A	8000007	MICROSOFT SURFACE 12V 2.58A	65.00	200.00	17	None	t	1	8000007	2	1
502	MICROSOFT SURFACE 15V 2.58A	8000009	MICROSOFT SURFACE 15V 2.58	65.00	120.00	7	None	t	1	8000009	2	1
529	Haysenser Smart Card Reader	6922488060083	Haysenser Smart Card Reader\r\nModel HY - C01	30.00	70.00	2	None	t	0	6922488060083	2	1
530	ASUS 19V 3.42V (4.0*1.35) SQUARE 3 PIN	800000051	ASUS 19V 3.42V (4.0*1.35) SQUARE 3 PIN	50.00	170.00	14	None	t	1	800000051	2	1
531	XCELL HEADPHONE	6291108202876	XCELL HEADPHONE	25.00	60.00	16	None	t	1	6291108202876	2	1
532	Thales USB Smart Card Reader	962000009005	Thales USB Smart Card Reader\r\nModel ID Bridge CT30	53.00	90.00	1	None	t	0	962000009005	2	1
533	EPSON 24 PIN ADAPTER	8000010	EPSON 24 PIN ADAPTER	50.00	150.00	9	None	t	1	8000010	2	1
534	TECSA BH201 BT HEADSET	6236758632413	TECSA BH201 BT HEADSET	35.00	95.00	1	None	t	1	6236758632413	2	1
535	Superfine Nib Touch Pen	30000012	Superfine Nib Touch Pen	18.00	95.00	3	None	t	0	30000012	2	1
536	HOCO CAT EAR W42	6931474795861	HOCO CAT EAR W42	45.00	190.00	1	None	t	1	6931474795861	2	1
538	HEADSET WIRLESS	305541890005	HEADSET WIRLESS	30.00	150.00	1	None	t	1	305541890005	2	1
539	SHIVOX Notebook Power Adapter	202009200001	SHIVOX Notebook Power Adapter	20.00	80.00	15	None	t	0	202009200001	2	1
540	MEETION MT-BTH011	6970344734883	MEETION MT-BTH011	90.00	200.00	1	None	t	1	6970344734883	2	1
542	MIICAM Universal Adapter	6920484370489	MIICAM Universal Adapter	25.00	80.00	16	None	t	0	6920484370489	2	1
543	WIRLESS HEADSET	6932391925478	WIRLESS HEADSET	115.00	180.00	1	None	t	1	6932391925478	2	1
544	GAMING HEADSET K1B	6972470560039	GAMING HEADSET K1B	38.00	180.00	2	None	t	1	6972470560039	2	1
545	MEETION C490 4 IN 1 PC GAMING KIT	6970344731622	MEETION C490 4 IN 1 PC GAMING KIT	50.00	140.00	2	None	t	1	6970344731622	2	1
546	GAMING HEASET KI8	6972470560053	GAMING HEASET KI8	38.00	180.00	1	None	t	1	6972470560053	2	1
547	Power Adapter 5V 2A	2000005V	Power Adapter 5V 2A	10.00	45.00	5	None	t	0	2000005V	2	1
548	GAMING HEADSET KRPS-5	305541800059	GAMING HEADSET KRPS-5	36.00	150.00	1	None	t	1	305541800059	2	1
549	LCD CLEANING LIQUID	6953596210169	LCD CLEANING LIQUID	6.00	40.00	24	None	t	1	6953596210169	2	1
550	GAMING HEADSET M180	500000111	GAMING HEADSET M180	32.00	95.00	1	None	t	1	500000111	2	1
551	GAMING HEADSET GM 021	305541800219	GAMING HEADSET GM 021	32.00	150.00	3	None	t	1	305541800219	2	1
36	RGB LED Softring Light - MJ36	12345678906	RGB LED Softring Light - MJ36	46.00	76.00	2	None	t	1	2902507904219	5	1
553	12V 3A ADPATER	80000011	12V 3A ADPATER	15.00	60.00	15	None	t	1	80000011	2	1
554	Ugreen CAT 6 Ethert Cable 10M	6957303821648	Ugreen CAT 6 Ethert Cable 10M	12.00	95.00	21	None	t	0	6957303821648	4	1
555	12V 5A ADPATER	80000012	12V 5A ADPATER	20.00	200.00	19	None	t	1	80000012	2	1
556	LOGITECH H390 HEADSET	5099206030015	GAMING HEADSET K20	88.00	150.00	6	None	t	1	5099206030015	2	1
557	DLINK AX 3000 Mesh Gigabyte Wireless Router WiFi 6	201700001575	DLINK AX 3000 Mesh Gigabyte Wireless Router WiFi 6	134.00	250.00	2	None	t	0	201700001575	4	1
559	DLINK 4G LTE SIM Router	790069462337	DLINK 4G LTE SIM Router\r\nModel TWR - 960	165.00	250.00	5	None	t	0	790069462337	4	1
560	HP CATRIDGE 653 BLK	193905429493	HP CATRIDGE 653 BLK	47.00	75.00	2	None	t	1	193905429493	3	1
558	LOGITECH H340 HEADSET	5099206038844	LOGITECH H340 HEADSET	70.00	140.00	10	None	t	1	5099206038844	2	1
561	HP CATRIDGE 653 CLR	193905429479	HP CATRIDGE 653 CLR	42.00	90.00	1	None	t	1	193905429479	3	1
562	LOGITECH H151 HEADSET	5099206057333	LOGITECH H151	45.00	100.00	2	None	t	1	5099206057333	2	1
563	TP Link AC1200 Wireless Access Point 12 Bank Gigabyte Port	693536484035	TP Link AC1200 Wireless Access Point 12 Bank Gigabyte Port\r\nModel TL - WA1201	130.00	250.00	2	None	t	0	693536484035	4	1
564	HP CATRIDGE 305BLK	193905429240	HP CATRIDGE 305BLK	36.00	95.00	10	None	t	1	193905429240	3	1
566	HP CATRIDGE 305 CLR	193905429219	HP CATRIDGE 305 CLR	36.00	95.00	10	None	t	1	193905429219	3	1
537	TP LINK ARCHER C20 AC750	6935364080730	TP LINK ARCHER C20 AC750	60.00	150.00	13	None	t	1	6935364080730	4	1
565	LOGITECH H111 HEADSET	5099206057340	LOGITECH H111 HEADSET	28.00	120.00	3	None	t	1	5099206057340	2	1
567	HP CATRIDGE 903 MAGENTA	889894728814	HP CATRIDGE 903 MAGENTA	35.00	80.00	1	None	t	1	889894728814	3	1
568	DLINK 1.5M  HDMI CABLE	790169001115	DLINK 1.5M  HDMI CABLE	20.00	65.00	4	None	t	1	790169001115	4	1
569	HP CATRIDGE 903 YELLOW	889894728845	HP CATRIDGE 903 YELLOW	34.00	80.00	1	None	t	1	889894728845	3	1
570	HP CATRIDGE 903 CYAN	889894728784	HP CATRIDGE 903 CYAN	34.00	80.00	1	None	t	1	889894728784	3	1
571	DLINK 1.8M  HDMI CABLE	790169001122	DLINK 1.8M  HDMI CABLE	21.00	75.00	4	None	t	1	790169001122	2	1
572	TP Link AC 750 Dual Band WiFi 4G LTE SIM Router	6935364092740	TP Link AC 750 Dual Band WiFi 4G LTE SIM Router\r\nModel Archer MR 200	200.00	395.00	1	None	t	0	6935364092740	4	1
573	HP CATRIDGE 963 CYAN	192545866347	HP CATRIDGE 963 CYAN	67.00	120.00	1	None	t	1	192545866347	3	1
574	DLINK 3M  HDMI CABLE	790169001139	DLINK 3M  HDMI CABLE	25.00	95.00	4	None	t	1	790169001139	2	1
575	BROTHER LC53XLC	4977766731379	BROTHER LC53XLC	30.00	80.00	1	None	t	1	4977766731379	3	1
576	DLINK 5M  HDMI CABLE	790169001146	DLINK 5M  HDMI CABLE	29.00	130.00	3	None	t	1	790169001146	2	1
578	HP CATRIDGE 912 YELLOW	192545866781	HP CATRIDGE 912 YELLOW	32.00	90.00	1	None	t	1	192545866781	3	1
581	HP 652 COLOR CATRIDGE	889296160908	HP 652 COLOR CTRIDGE	42.00	70.00	3	None	t	0	889296160908	3	1
580	HP CATRIDGE 912 CYAN	192545866705	HP CATRIDGE 912 CYAN	32.00	90.00	1	None	t	1	192545866705	3	1
582	HP CATRIDGE 912 MAGENTA	192545866743	HP CATRIDGE 912 MAGENTA	32.00	90.00	1	None	t	1	192545866743	3	1
588	HP CATRIDGE 953XL BLK	725184104183	HP CATRIDGE 953XL BLK	185.00	250.00	2	None	t	0	725184104183	3	1
584	HP CATRIDGE 953XL CYAN	725184104091	HP CATRIDGE 953XL CYAN	130.00	150.00	1	None	t	1	725184104091	3	1
585	HP CATRIDGE 953XL YELLOW	725184104152	HP CATRIDGE 953XL YELLOW	130.00	150.00	1	None	t	1	725184104152	3	1
587	HP CATRIDGE 953XL MAGENTA	725184104121	HP CATRIDGE 953XL MAGENTA	130.00	150.00	1	None	t	1	725184104121	3	1
589	HP 903XL MAGENTA CATRIDGE	889894728937	HP 903XL MAGENTA CATRIDGE	70.00	169.00	2	None	t	1	889894728937	3	1
590	HP 903XL CYAN CATRIDGE	889894728906	HP 903XL CYAN CATRIDGE	70.00	200.00	2	None	t	1	889894728906	3	1
591	HP CATRIDGE 951XL BLK	886111748914	HP CATRIDGE 951XL BLK	182.00	260.00	1	None	t	0	886111748914	3	1
586	HP 903XL YELLOW CATRIDGE	889894728968	HP 903XL BLACK CATRIDGE	70.00	160.00	2	None	t	1	889894728968	3	1
592	HP CATRIDGE 951XL MAGENTA	886111748938	HP CATRIDGE 951XL MAGENTA	126.00	250.00	1	None	t	0	886111748938	3	1
583	HP 903XL BLACK CATRIDGE	889894728999	HP 903XL BLACK CATRIDGE	140.00	220.00	2	None	t	1	889894728999	3	1
593	HP CATRIDGE 951XL CYAN	886111748921	HP CATRIDGE 951XL CYAN	126.00	250.00	1	None	t	0	886111748921	3	1
594	HP CATRIDGE 951XL YELLOW	886111748945	HP CATRIDGE 951XL YELLOW	126.00	250.00	1	None	t	0	886111748945	3	1
595	HP 963XL BLACK CATRIDGE	192545866620	HP 963XL BLACK CATRIDGE	148.00	200.00	1	None	t	1	192545866620	3	1
596	HP 963XL YELLOW CATRIDGE	192545866583	HP 963XL YELLOW CATRIDGE	140.00	200.00	1	None	t	1	192545866583	3	1
597	HP 963XL MAGENTA CATRIDGE	192545866545	HP 963XL MAGENTA CATRIDGE	140.00	200.00	1	None	t	1	192545866545	3	1
598	HP CATRIDGE 912XL BLK	192545866989	HP CATRIDGE 912XL BLK	119.00	190.00	1	None	t	0	192545866989	3	1
599	HP 963XL CYAN CATRIDGE	192545866507	HP 963XL CYAN CATRIDGE	140.00	200.00	1	None	t	1	192545866507	3	1
600	HP CATRIDGE 912XL MAGENTA	192545866903	HP CATRIDGE 912XL MAGENTA	65.00	120.00	1	None	t	0	192545866903	3	1
601	CANON PIXMA 440 BLACK	4960999782362	CANON PIXMA 445 BLACK	43.00	85.00	10	None	t	1	4960999782362	3	1
602	CANON PIXMA 441 COLOUR	4960999782386	CANON PIXMA 441 COLOUR	50.00	105.00	9	None	t	1	4960999782386	3	1
603	CANON PIXMA 446 COLOUR	4960999974484	CANON PIXMA 446 COLOUR	44.00	80.00	6	None	t	1	4960999974484	3	1
604	CANON PIXMA 445,446 COMBO	8714574679587	CANON PIXMA 445,446 COMBO	85.00	110.00	2	None	t	1	8714574679587	3	1
165	UNITEK 1 METER HDMI CONVERSION CABLE FOR MOBILE	4894160041722	UNITEK 1 METER HDMI CONVERSION CABLE FOR MOBILE	40.00	120.00	3	None	t	1	2902507052064	2	1
65	Wireless Mouse Pad	AM-MOUSE-001	Ergonomic wireless charging mouse pad	15.00	25.00	50	None	t	6	2902507637537	11	1
607	VENTION 10 METER CAT8 SFTP PATCH CABLE	6922794742864	VENTION 10 METER CAT8 SFTP PATCH CABLE	36.00	95.00	5	None	t	1	2902507863042	4	1
608	GAMING MIC MC20	6970344732872	GAMING MIC MC20	85.00	190.00	1	None	t	0	6970344732872	2	1
609	GAMING VERTICAL MOUSE	6970344731851	GAMING VERTICAL MOUSE	30.00	95.00	1	None	t	0	6970344731851	2	1
610	MEETION KB015 ONE HANDED KEYBOARD	6970344732216	MEETION KB015 ONE HANDED KEYBOARD	35.00	230.00	1	None	t	0	6970344732216	2	1
611	MECHANICAL KEYBOARD SLIM	6970344731769	MEETION KB015 ONE HANDED KEYBOARD	165.00	380.00	1	None	t	0	6970344731769	2	1
612	MEETION K9000 GAMING KEYBOARD	6970344732650	MEETION KB015 ONE HANDED KEYBOARD	35.00	130.00	1	None	t	0	6970344732650	2	1
613	HOCO L15 WIRLESS MICROPHONE IP	6931474789020	HOCO L15 WIRLESS MICROPHONE IP	45.00	120.00	1	None	t	0	6931474789020	2	1
614	HOCO L15 WIRLESS MICROPHONE TYPE C	6931474789037	HOCO L15 WIRLESS MICROPHONE TYPE C	45.00	120.00	1	None	t	0	6931474789037	5	1
615	HOCO DUAL MIC WIRLESS L17	6942007645997	HOCO DUAL MIC WIRLESS L17	100.00	250.00	1	None	t	0	6942007645997	5	1
616	NUMBER PAD	6966199508595	NUMBER PAD	15.00	85.00	1	None	t	0	6966199508595	2	1
617	NOKIA CAR HOLDER	6438409033550	NOKIA CAR HOLDER	37.00	95.00	2	None	t	0	6438409033550	5	1
618	MEETION MAT LONGER GAME MOUSEPAD P100	6970344731394	MEETION MAT LONGER GAME MOUSEPAD P100	22.00	95.00	4	None	t	1	6970344731394	2	1
619	MEETION MT-C011 GAME MOUSE+PAD	6970344732513	MEETION MT-C011 GAME MOUSE+PAD	39.00	95.00	3	None	t	1	6970344732513	2	1
620	HAVIT SK210 MINI PRO RGB LIGHT STEREO ELECTRONIC SPORTS SPEAKER	6939119040260	HAVIT SK210 MINI PRO RGB LIGHT STEREO ELECTRONIC SPORTS SPEAKER	21.00	65.00	2	None	t	1	6939119040260	2	1
621	HOCO K23 360 ROTATION TRACKING SHOT	6942007631273	HOCO K23 360 ROTATION TRACKING SHOT	120.00	350.00	1	None	t	1	6942007631273	5	1
622	SELFIE STICK R1-L	20000231	SELFIE STICK R1-L	14.00	80.00	1	None	t	1	20000231	5	1
623	HOCO GM35 MAGNETIC SILENT TRANSPARENT COVER MOUSE	6942007643993	HOCO GM35 MAGNETIC SILENT TRANSPARENT COVER MOUSE	35.00	110.00	1	None	t	1	6942007643993	2	1
624	PLOKAMA LIVE -K8 BROADCAST STAND	6901771470181	PLOKAMA LIVE-K8 BROADCAST STAND	20.00	90.00	1	None	t	1	6901771470181	5	1
626	XTRIKE ME SK-612 STEREO SOUND 2.1 MULTIMEDIA SPEAKER	6932391928493	XTRIKE ME SK-612 STEREO SOUND 2.1 MULTIMEDIA SPEAKER	43.00	110.00	1	None	t	1	6932391928493	2	1
627	XTRIKE ME SK-406 STEREO SOUND 2.0 GAMING SOUNDBAR	6932391928479	XTRIKE ME SK-406 STEREO SOUND 2.0 GAMING SOUNDBAR	27.00	95.00	2	None	t	1	6932391928479	2	1
629	HP TYPE C 90W ADAPTER	2000016256	HP TYPE C 90W ADAPTER	80.00	180.00	1	None	t	0	2000016256	2	1
630	XTRIKE ME GM-110 ERGONOMIC BACKLIT GAMING MOUSE	6932391930632	XTRIKE ME GM-110 ERGONOMIC BACKLIT GAMING MOUSE	18.00	55.00	1	None	t	1	6932391930632	2	1
658	CANON 450 PGBK	4960999904597	CANON 450 PGBK	36.00	75.00	0	None	t	0	4960999904597	3	1
640	DELL 19.5V 6.67A BIG PIN CHARGER	800002	DELL 19.5V 6.67A BIG PIN CHARGER	110.00	380.00	3	None	t	0	800002	2	1
635	HP WS10 MULTIMEDIA SPEAKER	6940252364724	HP WS10 MULTIMEDIA SPEAKER	39.00	120.00	3	None	t	1	6940252364724	2	1
637	DELL TYPE C 130W CHARGER	800001	DELL TYPE C 130W CHARGER	110.00	270.00	2	None	t	0	800001	2	1
638	DELL 19.5V 9.23A POWER ADAPTER	800003	DELL 19.5V 9.23A POWER ADAPTER	110.00	380.00	1	None	t	0	800003	2	1
639	DELL 19.5V 7.7A BIG PIN CHARGER	800004	DELL 19.5V 7.7A BIG PIN CHARGER	100.00	270.00	2	None	t	0	800004	2	1
641	DELL 19.5V 6.67A SMALL PIN ADAPTER	800005	DELL 19.5V 6.67A SMALL PIN ADAPTER	100.00	280.00	2	None	t	0	800005	2	1
642	MEETION M930 GAMING MOUSE	6970344731172	MEETION M930 GAMING MOUSE	20.00	70.00	1	None	t	1	6970344731172	2	1
643	MEETION GM20 GAMING MOUSE	6970344731530	MEETION GM20 GAMING MOUSE	33.00	95.00	1	None	t	1	6970344731530	2	1
644	MEETION M915 GAMING MOUSE	6970344731455	MEETION M915 GAMING MOUSE	19.00	65.00	2	None	t	1	6970344731455	2	1
645	ANKER SOUNDCORE PYRO MINI PORTABLE BLUTOOTH SPEAKER	194644175016	ANKER SOUNDCORE PYRO MINI PORTABLE BLUTOOTH SPEAKER	55.00	120.00	1	None	t	1	194644175016	5	1
552	GAMING HEADSET K20	6972470560473	GAMING HEADSET K20	36.00	150.00	3	None	t	1	6972470560473	2	1
659	CANON 451 MAGENTA	4960999905266	CANON 451 MAGENTA	32.00	90.00	3	None	t	0	4960999905266	4	1
636	HAVIT MS1029 RGB BACKLIT GAMING MOUSE	6939119067229	HAVIT MS1029 RGB BACKLIT GAMING MOUSE	20.00	65.00	4	None	t	1	6939119067229	2	1
646	MEETION M975 GAMING MOUSE	6970344731462	MEETION M975 GAMING MOUSE	45.00	95.00	2	None	t	1	6970344731462	2	1
647	MEETION M371 GAMING MOUSE	6970344731257	MEETION M371 GAMING MOUSE	14.00	55.00	3	None	t	1	6970344731257	2	1
628	XTRIKE ME GM-217 LIGHTWEIGHT WIRED GAMING MOUSE	6932391932193	XTRIKE ME GM-217 LIGHTWEIGHT WIRED GAMING MOUSE	20.00	55.00	3	None	t	1	6932391932193	2	1
648	MEETION M940 GAMING MOUSE	6970344730922	MEETION M940 GAMING MOUSE	19.00	65.00	2	None	t	0	6970344730922	2	1
649	MEETION GM22 GAMING MOUSE	6970344731547	MEETION GM22 GAMING MOUSE	32.00	95.00	1	None	t	0	6970344731547	2	1
650	MEETION GM015 GAMING MOUSE	6970344732209	MEETION GM015 GAMING MOUSE	33.00	95.00	2	None	t	0	6970344732209	2	1
651	MEETION MT-C4130 WIRLESS COMBO	6970344733626	MEETION MT-C4130 WIRLESS COMBO	30.00	130.00	1	None	t	0	6970344733626	2	1
652	MEETION C4120 WIRLESS COMBO	6970344733367	MEETION C4120 WIRLESS COMBO	30.00	95.00	1	None	t	0	6970344733367	2	1
654	TV WALL BRACKET	4047443308436	TV WALL BRACKET	15.00	100.00	3	None	t	0	4047443308436	2	1
655	TV WALL BRACKET PINK	40000023	TV WALL BRACKET PINK	150.00	350.00	1	None	t	0	40000023	2	1
656	DELL CORE I7 14TH GEN 7020 NEW	5000000482	DELL CORE I7 14TH GEN 7020 NEW 8GB RAM/512GB SSD	2200.00	2450.00	1	None	t	1	5000000482	2	1
657	NORDON 305M CABLE BOX	120-11001104GY	NORDON 305M CABLE	385.00	550.00	1	None	t	0	120-11001104GY	2	1
625	DELL CHARGER 19.5V 4.62A POWERGO	1000012	DELL CHARGER 19.5V 4.62A POWERGO	15.00	90.00	18	None	t	0	2902507602672	2	1
660	CANON 451 YELLOW	4960999904634	CANON 451 YELLOW	32.00	90.00	2	None	t	0	4960999904634	3	1
661	CANON 451 CYAN	4960999905259	CANON 451 CYAN	32.00	110.00	2	None	t	0	4960999905259	4	1
662	CANON 481 CYAN	4549292086607	CANON 481 CYAN	32.00	70.00	5	None	t	0	4549292086607	4	1
663	CANON 481 BLACK	4549292086584	CANON 481 BLACK	33.00	80.00	9	None	t	0	4549292086584	3	1
664	CANON 481 YELLOW	4549292086638	CANON 481 YELLOW	32.00	70.00	3	None	t	0	4549292086638	3	1
665	CANON 481 MAGENTA	4549292086621	CANON 481 MAGENTA	32.00	70.00	3	None	t	0	4549292086621	3	1
666	CANON 48O PGBK	4549292086560	CANON 48O PGBK	36.00	75.00	1	None	t	0	4549292086560	3	1
634	HP BLUEPIN 19.5V 3.33A 65W ADAPTER	200001625	HP BLUEPIN 19.5V 3.33A 65W ADAPTER	50.00	170.00	2	None	t	0	2902507058578	2	1
698	PUBG Triger LX	12345678960	PUBG Triger LX	8.00	25.00	7	None	t	0	\N	5	1
668	Canon 445blk	4960999974460	Canon 445blk	42.00	90.00	5	None	t	0	2902507793554	3	1
670	Canon Pixma 490 Magenta	4549292041767	Canon Pixma 490 Magenta	22.00	90.00	2	None	t	0	2902507490958	3	1
676	Epson 103 Cyan	8715946655857	Epson 103 Cyan	29.00	90.00	0	products/Epson_103_Cyan.png	t	0	2902507992346	3	1
677	Epson 103 Blk	8715946655840	Epson 103 Blk	29.00	90.00	0	None	t	0	2902507896286	3	1
703	A1923G9 Apple Magnetic Charges to USB 1M	4549995053371	A1923G9 Apple Magnetic Charges to USB 1M	75.00	150.00	1	None	t	0	\N	5	1
675	Brother BT 5000 Magenta	4977766748148	Brother BT 5000 Magenta	25.00	90.00	1	None	t	0	2902507799280	3	1
699	WASP Gaming Finger Sleeve	12345678961	WASP Gaming Finger Sleeve	2.50	10.00	5	None	t	0	\N	5	1
710	Canon Pixma 41 Yellow	4549292169805	Canon Pixma 41 Yellow	25.00	60.00	5	None	t	0	\N	3	1
746	HP 207A Magenta	193905265169	HP 207A Magenta	242.00	350.00	1	None	t	0	\N	3	1
730	Brother LC3719XL C	4977766767767	Brother LC3719XL C	54.00	70.00	1	None	t	0	\N	3	1
674	Brother BT 5000 Cyan	4977766748131	Brother BT 5000 Cyan	25.00	90.00	1	None	t	0	2902507616716	3	1
758	Canon 069 Magenta	4549292196719	Canon 069 Magenta	278.00	400.00	0	None	t	0	\N	3	1
678	Epson 103 Yellow	8715946655871	Epson 103 Yellow	29.00	90.00	0	None	t	0	2902507396120	3	1
738	Epson LQ-300/350/S015633	8715946522081	Epson LQ-300/350/S015633	12.00	60.00	0	None	t	0	\N	3	1
744	SOFTWARE UPDATE	800000B	SOFTWARE UPDATE	0.00	100.00	150	None	t	0	\N	1	1
681	HP PROBOOK CORE I7 16GB RAM 256GB SSD 512GB NVME 1 MONTH MOTHERBOARD/ 1YEAR NVME WARRANTY	200000PROBOOK	HP PROBOOK CORE I7 16GB RAM 256GB SSD 512GB NVME 1 MONTH MOTHERBOARD/ 1YEAR NVME WARRANTY	770.00	950.00	1	None	t	0	200000PROBOOK	7	1
680	LIGHT RING	20000RING	LIGHT RING	40.00	100.00	1	None	t	0	2902507258206	5	1
682	DELL LAPTOP LATITUD 3510 CORE I5 10TH GEN 8/256	70000001	DELL LAPTOP LATITUD 3510 CORE I5 10TH GEN 8/256	720.00	1250.00	2	None	t	0	70000001	7	1
683	DELL LATITUD 5400 CORE I5 8GB RAM/256GB SSD 13INCH	2000005400	DELL LATITUD 5400 CORE I5 8GB RAM/256GB SSD 13INCH	550.00	850.00	2	None	t	0	2000005400	7	1
684	DELL LATITUD 5300 CORE I5 8GB RAM/256GB SSD 13INCH TOUCH SCREEN	200005300touch	DELL LATITUD 5300 CORE I5 8GB RAM/256GB SSD 13INCH TOUCH SCREEN	590.00	950.00	1	None	t	0	200005300touch	7	1
685	DELL LATITUD 7420 CORE I5 11TH GEN 16GB RAM/256GB SSD 13INCH TOUCH SCREEN	2000007420	DELL LATITUD 7420 CORE I5 11TH GEN 16GB RAM/256GB SSD 13INCH TOUCH SCREEN	860.00	1300.00	5	None	t	0	2000007420	7	1
686	DELL 3561 CORE I7 11TH GEN 16GB RAM/512GB SSD 15.6INCH	200003561	DELL 3561 CORE I7 11TH GEN 16GB RAM/512GB SSD 15.6 INCH	1620.00	1950.00	4	None	t	0	200003561	7	1
687	DELL LATITUDE 5420 CORE I5 11TH GEN 16GB RAM/512GB SSD 14 INCH	2000002650	DELL LATITUDE 5420 CORE I5 11TH GEN 16GB RAM/512GB SSD 14 INCH	830.00	1250.00	4	None	t	0	2000002650	7	1
750	HP 203A Magenta	190781107118	HP 203A Magenta	254.00	350.00	0	None	t	0	\N	3	1
766	UPC World TN273 Compatible Yellow	UW101968	UPC TN273 Compatible  Yellow	22.00	150.00	0	None	t	0	\N	3	1
768	UPCWorld TN273 Compatible Magenta	UW101969	UPC TN273 Compatible  Magenta	22.00	150.00	0	None	t	0	\N	3	1
770	UPC 131A Compatable Magenta	UPC01055	UPC 131A Compatable Magenta	22.00	150.00	0	None	t	0	\N	3	1
713	Canon Maxify 1400XL Yellow	4549292004014	Canon Maxify 1400XL Yellow	46.00	80.00	0	None	t	0	\N	3	1
714	Hp GT52 Yellow	889296713135	Hp GT52 Yellow	29.00	70.00	0	None	t	0	\N	3	1
722	Epson 003 Magenta	8906049013181	Epson 003 Magenta	23.00	50.00	0	None	t	0	\N	3	1
724	Epson 003 Yellow	8906049013198	Epson 003 Yellow	23.00	50.00	0	None	t	0	\N	3	1
726	Epson 664 Blk	8906049010210	Epson 664 Blk	20.00	60.00	0	None	t	0	\N	3	1
728	Epson 664 Magenta	8906049010234	Epson 664 Magenta	20.00	60.00	0	None	t	0	\N	3	1
732	Brother LC3719XL M	4977766767774	Brother LC3719XL M	54.00	70.00	1	None	t	0	\N	3	1
760	Canon 069 Blk	4549292196771	Canon 069 Blk	235.00	350.00	1	None	t	0	\N	3	1
740	Brother LC472M	4977766816465	Brother LC472M	41.00	90.00	0	None	t	0	\N	3	1
742	Brother LC472Y	4977766816472	Brother LC472Y	41.00	90.00	0	None	t	0	\N	3	1
748	HP 17A BLK	889894797407	HP 17A	235.00	350.00	0	None	t	0	\N	3	1
752	HP 410A Magenta	888793807538	HP 410A Magenta	410.00	520.00	0	None	t	0	\N	3	1
754	HP 410 Cyan	888793807514	HP 410 Cyan	405.00	520.00	0	None	t	0	\N	3	1
756	Brother TN2305 Blk	4977766738156	Brother 2305 Blk	100.00	190.00	0	None	t	0	\N	3	1
762	Canon 067 Cyan	4549292187533	Canon 067 Cyan	210.00	300.00	0	None	t	0	\N	3	1
764	Canon 731 Magenta	4960999904702	Canon 731 Magenta	180.00	290.00	0	None	t	0	\N	3	1
673	Brother BT D60 blk	4977766786324	Brother BT D60 blk	28.00	95.00	1	None	t	0	2902507286698	3	1
688	DELL LATITUDE 3490 CORE I5 8TH GEN 8GB RAM/256GB SSD 14 INCH	200003490	DELL LATITUDE 3490 CORE I5 8TH GEN 8GB RAM/256GB SSD 14 INCH	525.00	850.00	5	None	t	0	200003490	7	1
769	UPC World TN273 Compatible Cyan	UW101967	UPC TN273 Compatible Cyan	22.00	150.00	0	None	t	0	\N	3	1
700	Apple Ear Pod A1472	190198107077	Apple Ear Pod A1472	43.00	90.00	1	None	t	0	\N	5	1
772	UPC 131A Compatable Cyan	UPC01053	UPC 131A Compatable Cyan	22.00	150.00	0	None	t	0	\N	3	1
690	A2257 MAGNETIC CHARGER TO USB C 1M	190199291317	A2257 MAGNETIC CHARGER TO USB C 1M	73.00	130.00	1	None	t	0	190199291317	5	1
689	A 2140 MAGNETIC CHARGER TO USB -C CABLE 1M	194252192450	A 2140 MAGNETIC CHARGER TO USB -C CABLE 1M	75.00	150.00	1	None	t	0	194252192450	5	1
691	APPLE A2676 DUAL USB C PORT 35W POWER ADAPTER	194253337324	APPLE A2676 DUAL USB C PORT 35W POWER ADAPTER	90.00	160.00	1	products/APPLE_A2676_DUAL_USB_C_PORT.png	t	0	2902507126338	5	1
704	Canon 2400XL Black	4549292004830	Canon 2400XL Black	95.00	130.00	0	None	t	0	\N	3	1
500	Dell KM33 2W Wireless Combo Keyboard and Mouse	884116416593	Dell KM33 2W Wireless Combo Keyboard and Mouse	65.00	150.00	32	products/Dell_KM33_Kv7GjRn.png	t	0	2902507808005	2	1
711	POST COVER SMALL	20000POSTCOVER	POST COVER SMALL 100 PCS	8.00	12.00	4	None	t	0	\N	4	1
709	Canon Pixma 41 cyan	4549292169768	Canon Pixma 41 cyan	25.00	65.00	3	None	t	0	\N	3	1
725	Epson 664 Yellow	8906049010241	Epson 664 Yellow	20.00	60.00	3	None	t	0	\N	3	1
739	Brother LC472BK	4977766816441	Brother LC472BK	47.00	100.00	0	None	t	0	\N	3	1
743	MOTHER BOARD REPAIR	800000A	MOTHER BOARD REPAIR	0.00	300.00	150	None	t	0	\N	1	1
757	Brother TN273 BK	4977766791243	Brother TN273 BK	210.00	270.00	0	None	t	0	\N	3	1
761	Canon 069 Cyan	4549292196740	Canon 069 Cyan	278.00	400.00	0	None	t	0	\N	3	1
779	Reliable 131A Compatble Yellow	12345678984	Reliable 131A Compatable Yellow	25.00	150.00	0	None	t	0	\N	3	1
783	Reliable 201A Yellow	200004	Reliable 201A Yellow	30.00	150.00	0	None	t	0	\N	3	1
784	Reliable 201A Magenta	200006	Reliable 201A Magenta	30.00	150.00	0	None	t	0	\N	3	1
715	Hp GT53 Blk	192545527569	Hp GT52 Blk	30.00	70.00	0	None	t	0	\N	3	1
716	Hp GT52 Magenta	889296713128	Hp GT52 Magenta	29.00	70.00	0	None	t	0	\N	3	1
719	Epson 101 Blk	8715946643380	Epson 101 Blk	50.00	90.00	0	None	t	0	\N	3	1
721	Epson 003 Blk	8906049013167	Epson 003 Blk	25.00	50.00	0	None	t	0	\N	3	1
723	Epson 003 Cyan	8906049013174	Epson 003 Cyan	23.00	50.00	0	None	t	0	\N	3	1
727	Epson 664 Cyan	8906049010227	Epson 664 Cyan	20.00	60.00	0	None	t	0	\N	3	1
729	Brother LC3719XL BK	4977766767750	Brother LC3719XL BK	70.00	90.00	0	None	t	0	\N	3	1
731	Brother LC3719XL Y	4977766767781	Brother LC3719XL Y	54.00	70.00	0	None	t	0	\N	3	1
733	Brother LC3717BK	4977766767712	Brother LC3719XBK	36.00	90.00	0	None	t	0	\N	3	1
735	Brother LC3717M	4977766767736	Brother LC3717M	26.00	90.00	0	None	t	0	\N	3	1
741	Brother LC472C	4977766816458	Brother LC472C	41.00	90.00	0	None	t	0	\N	3	1
747	HP 415A BLK	192018046344	HP 415A BLK	280.00	350.00	0	None	t	0	\N	3	1
749	HP 83A BLK	886112397692	HP 83A BLK	230.00	350.00	0	None	t	0	\N	3	1
751	HP 203A Yellow	190781107101	HP 203A Yellow	254.00	350.00	0	None	t	0	\N	3	1
753	HP 410A Yellow	888793807521	HP 410A Yellow	410.00	520.00	0	None	t	0	\N	3	1
755	Brother TN2405 Blk	4977766795340	Brother 2405 Blk	103.00	280.00	0	None	t	0	\N	3	1
759	Canon 069 Yellow	4549292196689	Canon 069 Yellow	278.00	400.00	0	None	t	0	\N	3	1
763	Canon 731 Yellow	4960999904665	Canon 731  Yellow	180.00	290.00	0	None	t	0	\N	3	1
765	Canon 731 Cyan	4960999904733	Canon 731 Cyan	180.00	290.00	0	None	t	0	\N	3	1
767	UPC World TN273 Compatible Blk	UW101966	UPC TN273 Compatible  Blk	22.00	150.00	0	None	t	0	\N	3	1
771	UPC 131A CompatableYellow	UPC01054	UPC 131A Compatable Yellow	22.00	150.00	0	None	t	0	\N	3	1
773	UPC 131A Compatable BlkUPC01052	UPC01052	UPC 131A Compatable Blk	22.00	150.00	0	None	t	0	\N	3	1
774	UP TN273 Magenta	UP8000055	UP TN273 Magenta	23.00	150.00	0	None	t	0	\N	3	1
775	Multicolour 131A Compatable Cyan	12345678980	Multicolour 131A Compatable Cyan	30.00	150.00	0	None	t	0	\N	3	1
776	Multicolour 131A Compatable Blk	12345678981	Multicolour 131A Compatable Blk	33.00	150.00	0	None	t	0	\N	3	1
777	Multicolour 131A Compatable Yellow	12345678982	Multicolour 131A Compatable Yellow	30.00	150.00	0	None	t	0	\N	3	1
778	Reliable 131A Compatble Magenta	12345678983	Reliable 131A Compatable Magenta	25.00	150.00	0	None	t	0	\N	3	1
780	Reliable 131A Compatable Cyan	12345678985	Reliable 131A Compatable Cyan	25.00	150.00	0	None	t	0	\N	3	1
782	Reliable 201A Cyan	200005	Reliable 201A Cyan	30.00	150.00	0	None	t	0	\N	3	1
786	Multicolour 201A Compatable Magenta	6942552392247	Multicolour 201A Compatable  Magenta	33.00	150.00	0	None	t	0	\N	3	1
787	Multicolour 201A Compatable Cyan	12345678986	Multicolour 201A Compatable Cyan	33.00	150.00	0	None	t	0	\N	3	1
781	Reliable MLT- D101 Blk	200003	Reliable MLT- D101 Blk	25.00	150.00	0	None	t	0	200003	3	1
785	Multicolour 201A Compatable Yellow	6942552392230	Multicolour 201A Compatable	33.00	150.00	0	None	t	0	\N	3	1
788	Elle 201A Compatable Cyan	12345678987	Elle 401A Cyan	15.00	150.00	0	None	t	0	\N	3	1
789	Golden Star TN2405 Compatable Blk	6936904789397	Golden Star TN2405 Compatable Blk	22.00	150.00	0	None	t	0	\N	3	1
790	4X 201A Compatable Blk	12345678988	4X 201A Compatable Blk	20.00	150.00	0	None	t	0	\N	3	1
791	UPC World Compatable  406 Blk	UW100270	UPC World Compatable  406 Blk	45.00	110.00	0	None	t	0	\N	3	1
712	Canon Pixma 41 Magenta	4549292169782	Canon Pixma 41 Magenta	25.00	75.00	0	None	t	0	\N	3	1
679	Epson 103 Magenta	8715946655864	Epson 103 Magenta	29.00	90.00	0	None	t	0	2902507428678	3	1
737	Epson LQ-590 / S015337	010343605480	Epson LQ-590	20.00	80.00	0	None	t	0	\N	3	1
795	Sony 19V 4.7A 6.5MM 4.4MM Adapter	123456789103	Sony 19V 4.7A 6.5MM 4.4MM Adapter	15.00	65.00	0	None	t	0	\N	2	1
797	UPC World 410 Magenta	UW100074	UPC World 410 Magenta	22.00	150.00	0	None	t	0	\N	3	1
798	UPC World 410 Blk	UW100071	UPC World 410 Blk	22.00	150.00	0	None	t	0	\N	3	1
667	CANON Maxify 1400XL CYAN	4549292003994	CANON 1400 XL CYAN	46.00	80.00	0	None	t	0	4549292003994	3	1
792	Asus 19V 2.37A 4.0MM 1.35MM Adapter	123456789101	Asus 19V 2.37A 4.0MM 1.35MM Adapter	15.00	60.00	0	None	t	0	\N	2	1
813	4x 410A Cyan	200000410C	4x 410A Cyan	25.00	150.00	0	None	t	0	\N	3	1
814	4x 410 Magenta	200000410M	4x 410 Magenta	25.00	150.00	0	None	t	0	\N	3	1
717	Hp GT52 Cyan	889296713111	Hp GT52 Cyan	29.00	990.00	0	None	t	0	\N	3	1
802	Asus 19V 3.42A 3.0MM 1.1MM Adapter	123456789107	Asus 19V 3.42A 3.0MM 1.1MM Adapter	15.00	65.00	8	None	t	0	\N	2	1
815	4x 410A Yellow	20000410YELLOW	4x 410A Yellow	25.00	150.00	0	None	t	0	\N	3	1
803	Asus 19V 3.42A 5.5MM 2.5MM Adapter	123456789108	Asus 19V 3.42A 5.5MM 2.5MM Adapter	15.00	65.00	0	None	t	0	\N	2	1
806	Dell 19.5V 3.34A 4.5MM 3.0MM Adapter	123456789111	Dell 19.5V 3.34A 4.5MM 3.0MM Adapter	15.00	65.00	13	None	t	0	\N	2	1
808	Epson LQ-690	8715946430393	Epson LQ-690	30.00	65.00	0	None	t	0	\N	3	1
807	Dell 19.5V 4.62A 7.4MM 5.0MM Adapter	123456789112	Dell 19.5V 4.62A 7.4MM 5.0MM Adapter	15.00	65.00	14	None	t	0	\N	2	1
816	4X 117A MAGENTA	200009	4X 117A MAGENTA	35.00	150.00	0	None	t	0	\N	3	1
809	Hp  Blue Pin19.5V 3.33A 4.5MM 3.0MM Adapter	123456789113	Hp  Blue Pin19.5V 3.33A 4.5MM 3.0MM Adapter	15.00	65.00	18	None	t	0	\N	2	1
810	Hp 19V 4.74A 7.4MM 5.0MM Adapter	123456789114	Hp 19V 4.74A 7.4MM 5.0MM Adapter	15.00	65.00	8	None	t	0	\N	2	1
811	Lenovo 20V 2.54A Type C Adapter	123456789115	Lenovo 20V 2.54A Type C Adapter	15.00	65.00	2	None	t	0	\N	2	1
817	4X 117A YELLOW	200010	4X 117A YELLOW	35.00	150.00	0	None	t	0	\N	3	1
800	Lenovo 20V 3.25A 5.5MM 2.5MM Adapter	123456789105	Lenovo 20V 3.25A 5.5MM 2.5MM Adapter	15.00	65.00	0	None	t	0	\N	2	1
812	Lenovo 20V 3.25A Type C 65W Adapter	123456789116	Lenovo 20V 3.25A Type C 65W Adapter	40.00	110.00	6	None	t	0	\N	2	1
818	4X 117A CYAN	200008	4X 117A CYAN	35.00	150.00	0	None	t	0	\N	3	1
820	4X 117A BLK	2000013	4X 117A BLK	35.00	180.00	0	None	t	0	\N	3	1
821	UP 207A YELLOW	up8000075	UP 207A YELLOW	50.00	150.00	0	None	t	0	\N	3	1
833	Mac 60W L Type Power Adapter	2000003	Mac 60W L Type Power Adapter	65.00	130.00	5	None	t	0	\N	2	1
822	UP 207A MAGENTA	up8000076	UP 207A MAGENTA	50.00	150.00	0	None	t	0	\N	3	1
819	ASUS 20V 7.5A M SIZE PIN	20000022	ASUS 20V 7.5A M SIZE PIN	110.00	230.00	2	None	t	0	20000022	2	1
823	UP 207A CYAN	up8000074	UP 207A CYAN	50.00	150.00	0	None	t	0	\N	3	1
825	ASUS 20V 7.5A L SIZE PIN	20000020	ASUS 20V 7.5A L SIZE PIN	120.00	250.00	1	None	t	0	20000020	2	1
824	Mac T Type 45W Power Adapter	2000001	Mac T Type 45W Power Adapter	60.00	130.00	1	None	t	0	\N	2	1
826	4X 05A BLK	2000000067	4X 05A BLK	25.00	150.00	0	None	t	0	\N	3	1
827	UPC World 26A	UW100015	UPC World 26A	20.00	150.00	0	None	t	0	\N	3	1
828	Mac 14.5V 3.1A Power Adapter	1000000111	Mac 14.5V 3.1A Power Adapter	65.00	130.00	4	None	t	0	1000000111	2	1
829	ASUS 20V 9V L SIZE PIN	20000023	ASUS 20V 9V L SIZE PIN	110.00	250.00	2	None	t	0	20000023	2	1
830	Gustec 203 Yellow	20008655	Gustec 203 Yellow	15.00	150.00	0	None	t	0	\N	3	1
831	Gustec 203 Cyan	2097545	Gustec 203 Cyan	15.00	150.00	0	None	t	0	\N	3	1
832	ASUS 20V 7.7A FEMALE	20000024	ASUS 20V 7.7A FEMALE	110.00	250.00	3	None	t	0	20000024	2	1
834	Gustec 203 magenta	416893	Gustec 203 magenta	15.00	150.00	0	None	t	0	\N	3	1
835	ASUS 19.5V 11.8A FEMALE	20000025	ASUS 19.5V 11.8A FEMALE	155.00	280.00	1	None	t	0	20000025	2	1
836	UP 069 BLK	UP8000327	UP 069 BLK	22.00	150.00	0	None	t	0	\N	3	1
837	UP 069 CYAN	up8000328	UP 069 CYAN	22.00	150.00	0	None	t	0	\N	3	1
838	ASUS 20V 9.23A	20000027	ASUS 20V 9.23A	120.00	250.00	1	None	t	0	20000027	2	1
839	UP 069 YELLOW	UP8000329	UP 069 YELLOW	22.00	150.00	0	None	t	0	\N	3	1
840	ASUS 20V 14A POWER ADAPTER	20000026	ASUS 20V 14A POWER ADAPTER	200.00	320.00	1	None	t	0	20000026	2	1
804	Asus 19V 3.42A 4.5MM 3.0MM Adapter	123456789109	Asus 19V 3.42A 4.5MM 3.0MM Adapter	15.00	65.00	5	None	t	0	1000016	2	1
799	Acer 19V 3.42A 3.0MM 1.1MM Adapter	123456789104	Acer 19V 3.42A 3.0MM 1.1MM Adapter	15.00	65.00	14	None	t	0	\N	2	1
805	Toshiba 19V 3.95A 5.5MM 2.5MM Adapter	123456789110	Toshiba 19V 3.95A 5.5MM 2.5MM Adapter	15.00	65.00	16	None	t	0	\N	2	1
793	Samsung 14V 3A 6.5MM 4.4MM Adapter	123456789102	Samsung 14V 3A 6.5MM 4.4MM Adapter	18.00	65.00	3	None	t	0	\N	2	1
841	SUPER TN1000 BLK	200007	SUPER TN1000 BLK	25.00	150.00	0	None	t	0	\N	3	1
842	ASUS 20V 9A POWER ADAPTER	20000028	ASUS 20V 9A POWER ADAPTER	120.00	250.00	2	None	t	0	20000028	2	1
843	Mac 87W Usb C Adapter	123456789118	Mac 87W Usb C Adapter	95.00	150.00	1	None	t	0	\N	2	1
844	UP 069 MAGENTA	UP8000330	UP 069 MAGENTA	22.00	150.00	0	None	t	0	\N	3	1
845	HP 19.5V 7.7A POWER ADAPTER	BA0033	HP 19.5V 7.7A POWER ADAPTER	115.00	250.00	7	None	t	0	BA0033	2	1
847	Mac 45W T Type Adapter	x24p06g15	Mac 45W T Type Adapter	55.00	120.00	1	None	t	0	\N	2	1
848	HP 19.5V 6.15A POWER ADAPTER	20000029	HP 19.5V 6.15A POWER ADAPTER	110.00	250.00	6	None	t	0	20000029	2	1
852	4x 85A Blk	363423949	4x 85A Blk	25.00	150.00	0	None	t	0	\N	3	1
853	Mac 18.5V 4.6A L Type Adapter	1000000112	Mac 18.5V 4.6A L Type Adapter	65.00	120.00	2	None	t	0	\N	2	1
854	LENOVO 20V 11.5A POWER ADAPTER	20000030	LENOVO 20V 11.5A POWER ADAPTER	185.00	320.00	2	None	t	0	20000030	2	1
885	Asus Type C 20V Adapter	1000000117	Asus Type C 20V Adapter	30.00	90.00	24	None	t	0	\N	2	1
857	LENOVO 20V 8.5A USB POWER ADAPTER	20000031	LENOVO 20V 8.5A USB POWER ADAPTER	100.00	250.00	2	None	t	0	20000031	2	1
858	Mac 45W  L Type Adapter	X25P08G23	Mac 45W  L Type Adapter	50.00	100.00	2	None	t	0	\N	2	1
859	Super 78A Blk	41235646123	Super 78A Blk	20.00	150.00	0	None	t	0	\N	3	1
860	Multicolour 203A Cyan	93025124	Multicolour 203A Cyan	30.00	150.00	0	None	t	0	\N	3	1
877	Super 203A	2000018	Super 203A Cyan	25.00	150.00	0	None	t	0	\N	3	1
850	Mac 18.5V 4.6A L Type Adapter	1000000113	Mac 18.5V 4.6A L Type Adapter	60.00	120.00	2	None	t	0	\N	2	1
861	Upc World 78A	UW100011	UPC World 78A	15.00	150.00	0	None	t	0	\N	3	1
862	4x 150A	7249201	4x 150A	50.00	150.00	0	None	t	0	\N	3	1
863	MAC CHARGER TYPE C OG	190198098887	MAC CHARGER TYPE C OG	130.00	250.00	1	None	t	0	190198098887	2	1
864	MAC T TYPE ADAPTER	885909611546	MAC T TYPE ADAPTER	60.00	150.00	2	None	t	0	885909611546	2	1
865	Multicolour 83A Blk	835728191	Multicolour 83A Blk	20.00	150.00	0	None	t	0	\N	3	1
876	Mac 60W T Type Adapter	X24P11G25	Mac 60W T Type Adapter	55.00	120.00	24	None	t	0	\N	2	1
866	Mac 85W 20V 4.25A T Type Adapter	1000000114	Mac 85W 20V 4.25A T Type Adapter	65.00	130.00	12	None	t	0	\N	2	1
867	Eagle print 83A	42690174	Eagle print 83A	20.00	150.00	0	None	t	0	\N	3	1
868	Multicolour 203A Magenta	6942552396696	Multicolour 203A Magenta	30.00	150.00	0	None	t	0	\N	3	1
869	Mac 60W 16.5V 3.65A T Type Adapter	1000000116	Mac 60W 16.5V 3.65A T Type Adapter	65.00	130.00	3	None	t	0	\N	2	1
870	Multicolour 203A Yellow	6942552396689	Multicolour 203A Yellow	30.00	150.00	0	None	t	0	\N	3	1
871	Multicolour 203A Cyan	6942552396672	Multicolour 203A Cyan	30.00	150.00	0	None	t	0	\N	3	1
872	15.6 WHM DISPLAY FRAMELESS	EEAF2368B30N002KY	15.6 WHM DISPLAY FRAMELESS	115.00	300.00	3	None	t	0	EEAF2368B30N002KY	2	1
856	Mac 14.85V 3.05A T Type Adapter	1000000115	Mac 14.85V 3.05A T Type Adapter	65.00	120.00	1	None	t	0	\N	2	1
873	4x 201A Cyan	20000203AC	4x 201A Cyan	24.00	150.00	0	None	t	0	\N	3	1
874	4x 201A Yellow	20000203AY	4x 201A Yellow	24.00	150.00	0	None	t	0	\N	3	1
875	4x 201A Magenta	20000203AM	4x 201A Magenta	24.00	150.00	0	None	t	0	\N	3	1
886	15.6 FHD DISPLAY FRAMELESS	B156HAN02.1	15.6 FHD DISPLAY FRAMELESS	130.00	250.00	13	None	t	0	B156HAN02.1	2	1
887	15.6 30PIN FHD BOX TYPE DISPLAY	ETAF2428B32000KHS	15.6 30PIN FHD BOX TYPE DISPLAY	180.00	400.00	1	None	t	0	ETAF2428B32000KHS	2	1
879	Mac 45W T Type Adapter	X24P06G15	Mac 45W T Type Adapter	55.00	130.00	8	None	t	0	\N	2	1
882	Mac 85W T Type Adapter	x24p06g16	Mac 85W T Type Adapter	55.00	120.00	1	None	t	0	\N	2	1
883	Multicolour SAM105	7929763529	Multicolour SAM105	40.00	150.00	0	None	t	0	\N	3	1
884	Lazer 203A Magenta	2000017	Lazer 203A Magenta	28.00	150.00	0	None	t	0	\N	3	1
888	Cisco Power Cable	810979012023	Cisco Power Cable	3.00	40.00	268	None	t	0	\N	4	1
889	14 INCH FHD 3 PIN BOX TYPE DISPLAY	6DFF21X8B300X00DR	14 INCH FHD 3 PIN BOX TYPE DISPLAY	195.00	400.00	1	None	t	0	6DFF21X8B300X00DR	2	1
890	14 INCH FHD 30 PIN BOX TYPE DISPLAY	ASZRCR20250613OS101(24)	14 INCH FHD 30 PIN BOX TYPE DISPLAY	180.00	400.00	5	None	t	0	ASZRCR20250613OS101(24)	2	1
285	UGREEN USB 3.0 4 Port HUB	6957303822904	UGreen USB 3.0 4 Port HUB	20.00	80.00	35	None	t	0	6957303822904	2	1
891	14 INCH 40 PIN FRAME DISPLAY	AGZHZWK20231202	14 INCH 40 PIN FRAME DISPLAY	120.00	250.00	3	None	t	0	AGZHZWK20231202	2	1
892	14 INCH 30PIN WHM FRAMLESS	AGZHZ20231212JC	14 INCH 30PIN WHM FRAMLESS	105.00	250.00	2	None	t	0	AGZHZ20231212JC	2	1
881	UP 203A Cyan	UP8000027	UP 203A Cyan	25.00	150.00	0	None	t	0	\N	3	1
846	RELIABLE 217A BLK	2000016	RELIABLE 217A BLK	20.00	150.00	0	None	t	0	2000016	3	1
849	UP 217A BLK	up8000002	UP 217A BLK	22.00	110.00	0	None	t	0	up8000002	3	1
851	Multicolour 217A Blk	216523715263	Multicolour 217A Blk	30.00	150.00	0	None	t	0	216523715263	3	1
855	Reliable 83A Blk	42526731	Reliable 83A Blk	15.00	150.00	1	None	t	0	\N	3	1
894	14 INCH 30PIN WHM WITH FRAME	ASZRCR202501150S17	14 INCH 30PIN WHM WITH FRAME	105.00	250.00	4	None	t	0	ASZRCR202501150S17	2	1
893	Lenovo Laptop Bag	2000028	Lenovo Laptop Bag	25.00	60.00	20	None	t	0	\N	2	1
896	14 INCH 40 PINFRAMELESS FHD	14INCH	14 INCH 40 PINFRAMELESS FHD	130.00	350.00	4	None	t	0	\N	2	1
895	Hp Laptop Bag	2000029	Hp Laptop Bag	25.00	60.00	7	None	t	0	\N	2	1
897	15.6 144HZ FHD DISPLAY FRAMELESS	G9FY3CGE1111111000HESC	15.6 144HZ  40 PIN FHD DISPLAY FRAMELESS	240.00	650.00	2	None	t	0	\N	2	1
898	Lenovo Back Bag	2000032	Lenovo Back Bag	30.00	80.00	2	None	t	0	\N	2	1
899	15.6 WHM 30PIN DISPLAY FRAME	ASZRCR20260308GWD57(O)	15.6 WHM 30PIN DISPLAY FRAME	105.00	250.00	5	None	t	0	ASZRCR20260308GWD57(O)	2	1
923	Normal Hdmi Cable 20M	456789234	Normal Hdmi Cable 20M	45.00	140.00	2	None	t	0	\N	2	1
900	Dell Mini Laptop Bag	2000031	Dell Mini Laptop Bag	25.00	60.00	6	None	t	0	\N	2	1
901	Dell Laptop Bag	2000030	Dell Laptop Bag	30.00	70.00	2	None	t	0	\N	2	1
902	RJ 45  Pcs	123456789119	RJ 45  Pcs	0.25	5.00	9000	None	t	0	\N	4	1
903	TN 221M MAGENTA	1PA8K3390	TN 221M MAGENTA	200.00	350.00	4	None	t	0	1PA8K3390	3	1
904	RJ 45 Moduler Pcs	123456789120	RJ 45 Moduler Pcs	0.25	5.00	500	None	t	0	\N	4	1
905	TN 221C CYAN	1PA8K3490	TN 221C CYAN	200.00	350.00	1	None	t	0	1PA8K3490	3	1
906	TN221Y YELLOW	1PA8K3290	TN221Y YELLOW	200.00	350.00	1	None	t	0	1PA8K3290	3	1
907	Brand-Rex 2M Cat6 Blue Cable	SPA07620C004	Brand-Rex  2MCat6 Blue Cable	10.00	30.00	63	None	t	0	\N	4	1
908	SHARP MX 61FT CB CYAN	4974019969886	SHARP MX 61FT CB CYAN	400.00	550.00	1	None	t	0	4974019969886	2	1
909	SHARP MX 51FT CA	4974019696799	SHARP MX 51FT CA	370.00	450.00	1	None	t	0	4974019696799	3	1
910	MarkHD 30M Cat6 Cable	1000111615	MarkHD 30M Cat6 Cable	70.00	70.00	25	None	t	0	\N	4	1
911	MP C6003 YELLOW	2000006003C	MP C6003 YELLOW	240.00	400.00	1	None	t	0	2000006003C	3	1
912	Zantek 30 M Cat6 Patch Cable	6999987899872	Zantek 30 M Cat6 Patch Cable	11.00	50.00	3	None	t	0	\N	4	1
913	Light X Gel Mouse Pad	7000076676584	Light X Gel Mouse Pad	7.00	30.00	9	None	t	0	\N	2	1
915	5 WAY 5M POWER EXTENDAR WITH SWITCH	7700789661371	5 WAY 5M POWER EXTENDAR	28.00	70.00	4	None	t	0	7700789661371	2	1
924	Normal Hdmi Cable 5M	9423900123	Normal Hdmi Cable 5M	15.00	45.00	4	None	t	0	\N	2	1
914	Gel Mouse Pad	42312531277	Gel Mouse Pad	7.00	20.00	1	None	t	0	\N	2	1
917	4WAY 4M POWER EXTENDAR	7700789661340	4WAY 4M POWER EXTENDAR	24.00	70.00	5	None	t	0	7700789661340	4	1
918	Norden Cat6 3M	127-M2103GY	Norden Cat6 3M	12.00	30.00	4	None	t	0	\N	4	1
919	Norden Cat 6 1M	127-M2101GY	Norden Cat 6 1M	7.00	20.00	31	None	t	0	\N	4	1
80	D-LINK Cat 5 CABLE 5M	790069388347	D-LINK LAN CABLE 5M	5.00	35.00	57	None	t	0	790069388347	4	1
920	Cat 6 Normal Cable 25M	23478193	Cat 6 Normal Cable 25M	20.00	40.00	5	None	t	0	\N	4	1
921	Mark HD Cat6 Cable 5M	1000111481	Mark HD Cat6 Cable 5M	10.00	25.00	6	None	t	0	\N	4	1
922	Terminator HDMI Cable 25M	8711757802350	Terminator HDMI Cable 25M	90.00	150.00	1	None	t	0	\N	2	1
925	Mark HD Cat 6 50M	5415010037932	Mark HD Cat 6 50M	30.00	95.00	1	None	t	0	\N	4	1
926	Usb Male to Female Cable 5M	50000026	Usb Male to Female Cable 5M	10.00	35.00	5	None	t	0	\N	2	1
92	LIGHT X 20M CAT-6 CABLE	700000020M	LIGHT X 20M CAT-6 CABLE	15.00	45.00	8	None	t	1	700000020M	4	1
927	LightX  Cat 6 25M	426391280	LightX  Cat 6 25M	25.00	35.00	2	None	t	0	\N	4	1
928	MAC A1964 BATTERY	123456789121	MAC A1964 BATTERY	230.00	380.00	1	None	t	0	\N	2	1
929	Haysenser Enclosure HDD 2.5	123456789122	Haysenser Enclosure HDD 2.5	18.00	50.00	0	None	t	0	\N	2	1
930	NECK HANGING SPRAY FAN	6556479878984	NECK HANGING SPRAY FAN	14.00	25.00	3	None	t	0	6556479878984	5	1
931	PORTABLE MINI FAN	6956728890116	PORTABLE MINI FAN	9.00	20.00	1	None	t	0	6956728890116	2	1
932	BT 5000 yellow	4977766748155	BT 5000 yellow	25.00	35.00	1	None	t	0	4977766748155	3	1
933	Myxkronoz Ze time Hybrid Smart Watch	123456789150	Myxkronoz Ze time Hybrid Smart Watch	110.00	190.00	1	None	t	0	\N	5	1
934	Oxonic Magnetic Adsorbed Holder OX-103	123456789151	Oxonic Magnetic Adsorbed Holder OX-103	15.00	60.00	5	None	t	0	\N	5	1
935	Oxonic 360 Rotation Magnet Holder ox122	123456789152	Oxonic 360 Rotation Magnet Holder ox122	30.00	90.00	4	None	t	0	\N	5	1
936	Yesido magnetic Bracket	123456789153	Yesido magnetic Bracket	16.00	75.00	5	None	t	0	\N	5	1
937	Aukey Smart Watch 2 Pro	123456789154	Aukey Smart Watch 2 Pro	103.00	185.00	1	None	t	0	\N	5	1
938	Aukey Smart Watch 1 S	123456789155	Aukey Smart Watch 1 S	70.00	120.00	1	None	t	0	\N	5	1
939	JBL Harman Go Essential Speaker	123456789156	JBL Harman Go Essential Speaker	90.00	150.00	1	None	t	0	\N	5	1
940	Huawei 4G mobile Wifi 5 E5586-326	123456789157	Huawei 4G mobile Wifi 5 E5586-326	120.00	220.00	2	None	t	0	\N	5	1
941	HP CORE I7 6TH GEN  850 G2 8GB RAM/256GB SSD	20000850G2	HP CORE I7 6TH GEN  850 G2 8GB RAM/256GB SSD	490.00	950.00	1	None	t	0	20000850G2	7	1
916	Meetion Mouse Pad	2000035	Meetion Mouse Pad	5.00	15.00	0	None	t	0	2000035	2	1
942	HP CORE I7 6TH GEN  850 G2 8GB RAM/256GB SSD	123456789200	HP CORE I7 6TH GEN  850 G2 8GB RAM/256GB SSD	490.00	950.00	1	None	t	0	\N	7	1
943	Toshiba 4TB Surveillance S300 Hdd	1N80S2S7WL2	Toshiba 4TB Surveillance S300 Hdd	257.00	320.00	1	None	t	0	1N80S2S7WL2	2	1
944	Toshiba 8TB Surveillance S300 Hdd	P0U61251250630	Toshiba 8TB Surveillance S300 Hdd	600.00	680.00	1	None	t	0	P0U61251250630	2	1
166	TOSHIBA CANVIO BASIS 1TB	4260557512340	TOSHIBA CANVIO BASIS 1TB	170.00	300.00	8	None	t	6	4260557512340	2	1
168	TOSHIBA CANVIO BASIS 2TB	4260557512357	TOSHIBA CANVIO BASIS 2TB	221.00	425.00	7	None	t	6	4260557512357	2	1
945	Verbatim vx500 1TB SSD External	023942474449	Verbatim vx500 1TB SSD External	210.00	290.00	2	None	t	0	023942474449	2	1
946	Verbatim nero1TB SSD External	023942532378	Verbatim nero1TB SSD External	190.00	260.00	2	None	t	0	023942532378	2	1
947	Imation 128GB Usb	8809588605391	Imation 128GB Usb	34.00	60.00	10	None	t	0	8809588605391	2	1
745	HP 207A Yellow	193905265152	HP 207A Yellow	238.00	350.00	1	None	t	0	\N	3	1
801	Lenovo Usb 20V 3.25A  Adapter	6952603030455	Lenovo Usb 20V 3.25A  Adapter	15.00	65.00	0	None	t	0	\N	2	1
720	Epson 101 Cyan	8715946643397	Epson 101 Cyan	30.00	90.00	0	None	t	0	\N	3	1
718	Epson 101 Yellow	8715946643410	Epson 101 Yellow	30.00	70.00	1	None	t	0	\N	3	1
734	Brother LC3717C	4977766767729	Brother LC3717C	26.00	50.00	0	None	t	0	\N	3	1
671	Canon Pixma 490 Cyan	4549292041743	Canon Pixma 490 Cyan	22.00	90.00	2	None	t	0	2902507692451	3	1
950	Hp 203A Black OG Tonner	123456789202	Hp 203A Black OG Tonner	225.00	280.00	1	None	t	0	\N	3	1
948	Printer Services	800000C	Pinter Services	0.00	300.00	300	None	t	0	\N	27	1
951	Used Wired Keyboard	123456789230	Used Wired Keyboard	5.00	20.00	20	None	t	0	\N	2	1
952	Used Wired Mouse	123456789221	Used Wired Mouse	5.00	20.00	20	None	t	0	\N	2	1
953	Logitech C270 Web Camera	123456789223	Logitech C270 Web Camera	65.00	100.00	1	None	t	0	\N	2	1
954	Canon 054 Black OG	123456789301	Canon 054 Black OG	210.00	250.00	7	None	t	0	\N	3	1
955	Canon 054 Cyan OG	123456789302	Canon 054 Cyan OG	190.00	240.00	1	None	t	0	\N	3	1
956	Canon 054 Yellow OG	123456789303	Canon 054 Yellow OG	190.00	240.00	1	None	t	0	\N	3	1
957	Canon 054 Magentha OG	123456789304	Canon 054 Magentha OG	190.00	240.00	1	None	t	0	\N	3	1
794	Lazer 273 Compatable Magenta	2000011	Lazer 273 Compatable Magenta	30.00	30.00	0	None	t	0	\N	3	1
796	Multicolour TN273 Compatable Magenta	12345678989	Multicolour TN273 Compatable Magenta	40.00	150.00	0	None	t	0	\N	3	1
878	UP 203A Magenta	UP8000029	UP 203A Magenta	25.00	150.00	0	None	t	0	\N	3	1
880	UP 203A Yellow	UP8000028	UP 203AYellow	25.00	150.00	0	None	t	0	\N	3	1
961	UPC 203A Yellow Tonner	UW100749	UPC 203A Yellow Tonner	25.00	100.00	1	None	t	0	UW100749	3	1
962	HP SN03XL Battery	123456789340	HP SN03XL Battery	145.00	280.00	1	None	t	0	\N	2	1
964	LIGHTX 5M CAT 6 CABLE	2000005MCAT6	LIGHTX 5M CAT 6 CABLE	6.00	20.00	5	None	t	0	\N	4	1
949	Hp 150A  OG Tonner	123456789201	Hp 150A  OG Tonner	165.00	230.00	2	None	t	0	\N	3	1
579	HP 652 BLACK CATRIDGE	889296160946	HP 652 BLACK CATRIDGE	51.00	70.00	7	None	t	0	889296160946	3	1
958	Lenovo E480 Battery	123456789305	Lenovo E480 Battery	160.00	300.00	1	None	t	0	\N	2	1
959	Micro Digit 150A Tonner	6334466101501	Micro Digit 150A Tonner	32.00	100.00	5	None	t	0	6334466101501	3	1
960	UPC 203A Black Tonner	UW100747	UPC 203A Black Tonner	25.00	80.00	3	None	t	0	\N	3	1
965	HP 19.5V 3.33A 4.5*3.0	CH000195333	HP 19.5V 3.33A 4.5*3.0	15.00	80.00	10	None	t	0	\N	2	1
966	Lenovo 20V 3.25A 4.0*1.7	chln00020325	Lenovo 20V 3.25A 4.0*1.7	15.00	80.00	5	None	t	0	\N	2	1
969	HEADSET TYPE C	6904156454110	HEADSET TYPE C	8.00	20.00	5	None	t	0	6904156454110	5	1
967	Hp Mini PC/i5 7th gen/8gb/512gb	123456789456	Hp Mini PC/i5 7th gen/8gb/512gb	500.00	800.00	1	None	t	1	\N	6	1
968	Laptop Bag Normal	123456789501	Laptop Bag Normal	8.00	25.00	0	None	t	0	\N	2	1
971	BOLICE WIRED EARPHONE LIGHTNING	6366202307205	BOLICE WIRED EARPHONE LIGHTNING	19.00	35.00	5	None	t	0	6366202307205	5	1
970	K8 WIRLESS MICROPHONE	20000K8	K8 WIRLESS MICROPHONE	23.00	40.00	2	None	t	0	20000K8	5	1
972	CAT HEADSET MIX	6930481580255	CAT HEADSET MIX	25.00	50.00	2	None	t	0	6930481580255	2	1
973	HP 230 BLACK	230230230	HP 230 BLACK	275.00	290.00	1	None	t	0	\N	3	1
974	HP 230 YELLOW	230230230Y	HP 230 YELLOW	340.00	360.00	1	None	t	0	\N	3	1
975	14 Inch Fhd 30 Pin Frameless Display	123456789530	14 Inch  Fhd 30 Pin Frameless Display	145.00	250.00	1	None	t	0	\N	2	1
669	Canon Pixma 490 Yellow	4549292041781	Canon Pixma 490 Yellow	22.00	90.00	2	None	t	0	2902507804687	3	1
963	4X Colors 106A Tonner	123456789306	4X Colors 106A Tonner	22.00	80.00	4	None	t	0	\N	3	1
976	Lenovo Thinkpad T470 i7 7th/16/512 Touch	LNT470716512	Lenovo Thinkpad T470 i7 7th/16/512 Touch	590.00	900.00	1	None	t	0	LNT470716512	7	1
991	Hp 925 Cyan	34567890	Hp 925 Cyan	40.00	100.00	1	None	t	0	\N	3	1
977	Meetion M360 Wired Mouse	6970344732117	Meetion M360 Wired Mouse	6.00	30.00	2	None	t	0	6970344732117	2	1
978	Deli Ethernet crimper	6973107487279	Deli Ethernet crimper	19.00	50.00	5	None	t	0	6973107487279	3	1
979	Deli 33 pcs Electronics Precision Repair Set	6974173015212	Deli 33 pcs Electronics Precision Repair Set	19.00	50.00	5	None	t	0	6974173015212	2	1
980	Deli Screwdriver Star Small DL623150	6974173012419	Deli Screwdriver Star Small DL623150	3.00	15.00	4	None	t	0	6974173012419	2	1
981	Deli Screwdriver Star Big DL626200	6974173012518	Deli Screwdriver Star Big DL626200	4.00	15.00	10	None	t	0	6974173012518	2	1
982	Deli Screwdriver Flat Big DL6262001	6974173012334	Deli Screwdriver Flat Big DL6262001	4.00	15.00	5	None	t	0	6974173012334	2	1
983	Unitek 2 in 1 Bluetooth Transmitter Receiver	4894160054883	Unitek 2 in 1 Bluetooth Transmitter Receiver	45.00	100.00	1	None	t	0	4894160054883	2	1
984	LightX Laptop Power Cable 3 Prong 1.5m	12345678991	LightX Laptop Power Cable 3 Prong 1.5m	5.00	15.00	0	None	t	0	\N	2	1
339	UNITEK 15CM USB TO ETHERNET ADAPTER	4894160018960	UNITEK 15CM USB TO ETHERNET ADAPTER	45.00	155.00	4	None	t	1	4894160018960	2	1
992	Hp 925 Yellow	9876543545	Hp 925 Yellow	40.00	100.00	1	None	t	0	\N	3	1
993	Hp 925 Magenta	567892	Hp 925 Magenta	40.00	100.00	1	None	t	0	\N	3	1
985	HP LASER 107W PRINTER	jc69-06418f02	HP LASER 107W PRINTER	435.00	550.00	1	None	t	0	jc69-06418f02	3	1
986	Lenovo L16M2PB Battery	123456789601	Lenovo L16M2PB Battery	110.00	250.00	1	None	t	0	\N	2	1
987	GP43 WIRLESS GAMEPAD	6932391930670	GP43 WIRLESS GAMEPAD	49.00	90.00	2	None	t	0	\N	2	1
1001	Upc 106A Tonner	852741963	Upc 106A Tonner	24.00	90.00	3	None	t	0	\N	3	1
989	GAMING MOUSE GM 209P	6932391927021	GAMING MOUSE GM 209P	14.00	50.00	2	None	t	0	6932391927021	2	1
178	KINGSTON NV2 PCIE 4 NVME 500GB	740617329858	KINGSTON NV2 PCIE 4 NVME 500GB	117.00	250.00	3	None	t	12	740617329858	2	1
404	DELL OPTIPLAX 5050 CORE I7 7TH GEN 8GB RAM/500GB HDD	50000021	DELL OPTIPLAX 5050 CORE I7 7TH GEN 8GB RAM/500GB HDD	425.00	850.00	4	None	t	1	50000021	6	1
1004	Tplink RE200 AC750 Wifi Extender	6935364071608	Tplink RE200 AC750 Wifi Extender	60.00	100.00	5	None	t	0	6935364071608	2	1
994	Dell 22 inch Frameless monitor	1234567890876	Dell 22 inch Frameless monitor	120.00	250.00	27	None	t	0	\N	2	1
381	HP Bluetooth & Wireless Dual Mode Mouse	6947858427372	HP Bluetooth & Wireless Dual Mode Mouse\r\nDM 10	35.00	95.00	3	None	t	0	6947858427372	2	1
995	Hp 450 G6 Keyboard	456781234	Hp 450 G6 Keyboard	60.00	150.00	1	None	t	0	\N	2	1
996	Rc Fighter Plane	8765423456789	Rc Fighter Plane	40.00	80.00	5	None	t	0	\N	10	1
997	Power Cable PC	123456789260	Power Cable PC	5.00	15.00	40	None	t	0	\N	2	1
990	Ramos 16gb Desktop Ram 3600hz	R163600	Ramos 16gb Desktop Ram 3600hz	100.00	150.00	2	None	t	0	R163600	2	1
998	Toshiba CQ42 Battery	123456789820	Toshiba CQ42 Battery	50.00	100.00	1	None	t	0	\N	2	1
999	Oryx Notebook	9876523456	Oryx Notebook	13.00	25.00	2	None	t	0	9876523456	24	1
1000	Hp 207A Cyan	987653456789	Hp 207A Cyan	245.00	300.00	1	None	t	0	\N	3	1
1002	Hp Battery TF03XL	963741123	Hp Battery TF03XL	85.00	250.00	1	products/Screenshot_2025-07-21_082709.jpg	t	0	\N	2	1
692	ASUS NCB1916 KEYBOARD LAPTOP	200000KY	ASUS NCB1916 KEYBOARD LAPTOP	100.00	250.00	3	products/ASUS_NCB1916_KEYBOARD_LAPTOP.png	t	0	2902507282089	2	1
407	TP Link 150 Mbps Wireless Nano USB Adapter	6935364050719	TP Link 150 Mbps Wireless Nano USB Adapter \r\nTL-WN725N	17.00	45.00	25	None	t	0	6935364050719	2	1
409	TP Link 300 Mbpswireless USB Adapter	6935364050696	TP Link 300 Mbpswireless USB Adapter \r\nModel TL-WN823N	22.00	70.00	15	None	t	0	6935364050696	2	1
1003	Tp Link Archer T2U Nano (600Mbps)  Dongle	6935364099978	Tp Link Archer T2U Nano (600Mbps)  Dongle	45.00	80.00	15	None	t	0	6935364099978	2	1
1006	Tp Link RE650 AC2600 Wifi Extender	6935364095840	Tp Link RE650 AC2600 Wifi Extender	240.00	330.00	2	None	t	0	6935364095840	2	1
1005	Tp Link RE305 AC 1200 Wifi Extender	6935364097981	Tp Link RE305 AC 1200 Wifi Extender	120.00	140.00	5	None	t	0	6935364097981	2	1
1007	Tp Link RE505X AX1500 Range Extender	6935364089535	Tp Link RE505X AX1500 Range Extender	140.00	220.00	2	None	t	0	6935364089535	2	1
541	TP LINK TL-WR84ON 300 MBPS	6935364070533	TP LINK TL-WR84ON 300 MBPS	37.00	80.00	45	None	t	1	6935364070533	4	1
1008	Tp Link Archer C50 AC1200 Router	6935364081065	Tp Link Archer C50 AC1200 Router	57.00	100.00	5	None	t	0	6935364081065	4	1
1009	Tp Link Archer C6 Ac1200 Router	6935364088903	Tp Link Archer C6 Ac1200 Router	85.00	150.00	5	None	t	0	6935364088903	4	1
1010	Tp Link Archer AX10 Ax 1500 Router	6935364089221	Tp Link Archer AX10 Ax 1500 Router	120.00	200.00	5	None	t	0	6935364089221	4	1
988	GP 52 WIRLESS RGB GAMEPAD	6932391929650	GP 52 WIRLESS RGB GAMEPAD	70.00	120.00	6	None	t	0	6932391929650	2	1
1024	Hoco H25 Magnet Car Holder	6942007608909	Hoco H25 Magnet Car Holder	18.00	45.00	3	None	t	0	6942007608909	5	1
1029	Extra Ram Laptop 8gb	86248753	Extra Ram Laptop	50.00	90.00	1	None	t	0	86248753	2	1
1011	Tp link Archer AX12 AX1500 Wifi Router	4895252500875	Tp link AX12 AX1500 Wifi Router	130.00	230.00	5	None	t	0	4895252500875	4	1
278	HOCO DU01 USB C TO USB C 1M	6942007603256	HOCO DU01 USB C TO USB C 1M	5.00	25.00	6	None	t	1	6942007603256	5	1
440	TP Link 5 Port 100 MBps Desktop Switch	6935364020064	TP Link 5 Port 100 MBps Desktop Switch \r\nModel TL - SF1005D	19.00	75.00	14	None	t	0	693536402004	4	1
445	TP Link 8 Port 100 MBps Desktop Switch	6935364020071	TP Link 8 Port 100 MBps Desktop Switch\r\nModel TL - SF 10080	22.00	90.00	11	None	t	0	6935364020071	4	1
1012	Tp Link 5 port Gigabit TLSG1005D	6935364091798	Tp Link 5 port Gigabit TLSG1005D	40.00	90.00	5	None	t	0	6935364091798	4	1
1013	Tp Link 16 Port Gigabit Rackmount Switch TLSG1016D	69353640020613	Tp Link 16 Port Gigabit Rackmount Switch TLSG1016D	155.00	250.00	3	None	t	0	69353640020613	2	1
1014	Tp Link 28 Port Gigabit Switch with 24 Port Poe TL SG1428PE	852789123	Tp Link 28 Port Gigabit Switch with 24 Port Poe TL SG1428PE	540.00	650.00	2	None	t	0	852789123	4	1
257	HOCO DUP03 AUDIO CONVERSION CABLE IP	6942007601917	HOCO DUP03 AUDIO CONVERSION CABLE IP	15.00	55.00	6	None	t	1	6942007601917	5	1
1016	Hoco DM6 Earphone with mic	123456789987	Hoco DM6 Earphone with mic	4.00	25.00	5	None	t	0	6942007600460	5	1
1017	Hoco DM38 Earphone With Mic	1234567896541	Hoco DM38 Earphone With Mic	4.00	25.00	5	None	t	0	6931474797834	5	1
1018	Hoco DGA12 Universal capacitive Pen	123456789582	Hoco DGA12 Universal capacitive Pen	45.00	75.00	3	None	t	0	6942007660440	5	1
1019	Hoco DU01 USB To Type C	1234567896251	Hoco DU01 USB To Type C	5.00	25.00	5	None	t	0	6942007601948	5	1
1020	Hoco DM51 Earphone with Mic	12345698745	Hoco DM51 Earphone with Mic	12.00	45.00	4	None	t	0	6942007627122	5	1
1021	Hoco DB85 10000MAh Power Bank	6942007657617	Hoco DB85 10000MAh Power Bank	45.00	95.00	1	None	t	0	6942007657617	5	1
1022	Hoco DB86 10000MAh Power Bank	6942007657129	Hoco DB86 10000MAh Power Bank	65.00	110.00	2	None	t	0	6942007657129	5	1
201	HOCO Q26 MAGNATIC WIRLESS POWER BANK	6942007624046	HOCO Q26 MAGNATIC WIRLESS POWER BANK	85.00	220.00	2	None	t	1	6942007624046	5	1
1023	Hoco J100A 20000MAh Power Bank	6931474783585	Hoco J100A 20000MAh Power Bank	55.00	110.00	1	None	t	0	6931474783585	5	1
1032	Universal Remote USB	412397741	Universal Remote USB	35.00	80.00	3	None	t	0	412397741	11	1
1028	Microsoft Surface Pro 3 Display	951753741	Microsoft Surface Pro 3 Display	420.00	650.00	0	None	t	1	951753741	2	1
1030	Crucial DDR4 16gb Desktop Ram 3200hz	649528900425	Crucial DDR416gb Desktop Ram 3200hz	95.00	160.00	1	None	t	12	649528900425	2	1
1031	Kaspersky Antivirus 2 User	9637412789	Kaspersky Antivirus 2 User	35.00	100.00	1	None	t	0	9637412789	2	1
1025	Sandisk Ultra Fair 3.0 256gb	619659154189	Sandisk Ultra Fair 3.0 256gb	50.00	130.00	0	None	t	0	619659154189	2	1
1026	Sandisk Cruzer Blade 2.0 8gb	619659000424	Sandisk Cruzer Blade 2.0 8gb	8.00	15.00	14	None	t	0	619659000424	2	1
1027	Sandisk Cruzer Blade 2.0 32gb	619659069193	Sandisk Cruzer Blade 2.0 32gb	11.00	25.00	30	None	t	0	619659069193	2	1
100	SANDISK ULTRA FAIR 3.0 16GB	619659136680	SANDISK ULTRA FAIR 3.0 16GB	13.00	45.00	33	None	t	1	619659136680	2	1
1033	Mini Power Supply 450W	963217536951	Mini Power Supply 450W	30.00	100.00	1	None	t	0	963217536951	2	1
1034	Hisense Tv Remote	85456963	Hisense Tv Remote	12.00	60.00	2	None	t	0	85456963	11	1
1015	10 Port Gigabit Easy Smart Poe Switch	6935364052669	10 Port Gigabit Easy Smart Poe Switch	290.00	390.00	2	None	t	0	6935364052669	4	1
1035	Unitek Diskgaurd 2.5&3.5 Enclosure	48542136967	Unitek Diskgaurd 2.5&3.5 Enclosure	65.00	100.00	2	None	t	0	48542136967	2	1
736	Brother LC3717Y	4977766767743	Brother LC3717Y	54.00	80.00	0	None	t	0	\N	3	1
672	Canon Pixma 490 Blk	4549292041729	Canon Pixma 490 Blk	25.00	95.00	2	None	t	0	2902507180804	3	1
\.


--
-- Data for Name: portal_productenquiry; Type: TABLE DATA; Schema: public; Owner: dbadmin
--

COPY public.portal_productenquiry (id, name, company, email, phone, product_interest, subject, message, submitted_at, is_contacted, site_id) FROM stdin;
1	Shella Chamberlain	Shella Chamberlain	hacked@trendzqtr.com	4107106122	hardware	Your WebSite Has Been Hacked	We have hacked your website https://trendzqtr.com and extracted your databases.\r\n\r\nHow did this happen?\r\n\r\nOur team has found a vulnerability within your site that we were able to exploit. After finding the vulnerability we were able to get your database credentials and extract your entire database and move the information to an offshore server.\r\n\r\nWhat does this mean?\r\n\r\nWe will systematically go through a series of steps of totally damaging your reputation. First your database will be leaked or sold to the highest bidder which they will use with whatever their intentions are. Next if there are e-mails found they will be e-mailed that their information has been sold or leaked and your site https://trendzqtr.com was at fault thusly damaging your reputation and having angry customers/associates with whatever angry customers/associates do. Lastly any links that you have indexed in the search engines will be de-indexed based off of blackhat techniques that we used in the past to de-index Our targets.\r\n\r\nHow do i stop this?\r\n\r\nWe are willing to refrain from destroying your site's reputation for a small fee. The current fee is $5000 in bitcoins (0.043 BTC).\r\n\r\nSend the bitcoin to the following Bitcoin address (Make sure to copy and paste):\r\n\r\n bc1qaxseax8e4mygshwd96e3s2qwcekvy8ceu7wegq \r\n\r\nOnce you have paid we will automatically get informed that it was your payment. Please note that you have to make payment within 5 days after receiving this e-mail or the database leak, e-mails dispatched, and de-index of your site WiLL start!\r\n\r\nHow do i get Bitcoins?\r\n\r\nYou can easily buy bitcoins via several websites or even offline from a Bitcoin-ATM.\r\n\r\nWhat if i don't pay?\r\n\r\nWe will start the attack at the indicated date and uphold it until you do, there's no counter measure to this, you will Only end up wasting more money trying to find a solution. We will completely destroy your reputation amongst google and your customers.\r\n\r\nThis is not a hoax, do not reply to this email, don't try to reason or negotiate, we will not read any replies. Once you have paid we will stop what we were doing and you will never hear from us again!\r\n\r\nPlease note that Bitcoin is anonymous and no one will find out that you have complied.	2025-07-19 13:47:23.130792+00	f	1
\.


--
-- Data for Name: procurement_purchaseitem; Type: TABLE DATA; Schema: public; Owner: dbadmin
--

COPY public.procurement_purchaseitem (id, quantity, unit_cost, total, product_id, purchase_order_id) FROM stdin;
3	2	8.00	16.00	711	2
53	4	15.00	60.00	793	1
54	5	15.00	75.00	795	1
55	11	15.00	165.00	799	1
57	13	15.00	195.00	801	1
58	2	46.00	92.00	713	12
59	2	46.00	92.00	667	12
60	1	72.00	72.00	705	12
61	1	72.00	72.00	706	12
62	1	72.00	72.00	707	12
63	1	95.00	95.00	704	12
1	7	15.00	105.00	792	1
64	4	15.00	60.00	802	1
66	5	15.00	75.00	804	1
67	3	36.00	108.00	658	12
68	5	25.00	125.00	710	12
69	3	25.00	75.00	709	12
70	3	25.00	75.00	712	12
71	1	34.00	34.00	672	12
72	5	29.00	145.00	714	12
73	3	29.00	87.00	716	12
74	1	29.00	29.00	717	12
75	5	30.00	150.00	715	12
76	3	30.00	90.00	720	12
77	1	30.00	30.00	718	12
78	1	50.00	50.00	719	12
79	3	36.00	108.00	733	12
80	2	26.00	52.00	734	12
81	2	26.00	52.00	735	12
82	3	26.00	78.00	736	12
83	2	70.00	140.00	729	12
84	1	54.00	54.00	730	12
85	1	54.00	54.00	732	12
86	1	54.00	54.00	736	12
87	2	20.00	40.00	726	12
88	2	20.00	40.00	725	12
90	3	20.00	60.00	727	12
91	1	25.00	25.00	721	12
92	1	23.00	23.00	724	12
93	1	23.00	23.00	722	12
94	1	23.00	23.00	723	12
65	10	15.00	150.00	803	1
95	6	15.00	90.00	805	1
89	2	20.00	40.00	728	12
96	3	25.00	75.00	672	12
97	2	22.00	44.00	671	12
98	3	22.00	66.00	669	12
99	3	22.00	66.00	670	12
100	2	47.00	94.00	739	12
101	1	41.00	41.00	742	12
102	1	41.00	41.00	741	12
103	1	41.00	41.00	740	12
104	13	15.00	195.00	806	1
105	1	28.00	28.00	673	12
106	1	25.00	25.00	674	12
107	1	25.00	25.00	675	12
108	1	29.00	29.00	677	12
109	2	29.00	58.00	676	12
110	1	29.00	29.00	678	12
111	2	29.00	58.00	679	12
112	1	12.00	12.00	738	12
113	2	20.00	40.00	737	12
114	4	30.00	120.00	808	12
115	14	15.00	210.00	807	1
116	9	15.00	135.00	809	1
117	9	15.00	135.00	809	1
118	8	15.00	120.00	810	1
119	1	280.00	280.00	747	12
120	1	230.00	230.00	749	12
121	1	235.00	235.00	748	12
122	1	410.00	410.00	752	12
123	1	405.00	405.00	754	12
124	1	410.00	410.00	753	12
125	1	254.00	254.00	751	12
126	1	254.00	254.00	750	12
127	1	242.00	242.00	746	12
128	2	238.00	476.00	745	12
129	1	103.00	103.00	755	12
130	1	100.00	100.00	756	12
131	1	210.00	210.00	757	12
132	1	235.00	235.00	760	12
133	1	278.00	278.00	761	12
134	1	278.00	278.00	759	12
135	1	278.00	278.00	758	12
136	1	210.00	210.00	762	12
137	2	15.00	30.00	811	1
56	15	15.00	225.00	800	1
138	6	40.00	240.00	812	1
139	2	180.00	360.00	763	12
140	2	180.00	360.00	765	12
141	2	180.00	360.00	764	12
142	1	22.00	22.00	766	12
143	1	22.00	22.00	768	12
144	1	22.00	22.00	767	12
145	1	22.00	22.00	769	12
146	1	23.00	23.00	774	12
147	2	33.00	66.00	776	12
148	1	30.00	30.00	775	12
149	1	30.00	30.00	777	12
150	1	25.00	25.00	779	12
151	2	25.00	50.00	778	12
153	1	25.00	25.00	780	12
154	5	30.00	150.00	782	12
155	3	30.00	90.00	783	12
156	3	30.00	90.00	784	12
157	1	60.00	60.00	824	1
158	4	65.00	260.00	828	1
159	5	65.00	325.00	833	1
160	1	33.00	33.00	786	12
161	1	33.00	33.00	787	12
162	2	33.00	66.00	785	12
163	1	15.00	15.00	788	12
164	1	20.00	20.00	790	12
165	2	22.00	44.00	789	12
166	1	30.00	30.00	794	12
167	1	45.00	45.00	791	12
168	1	40.00	40.00	796	12
169	1	22.00	22.00	798	12
170	1	22.00	22.00	797	12
171	1	25.00	25.00	813	12
172	1	25.00	25.00	814	12
173	1	25.00	25.00	815	12
174	1	35.00	35.00	816	12
175	1	35.00	35.00	817	12
176	1	35.00	35.00	818	12
177	1	35.00	35.00	820	12
178	1	50.00	50.00	821	12
179	2	50.00	100.00	822	12
180	2	50.00	100.00	823	12
181	3	25.00	75.00	826	12
182	2	20.00	40.00	827	12
183	1	15.00	15.00	830	12
184	1	15.00	15.00	831	12
185	1	15.00	15.00	834	12
186	1	22.00	22.00	836	12
187	1	22.00	22.00	837	12
188	1	22.00	22.00	839	12
189	2	25.00	50.00	841	12
190	1	95.00	95.00	843	1
191	1	55.00	55.00	847	1
193	1	22.00	22.00	844	12
194	1	20.00	20.00	846	12
195	1	22.00	22.00	849	12
196	1	30.00	30.00	851	12
198	2	65.00	130.00	853	1
197	2	25.00	50.00	852	12
200	2	15.00	30.00	855	12
201	2	50.00	100.00	858	1
271	1	600.00	600.00	944	19
202	1	20.00	20.00	859	12
203	2	30.00	60.00	860	12
192	10	60.00	600.00	850	1
204	6	65.00	390.00	866	1
205	6	65.00	390.00	866	1
206	3	65.00	195.00	869	1
199	3	65.00	195.00	856	1
207	8	55.00	440.00	876	1
208	8	55.00	440.00	876	1
209	9	55.00	495.00	876	1
210	4	55.00	220.00	879	1
211	4	55.00	220.00	879	1
212	1	55.00	55.00	882	1
213	2	15.00	30.00	861	12
214	1	50.00	50.00	862	12
215	7	20.00	140.00	865	12
216	3	20.00	60.00	867	12
217	4	30.00	120.00	868	12
218	4	30.00	120.00	870	12
219	1	30.00	30.00	871	12
220	1	24.00	24.00	873	12
221	1	24.00	24.00	874	12
222	1	24.00	24.00	875	12
223	1	25.00	25.00	877	12
224	2	25.00	50.00	878	12
225	2	25.00	50.00	880	12
226	2	25.00	50.00	881	12
227	1	40.00	40.00	883	12
228	1	28.00	28.00	884	12
229	24	30.00	720.00	885	1
230	268	3.00	804.00	888	1
231	20	25.00	500.00	893	1
232	7	25.00	175.00	895	1
233	2	30.00	60.00	898	1
234	3	25.00	75.00	900	1
235	3	25.00	75.00	900	1
236	2	30.00	60.00	901	1
237	9000	0.25	2250.00	902	1
238	500	0.25	125.00	904	1
239	63	10.00	630.00	907	1
240	25	70.00	1750.00	910	1
241	3	11.00	33.00	912	1
242	9	7.00	63.00	913	1
243	1	7.00	7.00	914	1
245	4	12.00	48.00	918	1
246	31	7.00	217.00	919	1
247	5	20.00	100.00	920	1
248	6	10.00	60.00	921	1
249	1	90.00	90.00	922	1
250	2	45.00	90.00	923	1
251	4	15.00	60.00	924	1
252	1	30.00	30.00	925	1
253	5	10.00	50.00	926	1
254	1	25.00	25.00	927	1
255	1	230.00	230.00	928	14
256	1	18.00	18.00	929	13
257	1	18.00	18.00	929	13
258	15	15.00	225.00	92	13
259	1	185.00	185.00	166	15
260	15	12.00	180.00	91	13
261	1	110.00	110.00	933	16
262	5	15.00	75.00	934	16
263	4	30.00	120.00	935	16
264	5	16.00	80.00	936	16
265	1	103.00	103.00	937	16
266	1	70.00	70.00	938	16
267	1	90.00	90.00	939	16
268	2	120.00	240.00	940	16
269	1	490.00	490.00	941	18
270	1	257.00	257.00	943	19
272	5	170.00	850.00	166	19
273	5	221.00	1105.00	168	19
274	2	210.00	420.00	945	19
275	2	190.00	380.00	946	19
276	10	34.00	340.00	947	19
280	20	5.00	100.00	951	22
278	1	157.00	157.00	949	21
279	1	225.00	225.00	950	21
277	300	0.00	0.00	948	20
281	20	5.00	100.00	952	22
282	1	65.00	65.00	953	23
283	7	210.00	1470.00	954	25
284	1	190.00	190.00	955	25
285	1	190.00	190.00	956	25
244	1	5.00	5.00	916	12
286	1	190.00	190.00	957	25
287	5	50.00	250.00	579	24
288	2	52.00	104.00	579	26
289	1	160.00	160.00	958	27
290	5	32.00	160.00	959	28
291	3	25.00	75.00	960	29
292	1	25.00	25.00	961	29
293	1	145.00	145.00	962	30
294	3	20.00	60.00	963	31
295	14	15.00	210.00	799	34
296	10	15.00	150.00	805	34
297	10	15.00	150.00	965	34
298	5	15.00	75.00	966	34
299	5	15.00	75.00	625	34
300	1	500.00	500.00	967	35
301	1	500.00	500.00	967	35
302	5	8.00	40.00	969	37
303	2	23.00	46.00	970	37
304	5	8.00	40.00	698	37
305	5	19.00	95.00	971	37
306	2	25.00	50.00	972	37
307	1	275.00	275.00	973	39
308	1	340.00	340.00	974	39
309	1	145.00	145.00	975	40
310	1	590.00	590.00	976	41
311	2	6.00	12.00	977	42
312	5	19.00	95.00	978	43
313	5	19.00	95.00	979	43
314	4	3.00	12.00	980	43
315	10	4.00	40.00	981	43
316	5	4.00	20.00	982	43
317	1	45.00	45.00	983	43
318	2	185.00	370.00	284	44
319	100	5.00	500.00	984	45
320	10	45.00	450.00	339	45
321	1	435.00	435.00	985	46
322	1	110.00	110.00	986	47
323	2	49.00	98.00	987	48
324	1	70.00	70.00	988	48
325	2	14.00	28.00	989	48
152	2	25.00	50.00	781	12
326	1	35.00	35.00	381	12
327	2	100.00	200.00	990	49
328	1	42.00	42.00	581	49
329	1	40.00	40.00	991	49
330	1	40.00	40.00	992	49
331	1	40.00	40.00	993	49
387	30	15.00	450.00	101	61
333	3	51.00	153.00	579	50
332	28	120.00	3360.00	994	49
334	1	60.00	60.00	995	51
335	5	40.00	200.00	996	52
336	3	18.00	54.00	793	53
337	40	5.00	200.00	997	53
338	1	50.00	50.00	998	54
339	1	185.00	185.00	588	55
340	2	13.00	26.00	999	55
341	1	165.00	165.00	949	56
342	1	245.00	245.00	1000	57
343	1	55.00	55.00	732	57
344	1	55.00	55.00	730	57
345	2	24.00	48.00	1001	58
346	1	85.00	85.00	1002	58
347	15	17.00	255.00	407	59
348	15	22.00	330.00	409	59
349	15	45.00	675.00	1003	59
350	5	60.00	300.00	1004	59
351	5	120.00	600.00	1005	59
352	2	240.00	480.00	1006	59
353	2	140.00	280.00	1007	59
354	15	37.00	555.00	541	59
355	5	57.00	285.00	1008	59
356	5	85.00	425.00	1009	59
357	5	120.00	600.00	1010	59
358	5	130.00	650.00	1011	59
359	10	19.00	190.00	440	59
360	10	22.00	220.00	445	59
361	5	40.00	200.00	1012	59
362	3	155.00	465.00	1013	59
363	2	540.00	1080.00	1014	59
364	1	290.00	290.00	1015	59
365	3	20.00	60.00	124	60
366	3	15.00	45.00	257	60
367	5	4.00	20.00	1016	60
368	5	4.00	20.00	1017	60
370	3	45.00	135.00	1018	60
371	5	5.00	25.00	1019	60
372	5	5.00	25.00	251	60
373	5	7.00	35.00	294	60
374	4	12.00	48.00	1020	60
375	5	15.00	75.00	298	60
376	1	45.00	45.00	1021	60
377	1	65.00	65.00	1022	60
378	1	85.00	85.00	201	60
379	1	55.00	55.00	1023	60
380	1	25.00	25.00	233	60
381	3	18.00	54.00	1024	60
369	5	5.00	25.00	278	60
388	5	70.00	350.00	988	62
382	10	50.00	500.00	1025	61
383	14	8.00	112.00	1026	61
384	30	11.00	330.00	1027	61
385	30	13.00	390.00	214	61
386	29	13.00	377.00	100	61
389	1	420.00	420.00	1028	63
392	1	35.00	35.00	1031	65
391	1	95.00	95.00	1030	64
393	1	30.00	30.00	1033	66
394	2	12.00	24.00	1034	67
395	1	290.00	290.00	1015	67
396	1	24.00	24.00	1001	67
397	1	22.00	22.00	963	67
398	2	65.00	130.00	1035	67
\.


--
-- Data for Name: procurement_purchaseorder; Type: TABLE DATA; Schema: public; Owner: dbadmin
--

COPY public.procurement_purchaseorder (id, order_date, delivery_date, reference, notes, subtotal, tax, total, payment_mode, payment_due, status, created_at, updated_at, site_id, supplier_id) FROM stdin;
47	2025-07-19	2025-07-19	25071902		110.00	0.00	110.00	credit	2025-08-19	received	2025-07-19 07:48:08.366058+00	2025-07-19 07:53:14.543126+00	1	1
27	2025-07-14	2025-07-14	25071404		160.00	0.00	160.00	credit	2025-08-14	received	2025-07-14 14:16:22.348162+00	2025-07-14 14:16:22.348173+00	1	12
21	2025-07-13	2025-07-13	25071303		382.00	0.00	382.00	credit	2025-08-13	received	2025-07-13 17:28:16.496898+00	2025-07-13 17:28:16.49691+00	1	1
43	2025-06-16	2025-07-16	25071701		307.00	0.00	307.00	credit	2025-07-31	received	2025-07-17 06:06:41.466241+00	2025-07-17 06:06:41.466258+00	1	1
23	2025-07-13	2025-07-13	25071305		65.00	0.00	65.00	credit	2025-08-13	received	2025-07-13 18:00:34.580733+00	2025-07-13 18:00:34.580745+00	1	1
51	2025-07-21	2025-07-21	25072103		60.00	0.00	60.00	credit	2025-07-31	received	2025-07-21 17:53:30.066474+00	2025-07-21 17:53:30.066487+00	1	12
16	2025-07-03	2025-07-03	25996		888.00	0.00	888.00	credit	2025-08-03	received	2025-07-12 11:39:01.724528+00	2025-07-12 11:39:01.724539+00	1	8
17	2025-07-12	2025-07-12	25071201		0.00	0.00	0.00	credit	\N	received	2025-07-12 13:00:00.40626+00	2025-07-12 13:00:00.406271+00	1	1
65	2025-07-23	2025-07-23	25072306		35.00	0.00	35.00	credit	2025-07-31	received	2025-07-23 18:02:08.339908+00	2025-07-23 18:02:08.339922+00	1	20
2	2025-07-10	2025-07-10	25070803		16.00	0.00	16.00	credit	2025-08-01	received	2025-07-10 13:17:00.130317+00	2025-07-10 13:17:00.130329+00	1	2
1	2025-07-10	2025-07-10	25070101		15027.00	0.00	15027.00	credit	2025-08-13	received	2025-07-10 12:29:06.44326+00	2025-07-10 19:18:12.224992+00	1	1
29	2025-07-14	2025-07-14	25071406		100.00	0.00	100.00	credit	2025-08-14	received	2025-07-14 14:35:50.378056+00	2025-07-14 14:35:50.378068+00	1	13
14	2025-07-11	2025-07-11	25071101		230.00	0.00	230.00	credit	2025-08-11	received	2025-07-11 16:10:55.348007+00	2025-07-11 16:10:55.348018+00	1	6
37	2025-07-15	2025-07-16	26270		271.00	0.00	271.00	credit	2025-08-06	received	2025-07-16 06:36:10.111309+00	2025-07-16 06:36:10.111321+00	1	8
31	2025-07-14	2025-07-14	25071408		60.00	0.00	60.00	credit	2025-08-06	received	2025-07-14 15:28:17.449953+00	2025-07-14 15:28:17.449964+00	1	1
33	2025-07-15	2025-07-15	25071501		0.00	0.00	0.00	credit	2025-08-15	received	2025-07-15 11:15:43.790259+00	2025-07-15 11:15:43.790272+00	1	1
25	2025-07-14	2025-07-14	25071402		2040.00	0.00	2040.00	credit	2025-08-14	received	2025-07-14 13:28:57.345776+00	2025-07-14 13:28:57.345787+00	1	10
48	2025-07-20	2025-07-20	6683		196.00	0.00	196.00	credit	2025-07-31	received	2025-07-20 15:10:24.839189+00	2025-07-20 15:10:24.839204+00	1	16
53	2025-07-22	2025-07-22	25072202		254.00	0.00	254.00	credit	2025-08-22	received	2025-07-22 17:04:11.118191+00	2025-07-22 17:04:11.118208+00	1	1
13	2025-07-10	2025-07-10	25070103		441.00	0.00	441.00	credit	2025-08-10	received	2025-07-10 20:07:30.593714+00	2025-07-21 09:34:22.847852+00	1	1
35	2025-07-15	2025-07-15	25071503		1000.00	0.00	1000.00	credit	2025-07-31	received	2025-07-15 16:45:08.075782+00	2025-07-15 16:45:08.075793+00	1	10
19	2025-07-13	2025-07-13	25071301		3952.00	0.00	3952.00	credit	2025-08-10	received	2025-07-13 07:49:48.591404+00	2025-07-13 07:49:48.591417+00	1	1
45	2025-06-10	2025-06-10	SO-023582		950.00	0.00	950.00	credit	2025-07-31	received	2025-07-17 09:27:07.523164+00	2025-07-17 09:43:39.191738+00	1	14
50	2025-07-21	2025-07-21	25072102		153.00	0.00	153.00	credit	2025-07-31	received	2025-07-21 17:29:00.588368+00	2025-07-21 17:29:00.588381+00	1	11
39	2025-07-16	2025-07-16	25071602		615.00	0.00	615.00	credit	2025-07-30	received	2025-07-16 13:04:56.616205+00	2025-07-16 17:38:20.705878+00	1	15
55	2025-07-22	2025-07-22	25072204		211.00	0.00	211.00	credit	2025-07-31	received	2025-07-22 18:11:17.893755+00	2025-07-22 18:11:17.893767+00	1	17
41	2025-06-15	2025-07-16	789B		590.00	0.00	590.00	credit	2025-07-05	received	2025-07-16 18:27:34.949696+00	2025-07-16 18:27:34.949707+00	1	9
67	2025-07-25	2025-07-25	25072501		490.00	0.00	490.00	credit	2025-07-31	received	2025-07-25 17:30:04.299607+00	2025-07-25 17:30:04.29962+00	1	1
57	2025-07-22	2025-07-22	25072206		355.00	0.00	355.00	credit	2025-07-31	received	2025-07-22 18:16:23.984157+00	2025-07-22 18:16:23.984169+00	1	11
63	2025-07-23	2025-07-23	25072305		420.00	0.00	420.00	credit	2025-07-31	received	2025-07-23 17:10:33.1641+00	2025-07-23 17:48:24.470102+00	1	6
59	2025-07-23	2025-07-23	25072301		7880.00	0.00	7880.00	credit	2025-07-31	received	2025-07-23 08:09:07.686995+00	2025-07-23 08:09:07.687009+00	1	1
61	2025-07-23	2025-07-23	25072303		2159.00	0.00	2159.00	credit	2025-07-31	received	2025-07-23 14:12:33.680496+00	2025-07-23 14:14:26.776578+00	1	1
15	2025-07-12	2025-07-12	2025127		185.00	0.00	185.00	credit	2025-07-12	received	2025-07-12 08:01:49.422369+00	2025-07-12 08:01:49.422383+00	1	7
49	2025-07-21	2025-07-21	25012101		3722.00	0.00	3722.00	credit	2025-07-31	received	2025-07-21 17:27:10.031868+00	2025-07-21 17:55:04.847065+00	1	1
28	2025-07-14	2025-07-14	25071405		160.00	0.00	160.00	credit	2025-08-14	received	2025-07-14 14:28:48.71978+00	2025-07-14 14:28:48.719791+00	1	1
20	2025-07-13	2025-07-13	25071302		0.00	0.00	0.00	credit	\N	received	2025-07-13 16:38:42.708572+00	2025-07-13 16:38:42.708583+00	1	1
66	2025-07-24	2025-07-24	25072401		30.00	0.00	30.00	credit	2025-07-31	received	2025-07-24 18:40:36.747224+00	2025-07-24 18:40:36.747236+00	1	1
40	2025-07-16	2025-07-16	25071601		145.00	0.00	145.00	credit	2025-08-16	received	2025-07-16 17:36:54.911542+00	2025-07-16 17:36:54.911555+00	1	1
30	2025-07-14	2025-07-14	25071407		145.00	0.00	145.00	credit	2025-08-14	received	2025-07-14 14:46:55.287313+00	2025-07-14 14:46:55.287326+00	1	12
22	2025-07-13	2025-07-13	25071304		200.00	0.00	200.00	credit	2025-08-13	received	2025-07-13 17:53:47.699336+00	2025-07-13 17:53:47.699347+00	1	1
32	2025-07-14	2025-07-14	25071409		0.00	0.00	0.00	credit	2025-08-05	received	2025-07-14 17:04:23.941575+00	2025-07-14 17:04:23.941587+00	1	1
52	2025-07-22	2025-07-22	25072201		200.00	0.00	200.00	credit	2025-07-31	received	2025-07-22 07:39:33.614569+00	2025-07-22 07:39:33.61458+00	1	1
42	2025-07-16	2025-07-16	25071605		12.00	0.00	12.00	credit	2025-07-31	received	2025-07-16 18:32:40.039567+00	2025-07-16 18:32:40.039581+00	1	1
18	2025-07-10	2025-07-10	2501305		490.00	0.00	490.00	credit	\N	received	2025-07-12 16:00:24.244537+00	2025-07-17 07:43:37.089694+00	1	9
26	2025-07-14	2025-07-14	25071403		104.00	0.00	104.00	credit	2025-08-14	received	2025-07-14 13:57:20.331787+00	2025-07-14 13:57:20.331798+00	1	11
24	2025-07-14	2025-07-14	25071401		250.00	0.00	250.00	credit	2025-08-08	received	2025-07-14 12:49:41.656141+00	2025-07-14 13:57:40.05783+00	1	1
54	2025-07-22	2025-07-22	25072203		50.00	0.00	50.00	credit	2025-08-22	received	2025-07-22 17:12:13.604809+00	2025-07-22 17:12:13.604822+00	1	12
44	2025-07-17	2025-07-17	25071702		370.00	0.00	370.00	credit	2025-08-17	received	2025-07-17 07:46:52.531313+00	2025-07-17 07:46:52.531325+00	1	1
34	2025-07-15	2025-07-15	25071502		660.00	0.00	660.00	credit	2025-07-31	received	2025-07-15 15:34:00.599277+00	2025-07-15 15:34:00.599287+00	1	1
36	2025-07-15	2025-07-15	25071504		0.00	0.00	0.00	credit	2025-08-15	received	2025-07-15 17:42:58.5857+00	2025-07-15 17:42:58.585712+00	1	1
56	2025-07-22	2025-07-22	25072205		165.00	0.00	165.00	credit	2025-07-31	received	2025-07-22 18:12:38.223494+00	2025-07-22 18:12:38.223505+00	1	18
46	2025-07-19	2025-07-19	25071901		435.00	0.00	435.00	credit	2025-08-06	received	2025-07-19 07:31:00.870924+00	2025-07-19 07:53:30.111845+00	1	1
60	2025-07-23	2025-07-23	25072302		842.00	0.00	842.00	credit	2025-08-23	received	2025-07-23 11:05:26.02248+00	2025-07-23 13:28:05.028004+00	1	19
62	2025-07-23	2025-07-23	25072304		350.00	0.00	350.00	credit	2025-07-31	received	2025-07-23 15:25:04.997722+00	2025-07-23 15:25:04.997734+00	1	1
58	2025-07-22	2025-07-22	25072207		133.00	0.00	133.00	credit	2025-07-31	received	2025-07-22 18:18:49.146842+00	2025-07-22 18:21:27.661252+00	1	1
64	2025-07-23	2025-07-23	23072306		95.00	0.00	95.00	credit	2025-07-31	received	2025-07-23 17:47:52.179817+00	2025-07-23 17:50:10.802401+00	1	1
12	2025-07-01	2025-07-10	25070102		12206.00	0.00	12206.00	credit	2025-08-02	received	2025-07-10 19:17:25.366438+00	2025-07-24 09:23:35.099976+00	1	1
\.


--
-- Data for Name: procurement_purchasepayment; Type: TABLE DATA; Schema: public; Owner: dbadmin
--

COPY public.procurement_purchasepayment (id, amount, amount_due, payment_date, due_date, payment_method, reference, status, notes, created_at, updated_at, purchase_order_id) FROM stdin;
\.


--
-- Data for Name: procurement_supplier; Type: TABLE DATA; Schema: public; Owner: dbadmin
--

COPY public.procurement_supplier (id, name, contact_person, phone, email, address, tax_id, is_active, created_at, updated_at, site_id) FROM stdin;
1	Al Malika	Firoz	66824607				t	2025-07-10 12:28:34.264742+00	2025-07-10 12:28:34.264758+00	1
2	SEVAN STAR	MAJITH	70350519				t	2025-07-10 13:15:31.605389+00	2025-07-10 13:15:31.605403+00	1
6	AL TAMAYOZ -UNIQ TRADING	HAFEEL	50582326				t	2025-07-11 16:07:54.424371+00	2025-07-11 16:07:54.424388+00	1
7	GULF TRADING	FAIZAL	66622125				t	2025-07-12 07:59:45.32953+00	2025-07-12 07:59:45.329546+00	1
8	OXON	SABITH PER	70962030	oxonaccessories@gmail.com			t	2025-07-12 11:37:17.47546+00	2025-07-12 11:37:17.475475+00	1
9	ZX TECHNOLOGIES	NAJEEB	66744318				t	2025-07-12 15:53:51.22016+00	2025-07-12 15:53:51.220174+00	1
10	SITHI	MOHAMMED	50300913				t	2025-07-14 13:28:23.245427+00	2025-07-14 13:28:23.24544+00	1
11	Hi Print		51050345				t	2025-07-14 13:55:20.881896+00	2025-07-14 13:55:20.881907+00	1
12	JAPAN		66908225				t	2025-07-14 14:16:01.197727+00	2025-07-14 14:16:01.197742+00	1
13	UPC		55662281				t	2025-07-14 14:35:16.175161+00	2025-07-14 14:35:16.175175+00	1
14	Connect Computers & Mobiles	Ansil	30269118	info@connectgulf.com			t	2025-07-16 08:29:49.227177+00	2025-07-16 08:29:49.227194+00	1
15	OFFICE MART		1112233				t	2025-07-16 13:04:20.614268+00	2025-07-16 13:04:20.614281+00	1
16	SUPPLIERS		55557563				t	2025-07-20 15:10:03.557699+00	2025-07-20 15:10:03.557712+00	1
17	Seven Star Pazhani	Revanth	50826908				t	2025-07-22 18:04:23.813822+00	2025-07-22 18:04:23.813833+00	1
18	Itc		978465				t	2025-07-22 18:11:53.885807+00	2025-07-22 18:11:53.88582+00	1
19	Mobile Clinic	ABC	44442664	info@mobileclinicqa.com			t	2025-07-23 11:04:57.071441+00	2025-07-23 11:04:57.071455+00	1
20	Experience Home		70156948				t	2025-07-23 18:00:53.908024+00	2025-07-23 18:00:53.908038+00	1
\.


--
-- Data for Name: rbac_emailverification; Type: TABLE DATA; Schema: public; Owner: dbadmin
--

COPY public.rbac_emailverification (id, token, created_at, verified, user_id) FROM stdin;
\.


--
-- Data for Name: rbac_sitepermissionlog; Type: TABLE DATA; Schema: public; Owner: dbadmin
--

COPY public.rbac_sitepermissionlog (id, action, old_value, new_value, "timestamp", ip_address, user_agent, changed_by_id, site_id, user_id) FROM stdin;
\.


--
-- Data for Name: rbac_siterole; Type: TABLE DATA; Schema: public; Owner: dbadmin
--

COPY public.rbac_siterole (id, name, role_type, description, is_active, created_at, updated_at, can_view_dashboard, can_manage_products, can_manage_customers, can_manage_orders, can_view_reports, can_manage_users, can_manage_settings, can_access_admin, can_manage_finance, can_manage_procurement, site_id) FROM stdin;
1	Site Administrator	admin	Full access to all site features	t	2025-07-04 12:05:26.145662+00	2025-07-04 12:05:26.145684+00	t	t	t	t	t	t	t	t	t	t	1
2	Site Manager	manager	Manage products, orders, and view reports	t	2025-07-04 12:05:26.152096+00	2025-07-04 12:05:26.152109+00	t	t	t	t	t	f	f	t	f	t	1
3	Staff Member	staff	Basic access to dashboard and products	t	2025-07-04 12:05:26.157175+00	2025-07-04 12:05:26.157187+00	t	f	t	t	f	f	f	f	f	f	1
\.


--
-- Data for Name: rbac_siteuserprofile; Type: TABLE DATA; Schema: public; Owner: dbadmin
--

COPY public.rbac_siteuserprofile (id, department, employee_id, phone, is_site_active, last_login_site, created_at, updated_at, permission_overrides, role_id, site_id, user_id) FROM stdin;
5				t	2025-07-05 14:50:37.721103+00	2025-07-04 12:05:26.181123+00	2025-07-04 12:05:26.18113+00	{}	1	1	1
2				t	\N	2025-07-04 12:05:26.168345+00	2025-07-04 12:05:26.168354+00	{}	1	1	7
3				t	\N	2025-07-04 12:05:26.172682+00	2025-07-04 12:05:26.17269+00	{}	1	1	8
4				t	\N	2025-07-04 12:05:26.177001+00	2025-07-04 12:05:26.17701+00	{}	1	1	9
6				t	\N	2025-07-04 12:05:26.18529+00	2025-07-04 12:05:26.185298+00	{}	1	1	3
7				t	\N	2025-07-04 12:05:26.189164+00	2025-07-04 12:05:26.189171+00	{}	1	1	4
8				t	\N	2025-07-04 12:05:26.193072+00	2025-07-04 12:05:26.193079+00	{}	1	1	5
9				t	\N	2025-07-04 12:05:26.196799+00	2025-07-04 12:05:26.196808+00	{}	\N	1	6
1				t	2025-07-04 13:43:22.037445+00	2025-07-04 12:05:26.163215+00	2025-07-04 12:05:26.163224+00	{}	1	1	2
\.


--
-- Name: auth_group_id_seq; Type: SEQUENCE SET; Schema: public; Owner: dbadmin
--

SELECT pg_catalog.setval('public.auth_group_id_seq', 21, true);


--
-- Name: auth_group_permissions_id_seq; Type: SEQUENCE SET; Schema: public; Owner: dbadmin
--

SELECT pg_catalog.setval('public.auth_group_permissions_id_seq', 448, true);


--
-- Name: auth_permission_id_seq; Type: SEQUENCE SET; Schema: public; Owner: dbadmin
--

SELECT pg_catalog.setval('public.auth_permission_id_seq', 131, true);


--
-- Name: auth_user_groups_id_seq; Type: SEQUENCE SET; Schema: public; Owner: dbadmin
--

SELECT pg_catalog.setval('public.auth_user_groups_id_seq', 72, true);


--
-- Name: auth_user_id_seq; Type: SEQUENCE SET; Schema: public; Owner: dbadmin
--

SELECT pg_catalog.setval('public.auth_user_id_seq', 16, true);


--
-- Name: auth_user_user_permissions_id_seq; Type: SEQUENCE SET; Schema: public; Owner: dbadmin
--

SELECT pg_catalog.setval('public.auth_user_user_permissions_id_seq', 524, true);


--
-- Name: django_admin_log_id_seq; Type: SEQUENCE SET; Schema: public; Owner: dbadmin
--

SELECT pg_catalog.setval('public.django_admin_log_id_seq', 2106, true);


--
-- Name: django_content_type_id_seq; Type: SEQUENCE SET; Schema: public; Owner: dbadmin
--

SELECT pg_catalog.setval('public.django_content_type_id_seq', 32, true);


--
-- Name: django_migrations_id_seq; Type: SEQUENCE SET; Schema: public; Owner: dbadmin
--

SELECT pg_catalog.setval('public.django_migrations_id_seq', 51, true);


--
-- Name: django_site_id_seq; Type: SEQUENCE SET; Schema: public; Owner: dbadmin
--

SELECT pg_catalog.setval('public.django_site_id_seq', 2, true);


--
-- Name: finance_category_id_seq; Type: SEQUENCE SET; Schema: public; Owner: dbadmin
--

SELECT pg_catalog.setval('public.finance_category_id_seq', 3, true);


--
-- Name: finance_financetransaction_id_seq; Type: SEQUENCE SET; Schema: public; Owner: dbadmin
--

SELECT pg_catalog.setval('public.finance_financetransaction_id_seq', 201, true);


--
-- Name: finance_financialsummary_id_seq; Type: SEQUENCE SET; Schema: public; Owner: dbadmin
--

SELECT pg_catalog.setval('public.finance_financialsummary_id_seq', 3, true);


--
-- Name: finance_inventorytransaction_id_seq; Type: SEQUENCE SET; Schema: public; Owner: dbadmin
--

SELECT pg_catalog.setval('public.finance_inventorytransaction_id_seq', 362, true);


--
-- Name: portal_cart_id_seq; Type: SEQUENCE SET; Schema: public; Owner: dbadmin
--

SELECT pg_catalog.setval('public.portal_cart_id_seq', 1, false);


--
-- Name: portal_cartitem_id_seq; Type: SEQUENCE SET; Schema: public; Owner: dbadmin
--

SELECT pg_catalog.setval('public.portal_cartitem_id_seq', 1, false);


--
-- Name: portal_category_id_seq; Type: SEQUENCE SET; Schema: public; Owner: dbadmin
--

SELECT pg_catalog.setval('public.portal_category_id_seq', 27, true);


--
-- Name: portal_customer_id_seq; Type: SEQUENCE SET; Schema: public; Owner: dbadmin
--

SELECT pg_catalog.setval('public.portal_customer_id_seq', 67, true);


--
-- Name: portal_invoice_id_seq; Type: SEQUENCE SET; Schema: public; Owner: dbadmin
--

SELECT pg_catalog.setval('public.portal_invoice_id_seq', 236, true);


--
-- Name: portal_invoiceitem_id_seq; Type: SEQUENCE SET; Schema: public; Owner: dbadmin
--

SELECT pg_catalog.setval('public.portal_invoiceitem_id_seq', 293, true);


--
-- Name: portal_order_id_seq; Type: SEQUENCE SET; Schema: public; Owner: dbadmin
--

SELECT pg_catalog.setval('public.portal_order_id_seq', 1, false);


--
-- Name: portal_order_items_id_seq; Type: SEQUENCE SET; Schema: public; Owner: dbadmin
--

SELECT pg_catalog.setval('public.portal_order_items_id_seq', 1, false);


--
-- Name: portal_product_id_seq; Type: SEQUENCE SET; Schema: public; Owner: dbadmin
--

SELECT pg_catalog.setval('public.portal_product_id_seq', 1035, true);


--
-- Name: portal_productenquiry_id_seq; Type: SEQUENCE SET; Schema: public; Owner: dbadmin
--

SELECT pg_catalog.setval('public.portal_productenquiry_id_seq', 1, true);


--
-- Name: procurement_purchaseitem_id_seq; Type: SEQUENCE SET; Schema: public; Owner: dbadmin
--

SELECT pg_catalog.setval('public.procurement_purchaseitem_id_seq', 398, true);


--
-- Name: procurement_purchaseorder_id_seq; Type: SEQUENCE SET; Schema: public; Owner: dbadmin
--

SELECT pg_catalog.setval('public.procurement_purchaseorder_id_seq', 67, true);


--
-- Name: procurement_purchasepayment_id_seq; Type: SEQUENCE SET; Schema: public; Owner: dbadmin
--

SELECT pg_catalog.setval('public.procurement_purchasepayment_id_seq', 2, true);


--
-- Name: procurement_supplier_id_seq; Type: SEQUENCE SET; Schema: public; Owner: dbadmin
--

SELECT pg_catalog.setval('public.procurement_supplier_id_seq', 20, true);


--
-- Name: rbac_emailverification_id_seq; Type: SEQUENCE SET; Schema: public; Owner: dbadmin
--

SELECT pg_catalog.setval('public.rbac_emailverification_id_seq', 1, false);


--
-- Name: rbac_sitepermissionlog_id_seq; Type: SEQUENCE SET; Schema: public; Owner: dbadmin
--

SELECT pg_catalog.setval('public.rbac_sitepermissionlog_id_seq', 1, false);


--
-- Name: rbac_siterole_id_seq; Type: SEQUENCE SET; Schema: public; Owner: dbadmin
--

SELECT pg_catalog.setval('public.rbac_siterole_id_seq', 3, true);


--
-- Name: rbac_siteuserprofile_id_seq; Type: SEQUENCE SET; Schema: public; Owner: dbadmin
--

SELECT pg_catalog.setval('public.rbac_siteuserprofile_id_seq', 9, true);


--
-- Name: auth_group auth_group_name_key; Type: CONSTRAINT; Schema: public; Owner: dbadmin
--

ALTER TABLE ONLY public.auth_group
    ADD CONSTRAINT auth_group_name_key UNIQUE (name);


--
-- Name: auth_group_permissions auth_group_permissions_group_id_permission_id_0cd325b0_uniq; Type: CONSTRAINT; Schema: public; Owner: dbadmin
--

ALTER TABLE ONLY public.auth_group_permissions
    ADD CONSTRAINT auth_group_permissions_group_id_permission_id_0cd325b0_uniq UNIQUE (group_id, permission_id);


--
-- Name: auth_group_permissions auth_group_permissions_pkey; Type: CONSTRAINT; Schema: public; Owner: dbadmin
--

ALTER TABLE ONLY public.auth_group_permissions
    ADD CONSTRAINT auth_group_permissions_pkey PRIMARY KEY (id);


--
-- Name: auth_group auth_group_pkey; Type: CONSTRAINT; Schema: public; Owner: dbadmin
--

ALTER TABLE ONLY public.auth_group
    ADD CONSTRAINT auth_group_pkey PRIMARY KEY (id);


--
-- Name: auth_permission auth_permission_content_type_id_codename_01ab375a_uniq; Type: CONSTRAINT; Schema: public; Owner: dbadmin
--

ALTER TABLE ONLY public.auth_permission
    ADD CONSTRAINT auth_permission_content_type_id_codename_01ab375a_uniq UNIQUE (content_type_id, codename);


--
-- Name: auth_permission auth_permission_pkey; Type: CONSTRAINT; Schema: public; Owner: dbadmin
--

ALTER TABLE ONLY public.auth_permission
    ADD CONSTRAINT auth_permission_pkey PRIMARY KEY (id);


--
-- Name: auth_user_groups auth_user_groups_pkey; Type: CONSTRAINT; Schema: public; Owner: dbadmin
--

ALTER TABLE ONLY public.auth_user_groups
    ADD CONSTRAINT auth_user_groups_pkey PRIMARY KEY (id);


--
-- Name: auth_user_groups auth_user_groups_user_id_group_id_94350c0c_uniq; Type: CONSTRAINT; Schema: public; Owner: dbadmin
--

ALTER TABLE ONLY public.auth_user_groups
    ADD CONSTRAINT auth_user_groups_user_id_group_id_94350c0c_uniq UNIQUE (user_id, group_id);


--
-- Name: auth_user auth_user_pkey; Type: CONSTRAINT; Schema: public; Owner: dbadmin
--

ALTER TABLE ONLY public.auth_user
    ADD CONSTRAINT auth_user_pkey PRIMARY KEY (id);


--
-- Name: auth_user_user_permissions auth_user_user_permissions_pkey; Type: CONSTRAINT; Schema: public; Owner: dbadmin
--

ALTER TABLE ONLY public.auth_user_user_permissions
    ADD CONSTRAINT auth_user_user_permissions_pkey PRIMARY KEY (id);


--
-- Name: auth_user_user_permissions auth_user_user_permissions_user_id_permission_id_14a6b632_uniq; Type: CONSTRAINT; Schema: public; Owner: dbadmin
--

ALTER TABLE ONLY public.auth_user_user_permissions
    ADD CONSTRAINT auth_user_user_permissions_user_id_permission_id_14a6b632_uniq UNIQUE (user_id, permission_id);


--
-- Name: auth_user auth_user_username_key; Type: CONSTRAINT; Schema: public; Owner: dbadmin
--

ALTER TABLE ONLY public.auth_user
    ADD CONSTRAINT auth_user_username_key UNIQUE (username);


--
-- Name: django_admin_log django_admin_log_pkey; Type: CONSTRAINT; Schema: public; Owner: dbadmin
--

ALTER TABLE ONLY public.django_admin_log
    ADD CONSTRAINT django_admin_log_pkey PRIMARY KEY (id);


--
-- Name: django_content_type django_content_type_app_label_model_76bd3d3b_uniq; Type: CONSTRAINT; Schema: public; Owner: dbadmin
--

ALTER TABLE ONLY public.django_content_type
    ADD CONSTRAINT django_content_type_app_label_model_76bd3d3b_uniq UNIQUE (app_label, model);


--
-- Name: django_content_type django_content_type_pkey; Type: CONSTRAINT; Schema: public; Owner: dbadmin
--

ALTER TABLE ONLY public.django_content_type
    ADD CONSTRAINT django_content_type_pkey PRIMARY KEY (id);


--
-- Name: django_migrations django_migrations_pkey; Type: CONSTRAINT; Schema: public; Owner: dbadmin
--

ALTER TABLE ONLY public.django_migrations
    ADD CONSTRAINT django_migrations_pkey PRIMARY KEY (id);


--
-- Name: django_session django_session_pkey; Type: CONSTRAINT; Schema: public; Owner: dbadmin
--

ALTER TABLE ONLY public.django_session
    ADD CONSTRAINT django_session_pkey PRIMARY KEY (session_key);


--
-- Name: django_site django_site_domain_a2e37b91_uniq; Type: CONSTRAINT; Schema: public; Owner: dbadmin
--

ALTER TABLE ONLY public.django_site
    ADD CONSTRAINT django_site_domain_a2e37b91_uniq UNIQUE (domain);


--
-- Name: django_site django_site_pkey; Type: CONSTRAINT; Schema: public; Owner: dbadmin
--

ALTER TABLE ONLY public.django_site
    ADD CONSTRAINT django_site_pkey PRIMARY KEY (id);


--
-- Name: finance_category finance_category_pkey; Type: CONSTRAINT; Schema: public; Owner: dbadmin
--

ALTER TABLE ONLY public.finance_category
    ADD CONSTRAINT finance_category_pkey PRIMARY KEY (id);


--
-- Name: finance_category finance_category_site_id_name_type_35ef8898_uniq; Type: CONSTRAINT; Schema: public; Owner: dbadmin
--

ALTER TABLE ONLY public.finance_category
    ADD CONSTRAINT finance_category_site_id_name_type_35ef8898_uniq UNIQUE (site_id, name, type);


--
-- Name: finance_financetransaction finance_financetransaction_pkey; Type: CONSTRAINT; Schema: public; Owner: dbadmin
--

ALTER TABLE ONLY public.finance_financetransaction
    ADD CONSTRAINT finance_financetransaction_pkey PRIMARY KEY (id);


--
-- Name: finance_financialsummary finance_financialsummary_pkey; Type: CONSTRAINT; Schema: public; Owner: dbadmin
--

ALTER TABLE ONLY public.finance_financialsummary
    ADD CONSTRAINT finance_financialsummary_pkey PRIMARY KEY (id);


--
-- Name: finance_financialsummary finance_financialsummary_site_id_year_month_918e3b05_uniq; Type: CONSTRAINT; Schema: public; Owner: dbadmin
--

ALTER TABLE ONLY public.finance_financialsummary
    ADD CONSTRAINT finance_financialsummary_site_id_year_month_918e3b05_uniq UNIQUE (site_id, year, month);


--
-- Name: finance_inventorytransaction finance_inventorytransaction_pkey; Type: CONSTRAINT; Schema: public; Owner: dbadmin
--

ALTER TABLE ONLY public.finance_inventorytransaction
    ADD CONSTRAINT finance_inventorytransaction_pkey PRIMARY KEY (id);


--
-- Name: portal_cart portal_cart_pkey; Type: CONSTRAINT; Schema: public; Owner: dbadmin
--

ALTER TABLE ONLY public.portal_cart
    ADD CONSTRAINT portal_cart_pkey PRIMARY KEY (id);


--
-- Name: portal_cartitem portal_cartitem_pkey; Type: CONSTRAINT; Schema: public; Owner: dbadmin
--

ALTER TABLE ONLY public.portal_cartitem
    ADD CONSTRAINT portal_cartitem_pkey PRIMARY KEY (id);


--
-- Name: portal_category portal_category_pkey; Type: CONSTRAINT; Schema: public; Owner: dbadmin
--

ALTER TABLE ONLY public.portal_category
    ADD CONSTRAINT portal_category_pkey PRIMARY KEY (id);


--
-- Name: portal_customer portal_customer_customer_id_key; Type: CONSTRAINT; Schema: public; Owner: dbadmin
--

ALTER TABLE ONLY public.portal_customer
    ADD CONSTRAINT portal_customer_customer_id_key UNIQUE (customer_id);


--
-- Name: portal_customer portal_customer_pkey; Type: CONSTRAINT; Schema: public; Owner: dbadmin
--

ALTER TABLE ONLY public.portal_customer
    ADD CONSTRAINT portal_customer_pkey PRIMARY KEY (id);


--
-- Name: portal_invoice portal_invoice_invoice_number_key; Type: CONSTRAINT; Schema: public; Owner: dbadmin
--

ALTER TABLE ONLY public.portal_invoice
    ADD CONSTRAINT portal_invoice_invoice_number_key UNIQUE (invoice_number);


--
-- Name: portal_invoice portal_invoice_pkey; Type: CONSTRAINT; Schema: public; Owner: dbadmin
--

ALTER TABLE ONLY public.portal_invoice
    ADD CONSTRAINT portal_invoice_pkey PRIMARY KEY (id);


--
-- Name: portal_invoiceitem portal_invoiceitem_pkey; Type: CONSTRAINT; Schema: public; Owner: dbadmin
--

ALTER TABLE ONLY public.portal_invoiceitem
    ADD CONSTRAINT portal_invoiceitem_pkey PRIMARY KEY (id);


--
-- Name: portal_order_items portal_order_items_order_id_cartitem_id_9b4b2b4d_uniq; Type: CONSTRAINT; Schema: public; Owner: dbadmin
--

ALTER TABLE ONLY public.portal_order_items
    ADD CONSTRAINT portal_order_items_order_id_cartitem_id_9b4b2b4d_uniq UNIQUE (order_id, cartitem_id);


--
-- Name: portal_order_items portal_order_items_pkey; Type: CONSTRAINT; Schema: public; Owner: dbadmin
--

ALTER TABLE ONLY public.portal_order_items
    ADD CONSTRAINT portal_order_items_pkey PRIMARY KEY (id);


--
-- Name: portal_order portal_order_order_number_key; Type: CONSTRAINT; Schema: public; Owner: dbadmin
--

ALTER TABLE ONLY public.portal_order
    ADD CONSTRAINT portal_order_order_number_key UNIQUE (order_number);


--
-- Name: portal_order portal_order_pkey; Type: CONSTRAINT; Schema: public; Owner: dbadmin
--

ALTER TABLE ONLY public.portal_order
    ADD CONSTRAINT portal_order_pkey PRIMARY KEY (id);


--
-- Name: portal_product portal_product_barcode_key; Type: CONSTRAINT; Schema: public; Owner: dbadmin
--

ALTER TABLE ONLY public.portal_product
    ADD CONSTRAINT portal_product_barcode_key UNIQUE (barcode);


--
-- Name: portal_product portal_product_pkey; Type: CONSTRAINT; Schema: public; Owner: dbadmin
--

ALTER TABLE ONLY public.portal_product
    ADD CONSTRAINT portal_product_pkey PRIMARY KEY (id);


--
-- Name: portal_product portal_product_sku_key; Type: CONSTRAINT; Schema: public; Owner: dbadmin
--

ALTER TABLE ONLY public.portal_product
    ADD CONSTRAINT portal_product_sku_key UNIQUE (sku);


--
-- Name: portal_productenquiry portal_productenquiry_pkey; Type: CONSTRAINT; Schema: public; Owner: dbadmin
--

ALTER TABLE ONLY public.portal_productenquiry
    ADD CONSTRAINT portal_productenquiry_pkey PRIMARY KEY (id);


--
-- Name: procurement_purchaseitem procurement_purchaseitem_pkey; Type: CONSTRAINT; Schema: public; Owner: dbadmin
--

ALTER TABLE ONLY public.procurement_purchaseitem
    ADD CONSTRAINT procurement_purchaseitem_pkey PRIMARY KEY (id);


--
-- Name: procurement_purchaseorder procurement_purchaseorder_pkey; Type: CONSTRAINT; Schema: public; Owner: dbadmin
--

ALTER TABLE ONLY public.procurement_purchaseorder
    ADD CONSTRAINT procurement_purchaseorder_pkey PRIMARY KEY (id);


--
-- Name: procurement_purchaseorder procurement_purchaseorder_reference_key; Type: CONSTRAINT; Schema: public; Owner: dbadmin
--

ALTER TABLE ONLY public.procurement_purchaseorder
    ADD CONSTRAINT procurement_purchaseorder_reference_key UNIQUE (reference);


--
-- Name: procurement_purchaseorder procurement_purchaseorder_site_id_reference_ec483e1a_uniq; Type: CONSTRAINT; Schema: public; Owner: dbadmin
--

ALTER TABLE ONLY public.procurement_purchaseorder
    ADD CONSTRAINT procurement_purchaseorder_site_id_reference_ec483e1a_uniq UNIQUE (site_id, reference);


--
-- Name: procurement_purchasepayment procurement_purchasepayment_pkey; Type: CONSTRAINT; Schema: public; Owner: dbadmin
--

ALTER TABLE ONLY public.procurement_purchasepayment
    ADD CONSTRAINT procurement_purchasepayment_pkey PRIMARY KEY (id);


--
-- Name: procurement_supplier procurement_supplier_pkey; Type: CONSTRAINT; Schema: public; Owner: dbadmin
--

ALTER TABLE ONLY public.procurement_supplier
    ADD CONSTRAINT procurement_supplier_pkey PRIMARY KEY (id);


--
-- Name: procurement_supplier procurement_supplier_site_id_name_134db67e_uniq; Type: CONSTRAINT; Schema: public; Owner: dbadmin
--

ALTER TABLE ONLY public.procurement_supplier
    ADD CONSTRAINT procurement_supplier_site_id_name_134db67e_uniq UNIQUE (site_id, name);


--
-- Name: rbac_emailverification rbac_emailverification_pkey; Type: CONSTRAINT; Schema: public; Owner: dbadmin
--

ALTER TABLE ONLY public.rbac_emailverification
    ADD CONSTRAINT rbac_emailverification_pkey PRIMARY KEY (id);


--
-- Name: rbac_emailverification rbac_emailverification_token_key; Type: CONSTRAINT; Schema: public; Owner: dbadmin
--

ALTER TABLE ONLY public.rbac_emailverification
    ADD CONSTRAINT rbac_emailverification_token_key UNIQUE (token);


--
-- Name: rbac_emailverification rbac_emailverification_user_id_key; Type: CONSTRAINT; Schema: public; Owner: dbadmin
--

ALTER TABLE ONLY public.rbac_emailverification
    ADD CONSTRAINT rbac_emailverification_user_id_key UNIQUE (user_id);


--
-- Name: rbac_sitepermissionlog rbac_sitepermissionlog_pkey; Type: CONSTRAINT; Schema: public; Owner: dbadmin
--

ALTER TABLE ONLY public.rbac_sitepermissionlog
    ADD CONSTRAINT rbac_sitepermissionlog_pkey PRIMARY KEY (id);


--
-- Name: rbac_siterole rbac_siterole_pkey; Type: CONSTRAINT; Schema: public; Owner: dbadmin
--

ALTER TABLE ONLY public.rbac_siterole
    ADD CONSTRAINT rbac_siterole_pkey PRIMARY KEY (id);


--
-- Name: rbac_siterole rbac_siterole_site_id_name_d6965a6e_uniq; Type: CONSTRAINT; Schema: public; Owner: dbadmin
--

ALTER TABLE ONLY public.rbac_siterole
    ADD CONSTRAINT rbac_siterole_site_id_name_d6965a6e_uniq UNIQUE (site_id, name);


--
-- Name: rbac_siteuserprofile rbac_siteuserprofile_pkey; Type: CONSTRAINT; Schema: public; Owner: dbadmin
--

ALTER TABLE ONLY public.rbac_siteuserprofile
    ADD CONSTRAINT rbac_siteuserprofile_pkey PRIMARY KEY (id);


--
-- Name: rbac_siteuserprofile rbac_siteuserprofile_user_id_site_id_4d0cef18_uniq; Type: CONSTRAINT; Schema: public; Owner: dbadmin
--

ALTER TABLE ONLY public.rbac_siteuserprofile
    ADD CONSTRAINT rbac_siteuserprofile_user_id_site_id_4d0cef18_uniq UNIQUE (user_id, site_id);


--
-- Name: portal_invoice unique_invoice_number; Type: CONSTRAINT; Schema: public; Owner: dbadmin
--

ALTER TABLE ONLY public.portal_invoice
    ADD CONSTRAINT unique_invoice_number UNIQUE (invoice_number);


--
-- Name: auth_group_name_a6ea08ec_like; Type: INDEX; Schema: public; Owner: dbadmin
--

CREATE INDEX auth_group_name_a6ea08ec_like ON public.auth_group USING btree (name varchar_pattern_ops);


--
-- Name: auth_group_permissions_group_id_b120cbf9; Type: INDEX; Schema: public; Owner: dbadmin
--

CREATE INDEX auth_group_permissions_group_id_b120cbf9 ON public.auth_group_permissions USING btree (group_id);


--
-- Name: auth_group_permissions_permission_id_84c5c92e; Type: INDEX; Schema: public; Owner: dbadmin
--

CREATE INDEX auth_group_permissions_permission_id_84c5c92e ON public.auth_group_permissions USING btree (permission_id);


--
-- Name: auth_permission_content_type_id_2f476e4b; Type: INDEX; Schema: public; Owner: dbadmin
--

CREATE INDEX auth_permission_content_type_id_2f476e4b ON public.auth_permission USING btree (content_type_id);


--
-- Name: auth_user_groups_group_id_97559544; Type: INDEX; Schema: public; Owner: dbadmin
--

CREATE INDEX auth_user_groups_group_id_97559544 ON public.auth_user_groups USING btree (group_id);


--
-- Name: auth_user_groups_user_id_6a12ed8b; Type: INDEX; Schema: public; Owner: dbadmin
--

CREATE INDEX auth_user_groups_user_id_6a12ed8b ON public.auth_user_groups USING btree (user_id);


--
-- Name: auth_user_user_permissions_permission_id_1fbb5f2c; Type: INDEX; Schema: public; Owner: dbadmin
--

CREATE INDEX auth_user_user_permissions_permission_id_1fbb5f2c ON public.auth_user_user_permissions USING btree (permission_id);


--
-- Name: auth_user_user_permissions_user_id_a95ead1b; Type: INDEX; Schema: public; Owner: dbadmin
--

CREATE INDEX auth_user_user_permissions_user_id_a95ead1b ON public.auth_user_user_permissions USING btree (user_id);


--
-- Name: auth_user_username_6821ab7c_like; Type: INDEX; Schema: public; Owner: dbadmin
--

CREATE INDEX auth_user_username_6821ab7c_like ON public.auth_user USING btree (username varchar_pattern_ops);


--
-- Name: django_admin_log_content_type_id_c4bce8eb; Type: INDEX; Schema: public; Owner: dbadmin
--

CREATE INDEX django_admin_log_content_type_id_c4bce8eb ON public.django_admin_log USING btree (content_type_id);


--
-- Name: django_admin_log_user_id_c564eba6; Type: INDEX; Schema: public; Owner: dbadmin
--

CREATE INDEX django_admin_log_user_id_c564eba6 ON public.django_admin_log USING btree (user_id);


--
-- Name: django_session_expire_date_a5c62663; Type: INDEX; Schema: public; Owner: dbadmin
--

CREATE INDEX django_session_expire_date_a5c62663 ON public.django_session USING btree (expire_date);


--
-- Name: django_session_session_key_c0390e0f_like; Type: INDEX; Schema: public; Owner: dbadmin
--

CREATE INDEX django_session_session_key_c0390e0f_like ON public.django_session USING btree (session_key varchar_pattern_ops);


--
-- Name: django_site_domain_a2e37b91_like; Type: INDEX; Schema: public; Owner: dbadmin
--

CREATE INDEX django_site_domain_a2e37b91_like ON public.django_site USING btree (domain varchar_pattern_ops);


--
-- Name: finance_category_site_id_e27e7056; Type: INDEX; Schema: public; Owner: dbadmin
--

CREATE INDEX finance_category_site_id_e27e7056 ON public.finance_category USING btree (site_id);


--
-- Name: finance_financetransaction_category_id_3959611a; Type: INDEX; Schema: public; Owner: dbadmin
--

CREATE INDEX finance_financetransaction_category_id_3959611a ON public.finance_financetransaction USING btree (category_id);


--
-- Name: finance_financetransaction_created_by_id_58c0f23f; Type: INDEX; Schema: public; Owner: dbadmin
--

CREATE INDEX finance_financetransaction_created_by_id_58c0f23f ON public.finance_financetransaction USING btree (created_by_id);


--
-- Name: finance_financetransaction_site_id_245bb3d4; Type: INDEX; Schema: public; Owner: dbadmin
--

CREATE INDEX finance_financetransaction_site_id_245bb3d4 ON public.finance_financetransaction USING btree (site_id);


--
-- Name: finance_financialsummary_site_id_29a0fa81; Type: INDEX; Schema: public; Owner: dbadmin
--

CREATE INDEX finance_financialsummary_site_id_29a0fa81 ON public.finance_financialsummary USING btree (site_id);


--
-- Name: finance_inventorytransaction_invoice_id_e107081e; Type: INDEX; Schema: public; Owner: dbadmin
--

CREATE INDEX finance_inventorytransaction_invoice_id_e107081e ON public.finance_inventorytransaction USING btree (invoice_id);


--
-- Name: finance_inventorytransaction_product_id_ba349de7; Type: INDEX; Schema: public; Owner: dbadmin
--

CREATE INDEX finance_inventorytransaction_product_id_ba349de7 ON public.finance_inventorytransaction USING btree (product_id);


--
-- Name: finance_inventorytransaction_purchase_order_id_d96c886a; Type: INDEX; Schema: public; Owner: dbadmin
--

CREATE INDEX finance_inventorytransaction_purchase_order_id_d96c886a ON public.finance_inventorytransaction USING btree (purchase_order_id);


--
-- Name: finance_inventorytransaction_site_id_4af52573; Type: INDEX; Schema: public; Owner: dbadmin
--

CREATE INDEX finance_inventorytransaction_site_id_4af52573 ON public.finance_inventorytransaction USING btree (site_id);


--
-- Name: portal_cart_site_id_1aa65fc2; Type: INDEX; Schema: public; Owner: dbadmin
--

CREATE INDEX portal_cart_site_id_1aa65fc2 ON public.portal_cart USING btree (site_id);


--
-- Name: portal_cart_user_id_a0416fb8; Type: INDEX; Schema: public; Owner: dbadmin
--

CREATE INDEX portal_cart_user_id_a0416fb8 ON public.portal_cart USING btree (user_id);


--
-- Name: portal_cartitem_cart_id_d0248d22; Type: INDEX; Schema: public; Owner: dbadmin
--

CREATE INDEX portal_cartitem_cart_id_d0248d22 ON public.portal_cartitem USING btree (cart_id);


--
-- Name: portal_cartitem_product_id_95e56fa5; Type: INDEX; Schema: public; Owner: dbadmin
--

CREATE INDEX portal_cartitem_product_id_95e56fa5 ON public.portal_cartitem USING btree (product_id);


--
-- Name: portal_cartitem_site_id_d21df4b0; Type: INDEX; Schema: public; Owner: dbadmin
--

CREATE INDEX portal_cartitem_site_id_d21df4b0 ON public.portal_cartitem USING btree (site_id);


--
-- Name: portal_category_parent_id_e8f64490; Type: INDEX; Schema: public; Owner: dbadmin
--

CREATE INDEX portal_category_parent_id_e8f64490 ON public.portal_category USING btree (parent_id);


--
-- Name: portal_category_site_id_05dcb258; Type: INDEX; Schema: public; Owner: dbadmin
--

CREATE INDEX portal_category_site_id_05dcb258 ON public.portal_category USING btree (site_id);


--
-- Name: portal_customer_customer_id_4027fd3a_like; Type: INDEX; Schema: public; Owner: dbadmin
--

CREATE INDEX portal_customer_customer_id_4027fd3a_like ON public.portal_customer USING btree (customer_id varchar_pattern_ops);


--
-- Name: portal_customer_site_id_1feab244; Type: INDEX; Schema: public; Owner: dbadmin
--

CREATE INDEX portal_customer_site_id_1feab244 ON public.portal_customer USING btree (site_id);


--
-- Name: portal_invoice_customer_id_57ce33cf; Type: INDEX; Schema: public; Owner: dbadmin
--

CREATE INDEX portal_invoice_customer_id_57ce33cf ON public.portal_invoice USING btree (customer_id);


--
-- Name: portal_invoice_invoice_number_aae5bf41_like; Type: INDEX; Schema: public; Owner: dbadmin
--

CREATE INDEX portal_invoice_invoice_number_aae5bf41_like ON public.portal_invoice USING btree (invoice_number varchar_pattern_ops);


--
-- Name: portal_invoice_site_id_5ba625f2; Type: INDEX; Schema: public; Owner: dbadmin
--

CREATE INDEX portal_invoice_site_id_5ba625f2 ON public.portal_invoice USING btree (site_id);


--
-- Name: portal_invoiceitem_invoice_id_b9b62dc0; Type: INDEX; Schema: public; Owner: dbadmin
--

CREATE INDEX portal_invoiceitem_invoice_id_b9b62dc0 ON public.portal_invoiceitem USING btree (invoice_id);


--
-- Name: portal_invoiceitem_product_id_ac28485b; Type: INDEX; Schema: public; Owner: dbadmin
--

CREATE INDEX portal_invoiceitem_product_id_ac28485b ON public.portal_invoiceitem USING btree (product_id);


--
-- Name: portal_invoiceitem_site_id_3e526a6c; Type: INDEX; Schema: public; Owner: dbadmin
--

CREATE INDEX portal_invoiceitem_site_id_3e526a6c ON public.portal_invoiceitem USING btree (site_id);


--
-- Name: portal_order_items_cartitem_id_4ad2d0f9; Type: INDEX; Schema: public; Owner: dbadmin
--

CREATE INDEX portal_order_items_cartitem_id_4ad2d0f9 ON public.portal_order_items USING btree (cartitem_id);


--
-- Name: portal_order_items_order_id_cf61a11f; Type: INDEX; Schema: public; Owner: dbadmin
--

CREATE INDEX portal_order_items_order_id_cf61a11f ON public.portal_order_items USING btree (order_id);


--
-- Name: portal_order_order_number_01598a91_like; Type: INDEX; Schema: public; Owner: dbadmin
--

CREATE INDEX portal_order_order_number_01598a91_like ON public.portal_order USING btree (order_number varchar_pattern_ops);


--
-- Name: portal_order_site_id_464b62dd; Type: INDEX; Schema: public; Owner: dbadmin
--

CREATE INDEX portal_order_site_id_464b62dd ON public.portal_order USING btree (site_id);


--
-- Name: portal_order_user_id_66e3ff23; Type: INDEX; Schema: public; Owner: dbadmin
--

CREATE INDEX portal_order_user_id_66e3ff23 ON public.portal_order USING btree (user_id);


--
-- Name: portal_product_barcode_bd16404c_like; Type: INDEX; Schema: public; Owner: dbadmin
--

CREATE INDEX portal_product_barcode_bd16404c_like ON public.portal_product USING btree (barcode varchar_pattern_ops);


--
-- Name: portal_product_category_id_969edd5c; Type: INDEX; Schema: public; Owner: dbadmin
--

CREATE INDEX portal_product_category_id_969edd5c ON public.portal_product USING btree (category_id);


--
-- Name: portal_product_site_id_4e2e0982; Type: INDEX; Schema: public; Owner: dbadmin
--

CREATE INDEX portal_product_site_id_4e2e0982 ON public.portal_product USING btree (site_id);


--
-- Name: portal_product_sku_85ce5df2_like; Type: INDEX; Schema: public; Owner: dbadmin
--

CREATE INDEX portal_product_sku_85ce5df2_like ON public.portal_product USING btree (sku varchar_pattern_ops);


--
-- Name: portal_productenquiry_site_id_323ef427; Type: INDEX; Schema: public; Owner: dbadmin
--

CREATE INDEX portal_productenquiry_site_id_323ef427 ON public.portal_productenquiry USING btree (site_id);


--
-- Name: procurement_purchaseitem_product_id_a6fe7825; Type: INDEX; Schema: public; Owner: dbadmin
--

CREATE INDEX procurement_purchaseitem_product_id_a6fe7825 ON public.procurement_purchaseitem USING btree (product_id);


--
-- Name: procurement_purchaseitem_purchase_order_id_68afb628; Type: INDEX; Schema: public; Owner: dbadmin
--

CREATE INDEX procurement_purchaseitem_purchase_order_id_68afb628 ON public.procurement_purchaseitem USING btree (purchase_order_id);


--
-- Name: procurement_purchaseorder_reference_77c49354_like; Type: INDEX; Schema: public; Owner: dbadmin
--

CREATE INDEX procurement_purchaseorder_reference_77c49354_like ON public.procurement_purchaseorder USING btree (reference varchar_pattern_ops);


--
-- Name: procurement_purchaseorder_site_id_f7727909; Type: INDEX; Schema: public; Owner: dbadmin
--

CREATE INDEX procurement_purchaseorder_site_id_f7727909 ON public.procurement_purchaseorder USING btree (site_id);


--
-- Name: procurement_purchaseorder_supplier_id_119eb9cd; Type: INDEX; Schema: public; Owner: dbadmin
--

CREATE INDEX procurement_purchaseorder_supplier_id_119eb9cd ON public.procurement_purchaseorder USING btree (supplier_id);


--
-- Name: procurement_purchasepayment_purchase_order_id_53f43df3; Type: INDEX; Schema: public; Owner: dbadmin
--

CREATE INDEX procurement_purchasepayment_purchase_order_id_53f43df3 ON public.procurement_purchasepayment USING btree (purchase_order_id);


--
-- Name: procurement_supplier_site_id_e1906699; Type: INDEX; Schema: public; Owner: dbadmin
--

CREATE INDEX procurement_supplier_site_id_e1906699 ON public.procurement_supplier USING btree (site_id);


--
-- Name: rbac_emailverification_token_41a76161_like; Type: INDEX; Schema: public; Owner: dbadmin
--

CREATE INDEX rbac_emailverification_token_41a76161_like ON public.rbac_emailverification USING btree (token varchar_pattern_ops);


--
-- Name: rbac_sitepermissionlog_changed_by_id_a952010b; Type: INDEX; Schema: public; Owner: dbadmin
--

CREATE INDEX rbac_sitepermissionlog_changed_by_id_a952010b ON public.rbac_sitepermissionlog USING btree (changed_by_id);


--
-- Name: rbac_sitepermissionlog_site_id_adb536ab; Type: INDEX; Schema: public; Owner: dbadmin
--

CREATE INDEX rbac_sitepermissionlog_site_id_adb536ab ON public.rbac_sitepermissionlog USING btree (site_id);


--
-- Name: rbac_sitepermissionlog_user_id_d6661d99; Type: INDEX; Schema: public; Owner: dbadmin
--

CREATE INDEX rbac_sitepermissionlog_user_id_d6661d99 ON public.rbac_sitepermissionlog USING btree (user_id);


--
-- Name: rbac_siterole_site_id_70f87136; Type: INDEX; Schema: public; Owner: dbadmin
--

CREATE INDEX rbac_siterole_site_id_70f87136 ON public.rbac_siterole USING btree (site_id);


--
-- Name: rbac_siteuserprofile_role_id_00ed4aec; Type: INDEX; Schema: public; Owner: dbadmin
--

CREATE INDEX rbac_siteuserprofile_role_id_00ed4aec ON public.rbac_siteuserprofile USING btree (role_id);


--
-- Name: rbac_siteuserprofile_site_id_b7e7d488; Type: INDEX; Schema: public; Owner: dbadmin
--

CREATE INDEX rbac_siteuserprofile_site_id_b7e7d488 ON public.rbac_siteuserprofile USING btree (site_id);


--
-- Name: rbac_siteuserprofile_user_id_74364490; Type: INDEX; Schema: public; Owner: dbadmin
--

CREATE INDEX rbac_siteuserprofile_user_id_74364490 ON public.rbac_siteuserprofile USING btree (user_id);


--
-- Name: auth_group_permissions auth_group_permissio_permission_id_84c5c92e_fk_auth_perm; Type: FK CONSTRAINT; Schema: public; Owner: dbadmin
--

ALTER TABLE ONLY public.auth_group_permissions
    ADD CONSTRAINT auth_group_permissio_permission_id_84c5c92e_fk_auth_perm FOREIGN KEY (permission_id) REFERENCES public.auth_permission(id) DEFERRABLE INITIALLY DEFERRED;


--
-- Name: auth_group_permissions auth_group_permissions_group_id_b120cbf9_fk_auth_group_id; Type: FK CONSTRAINT; Schema: public; Owner: dbadmin
--

ALTER TABLE ONLY public.auth_group_permissions
    ADD CONSTRAINT auth_group_permissions_group_id_b120cbf9_fk_auth_group_id FOREIGN KEY (group_id) REFERENCES public.auth_group(id) DEFERRABLE INITIALLY DEFERRED;


--
-- Name: auth_permission auth_permission_content_type_id_2f476e4b_fk_django_co; Type: FK CONSTRAINT; Schema: public; Owner: dbadmin
--

ALTER TABLE ONLY public.auth_permission
    ADD CONSTRAINT auth_permission_content_type_id_2f476e4b_fk_django_co FOREIGN KEY (content_type_id) REFERENCES public.django_content_type(id) DEFERRABLE INITIALLY DEFERRED;


--
-- Name: auth_user_groups auth_user_groups_group_id_97559544_fk_auth_group_id; Type: FK CONSTRAINT; Schema: public; Owner: dbadmin
--

ALTER TABLE ONLY public.auth_user_groups
    ADD CONSTRAINT auth_user_groups_group_id_97559544_fk_auth_group_id FOREIGN KEY (group_id) REFERENCES public.auth_group(id) DEFERRABLE INITIALLY DEFERRED;


--
-- Name: auth_user_groups auth_user_groups_user_id_6a12ed8b_fk_auth_user_id; Type: FK CONSTRAINT; Schema: public; Owner: dbadmin
--

ALTER TABLE ONLY public.auth_user_groups
    ADD CONSTRAINT auth_user_groups_user_id_6a12ed8b_fk_auth_user_id FOREIGN KEY (user_id) REFERENCES public.auth_user(id) DEFERRABLE INITIALLY DEFERRED;


--
-- Name: auth_user_user_permissions auth_user_user_permi_permission_id_1fbb5f2c_fk_auth_perm; Type: FK CONSTRAINT; Schema: public; Owner: dbadmin
--

ALTER TABLE ONLY public.auth_user_user_permissions
    ADD CONSTRAINT auth_user_user_permi_permission_id_1fbb5f2c_fk_auth_perm FOREIGN KEY (permission_id) REFERENCES public.auth_permission(id) DEFERRABLE INITIALLY DEFERRED;


--
-- Name: auth_user_user_permissions auth_user_user_permissions_user_id_a95ead1b_fk_auth_user_id; Type: FK CONSTRAINT; Schema: public; Owner: dbadmin
--

ALTER TABLE ONLY public.auth_user_user_permissions
    ADD CONSTRAINT auth_user_user_permissions_user_id_a95ead1b_fk_auth_user_id FOREIGN KEY (user_id) REFERENCES public.auth_user(id) DEFERRABLE INITIALLY DEFERRED;


--
-- Name: django_admin_log django_admin_log_content_type_id_c4bce8eb_fk_django_co; Type: FK CONSTRAINT; Schema: public; Owner: dbadmin
--

ALTER TABLE ONLY public.django_admin_log
    ADD CONSTRAINT django_admin_log_content_type_id_c4bce8eb_fk_django_co FOREIGN KEY (content_type_id) REFERENCES public.django_content_type(id) DEFERRABLE INITIALLY DEFERRED;


--
-- Name: django_admin_log django_admin_log_user_id_c564eba6_fk_auth_user_id; Type: FK CONSTRAINT; Schema: public; Owner: dbadmin
--

ALTER TABLE ONLY public.django_admin_log
    ADD CONSTRAINT django_admin_log_user_id_c564eba6_fk_auth_user_id FOREIGN KEY (user_id) REFERENCES public.auth_user(id) DEFERRABLE INITIALLY DEFERRED;


--
-- Name: finance_category finance_category_site_id_e27e7056_fk_django_site_id; Type: FK CONSTRAINT; Schema: public; Owner: dbadmin
--

ALTER TABLE ONLY public.finance_category
    ADD CONSTRAINT finance_category_site_id_e27e7056_fk_django_site_id FOREIGN KEY (site_id) REFERENCES public.django_site(id) DEFERRABLE INITIALLY DEFERRED;


--
-- Name: finance_financetransaction finance_financetrans_category_id_3959611a_fk_finance_c; Type: FK CONSTRAINT; Schema: public; Owner: dbadmin
--

ALTER TABLE ONLY public.finance_financetransaction
    ADD CONSTRAINT finance_financetrans_category_id_3959611a_fk_finance_c FOREIGN KEY (category_id) REFERENCES public.finance_category(id) DEFERRABLE INITIALLY DEFERRED;


--
-- Name: finance_financetransaction finance_financetrans_created_by_id_58c0f23f_fk_auth_user; Type: FK CONSTRAINT; Schema: public; Owner: dbadmin
--

ALTER TABLE ONLY public.finance_financetransaction
    ADD CONSTRAINT finance_financetrans_created_by_id_58c0f23f_fk_auth_user FOREIGN KEY (created_by_id) REFERENCES public.auth_user(id) DEFERRABLE INITIALLY DEFERRED;


--
-- Name: finance_financetransaction finance_financetransaction_site_id_245bb3d4_fk_django_site_id; Type: FK CONSTRAINT; Schema: public; Owner: dbadmin
--

ALTER TABLE ONLY public.finance_financetransaction
    ADD CONSTRAINT finance_financetransaction_site_id_245bb3d4_fk_django_site_id FOREIGN KEY (site_id) REFERENCES public.django_site(id) DEFERRABLE INITIALLY DEFERRED;


--
-- Name: finance_financialsummary finance_financialsummary_site_id_29a0fa81_fk_django_site_id; Type: FK CONSTRAINT; Schema: public; Owner: dbadmin
--

ALTER TABLE ONLY public.finance_financialsummary
    ADD CONSTRAINT finance_financialsummary_site_id_29a0fa81_fk_django_site_id FOREIGN KEY (site_id) REFERENCES public.django_site(id) DEFERRABLE INITIALLY DEFERRED;


--
-- Name: finance_inventorytransaction finance_inventorytra_invoice_id_e107081e_fk_portal_in; Type: FK CONSTRAINT; Schema: public; Owner: dbadmin
--

ALTER TABLE ONLY public.finance_inventorytransaction
    ADD CONSTRAINT finance_inventorytra_invoice_id_e107081e_fk_portal_in FOREIGN KEY (invoice_id) REFERENCES public.portal_invoice(id) DEFERRABLE INITIALLY DEFERRED;


--
-- Name: finance_inventorytransaction finance_inventorytra_product_id_ba349de7_fk_portal_pr; Type: FK CONSTRAINT; Schema: public; Owner: dbadmin
--

ALTER TABLE ONLY public.finance_inventorytransaction
    ADD CONSTRAINT finance_inventorytra_product_id_ba349de7_fk_portal_pr FOREIGN KEY (product_id) REFERENCES public.portal_product(id) DEFERRABLE INITIALLY DEFERRED;


--
-- Name: finance_inventorytransaction finance_inventorytra_purchase_order_id_d96c886a_fk_procureme; Type: FK CONSTRAINT; Schema: public; Owner: dbadmin
--

ALTER TABLE ONLY public.finance_inventorytransaction
    ADD CONSTRAINT finance_inventorytra_purchase_order_id_d96c886a_fk_procureme FOREIGN KEY (purchase_order_id) REFERENCES public.procurement_purchaseorder(id) DEFERRABLE INITIALLY DEFERRED;


--
-- Name: finance_inventorytransaction finance_inventorytransaction_site_id_4af52573_fk_django_site_id; Type: FK CONSTRAINT; Schema: public; Owner: dbadmin
--

ALTER TABLE ONLY public.finance_inventorytransaction
    ADD CONSTRAINT finance_inventorytransaction_site_id_4af52573_fk_django_site_id FOREIGN KEY (site_id) REFERENCES public.django_site(id) DEFERRABLE INITIALLY DEFERRED;


--
-- Name: portal_cart portal_cart_site_id_1aa65fc2_fk_django_site_id; Type: FK CONSTRAINT; Schema: public; Owner: dbadmin
--

ALTER TABLE ONLY public.portal_cart
    ADD CONSTRAINT portal_cart_site_id_1aa65fc2_fk_django_site_id FOREIGN KEY (site_id) REFERENCES public.django_site(id) DEFERRABLE INITIALLY DEFERRED;


--
-- Name: portal_cart portal_cart_user_id_a0416fb8_fk_auth_user_id; Type: FK CONSTRAINT; Schema: public; Owner: dbadmin
--

ALTER TABLE ONLY public.portal_cart
    ADD CONSTRAINT portal_cart_user_id_a0416fb8_fk_auth_user_id FOREIGN KEY (user_id) REFERENCES public.auth_user(id) DEFERRABLE INITIALLY DEFERRED;


--
-- Name: portal_cartitem portal_cartitem_cart_id_d0248d22_fk_portal_cart_id; Type: FK CONSTRAINT; Schema: public; Owner: dbadmin
--

ALTER TABLE ONLY public.portal_cartitem
    ADD CONSTRAINT portal_cartitem_cart_id_d0248d22_fk_portal_cart_id FOREIGN KEY (cart_id) REFERENCES public.portal_cart(id) DEFERRABLE INITIALLY DEFERRED;


--
-- Name: portal_cartitem portal_cartitem_product_id_95e56fa5_fk_portal_product_id; Type: FK CONSTRAINT; Schema: public; Owner: dbadmin
--

ALTER TABLE ONLY public.portal_cartitem
    ADD CONSTRAINT portal_cartitem_product_id_95e56fa5_fk_portal_product_id FOREIGN KEY (product_id) REFERENCES public.portal_product(id) DEFERRABLE INITIALLY DEFERRED;


--
-- Name: portal_cartitem portal_cartitem_site_id_d21df4b0_fk_django_site_id; Type: FK CONSTRAINT; Schema: public; Owner: dbadmin
--

ALTER TABLE ONLY public.portal_cartitem
    ADD CONSTRAINT portal_cartitem_site_id_d21df4b0_fk_django_site_id FOREIGN KEY (site_id) REFERENCES public.django_site(id) DEFERRABLE INITIALLY DEFERRED;


--
-- Name: portal_category portal_category_parent_id_e8f64490_fk_portal_category_id; Type: FK CONSTRAINT; Schema: public; Owner: dbadmin
--

ALTER TABLE ONLY public.portal_category
    ADD CONSTRAINT portal_category_parent_id_e8f64490_fk_portal_category_id FOREIGN KEY (parent_id) REFERENCES public.portal_category(id) DEFERRABLE INITIALLY DEFERRED;


--
-- Name: portal_category portal_category_site_id_05dcb258_fk_django_site_id; Type: FK CONSTRAINT; Schema: public; Owner: dbadmin
--

ALTER TABLE ONLY public.portal_category
    ADD CONSTRAINT portal_category_site_id_05dcb258_fk_django_site_id FOREIGN KEY (site_id) REFERENCES public.django_site(id) DEFERRABLE INITIALLY DEFERRED;


--
-- Name: portal_customer portal_customer_site_id_1feab244_fk_django_site_id; Type: FK CONSTRAINT; Schema: public; Owner: dbadmin
--

ALTER TABLE ONLY public.portal_customer
    ADD CONSTRAINT portal_customer_site_id_1feab244_fk_django_site_id FOREIGN KEY (site_id) REFERENCES public.django_site(id) DEFERRABLE INITIALLY DEFERRED;


--
-- Name: portal_invoice portal_invoice_customer_id_57ce33cf_fk_portal_customer_id; Type: FK CONSTRAINT; Schema: public; Owner: dbadmin
--

ALTER TABLE ONLY public.portal_invoice
    ADD CONSTRAINT portal_invoice_customer_id_57ce33cf_fk_portal_customer_id FOREIGN KEY (customer_id) REFERENCES public.portal_customer(id) DEFERRABLE INITIALLY DEFERRED;


--
-- Name: portal_invoice portal_invoice_site_id_5ba625f2_fk_django_site_id; Type: FK CONSTRAINT; Schema: public; Owner: dbadmin
--

ALTER TABLE ONLY public.portal_invoice
    ADD CONSTRAINT portal_invoice_site_id_5ba625f2_fk_django_site_id FOREIGN KEY (site_id) REFERENCES public.django_site(id) DEFERRABLE INITIALLY DEFERRED;


--
-- Name: portal_invoiceitem portal_invoiceitem_invoice_id_b9b62dc0_fk_portal_invoice_id; Type: FK CONSTRAINT; Schema: public; Owner: dbadmin
--

ALTER TABLE ONLY public.portal_invoiceitem
    ADD CONSTRAINT portal_invoiceitem_invoice_id_b9b62dc0_fk_portal_invoice_id FOREIGN KEY (invoice_id) REFERENCES public.portal_invoice(id) DEFERRABLE INITIALLY DEFERRED;


--
-- Name: portal_invoiceitem portal_invoiceitem_product_id_ac28485b_fk_portal_product_id; Type: FK CONSTRAINT; Schema: public; Owner: dbadmin
--

ALTER TABLE ONLY public.portal_invoiceitem
    ADD CONSTRAINT portal_invoiceitem_product_id_ac28485b_fk_portal_product_id FOREIGN KEY (product_id) REFERENCES public.portal_product(id) DEFERRABLE INITIALLY DEFERRED;


--
-- Name: portal_invoiceitem portal_invoiceitem_site_id_3e526a6c_fk_django_site_id; Type: FK CONSTRAINT; Schema: public; Owner: dbadmin
--

ALTER TABLE ONLY public.portal_invoiceitem
    ADD CONSTRAINT portal_invoiceitem_site_id_3e526a6c_fk_django_site_id FOREIGN KEY (site_id) REFERENCES public.django_site(id) DEFERRABLE INITIALLY DEFERRED;


--
-- Name: portal_order_items portal_order_items_cartitem_id_4ad2d0f9_fk_portal_cartitem_id; Type: FK CONSTRAINT; Schema: public; Owner: dbadmin
--

ALTER TABLE ONLY public.portal_order_items
    ADD CONSTRAINT portal_order_items_cartitem_id_4ad2d0f9_fk_portal_cartitem_id FOREIGN KEY (cartitem_id) REFERENCES public.portal_cartitem(id) DEFERRABLE INITIALLY DEFERRED;


--
-- Name: portal_order_items portal_order_items_order_id_cf61a11f_fk_portal_order_id; Type: FK CONSTRAINT; Schema: public; Owner: dbadmin
--

ALTER TABLE ONLY public.portal_order_items
    ADD CONSTRAINT portal_order_items_order_id_cf61a11f_fk_portal_order_id FOREIGN KEY (order_id) REFERENCES public.portal_order(id) DEFERRABLE INITIALLY DEFERRED;


--
-- Name: portal_order portal_order_site_id_464b62dd_fk_django_site_id; Type: FK CONSTRAINT; Schema: public; Owner: dbadmin
--

ALTER TABLE ONLY public.portal_order
    ADD CONSTRAINT portal_order_site_id_464b62dd_fk_django_site_id FOREIGN KEY (site_id) REFERENCES public.django_site(id) DEFERRABLE INITIALLY DEFERRED;


--
-- Name: portal_order portal_order_user_id_66e3ff23_fk_auth_user_id; Type: FK CONSTRAINT; Schema: public; Owner: dbadmin
--

ALTER TABLE ONLY public.portal_order
    ADD CONSTRAINT portal_order_user_id_66e3ff23_fk_auth_user_id FOREIGN KEY (user_id) REFERENCES public.auth_user(id) DEFERRABLE INITIALLY DEFERRED;


--
-- Name: portal_product portal_product_category_id_969edd5c_fk_portal_category_id; Type: FK CONSTRAINT; Schema: public; Owner: dbadmin
--

ALTER TABLE ONLY public.portal_product
    ADD CONSTRAINT portal_product_category_id_969edd5c_fk_portal_category_id FOREIGN KEY (category_id) REFERENCES public.portal_category(id) DEFERRABLE INITIALLY DEFERRED;


--
-- Name: portal_product portal_product_site_id_4e2e0982_fk_django_site_id; Type: FK CONSTRAINT; Schema: public; Owner: dbadmin
--

ALTER TABLE ONLY public.portal_product
    ADD CONSTRAINT portal_product_site_id_4e2e0982_fk_django_site_id FOREIGN KEY (site_id) REFERENCES public.django_site(id) DEFERRABLE INITIALLY DEFERRED;


--
-- Name: portal_productenquiry portal_productenquiry_site_id_323ef427_fk_django_site_id; Type: FK CONSTRAINT; Schema: public; Owner: dbadmin
--

ALTER TABLE ONLY public.portal_productenquiry
    ADD CONSTRAINT portal_productenquiry_site_id_323ef427_fk_django_site_id FOREIGN KEY (site_id) REFERENCES public.django_site(id) DEFERRABLE INITIALLY DEFERRED;


--
-- Name: procurement_purchaseitem procurement_purchase_product_id_a6fe7825_fk_portal_pr; Type: FK CONSTRAINT; Schema: public; Owner: dbadmin
--

ALTER TABLE ONLY public.procurement_purchaseitem
    ADD CONSTRAINT procurement_purchase_product_id_a6fe7825_fk_portal_pr FOREIGN KEY (product_id) REFERENCES public.portal_product(id) DEFERRABLE INITIALLY DEFERRED;


--
-- Name: procurement_purchasepayment procurement_purchase_purchase_order_id_53f43df3_fk_procureme; Type: FK CONSTRAINT; Schema: public; Owner: dbadmin
--

ALTER TABLE ONLY public.procurement_purchasepayment
    ADD CONSTRAINT procurement_purchase_purchase_order_id_53f43df3_fk_procureme FOREIGN KEY (purchase_order_id) REFERENCES public.procurement_purchaseorder(id) DEFERRABLE INITIALLY DEFERRED;


--
-- Name: procurement_purchaseitem procurement_purchase_purchase_order_id_68afb628_fk_procureme; Type: FK CONSTRAINT; Schema: public; Owner: dbadmin
--

ALTER TABLE ONLY public.procurement_purchaseitem
    ADD CONSTRAINT procurement_purchase_purchase_order_id_68afb628_fk_procureme FOREIGN KEY (purchase_order_id) REFERENCES public.procurement_purchaseorder(id) DEFERRABLE INITIALLY DEFERRED;


--
-- Name: procurement_purchaseorder procurement_purchase_supplier_id_119eb9cd_fk_procureme; Type: FK CONSTRAINT; Schema: public; Owner: dbadmin
--

ALTER TABLE ONLY public.procurement_purchaseorder
    ADD CONSTRAINT procurement_purchase_supplier_id_119eb9cd_fk_procureme FOREIGN KEY (supplier_id) REFERENCES public.procurement_supplier(id) DEFERRABLE INITIALLY DEFERRED;


--
-- Name: procurement_purchaseorder procurement_purchaseorder_site_id_f7727909_fk_django_site_id; Type: FK CONSTRAINT; Schema: public; Owner: dbadmin
--

ALTER TABLE ONLY public.procurement_purchaseorder
    ADD CONSTRAINT procurement_purchaseorder_site_id_f7727909_fk_django_site_id FOREIGN KEY (site_id) REFERENCES public.django_site(id) DEFERRABLE INITIALLY DEFERRED;


--
-- Name: procurement_supplier procurement_supplier_site_id_e1906699_fk_django_site_id; Type: FK CONSTRAINT; Schema: public; Owner: dbadmin
--

ALTER TABLE ONLY public.procurement_supplier
    ADD CONSTRAINT procurement_supplier_site_id_e1906699_fk_django_site_id FOREIGN KEY (site_id) REFERENCES public.django_site(id) DEFERRABLE INITIALLY DEFERRED;


--
-- Name: rbac_emailverification rbac_emailverification_user_id_eade5a66_fk_auth_user_id; Type: FK CONSTRAINT; Schema: public; Owner: dbadmin
--

ALTER TABLE ONLY public.rbac_emailverification
    ADD CONSTRAINT rbac_emailverification_user_id_eade5a66_fk_auth_user_id FOREIGN KEY (user_id) REFERENCES public.auth_user(id) DEFERRABLE INITIALLY DEFERRED;


--
-- Name: rbac_sitepermissionlog rbac_sitepermissionlog_changed_by_id_a952010b_fk_auth_user_id; Type: FK CONSTRAINT; Schema: public; Owner: dbadmin
--

ALTER TABLE ONLY public.rbac_sitepermissionlog
    ADD CONSTRAINT rbac_sitepermissionlog_changed_by_id_a952010b_fk_auth_user_id FOREIGN KEY (changed_by_id) REFERENCES public.auth_user(id) DEFERRABLE INITIALLY DEFERRED;


--
-- Name: rbac_sitepermissionlog rbac_sitepermissionlog_site_id_adb536ab_fk_django_site_id; Type: FK CONSTRAINT; Schema: public; Owner: dbadmin
--

ALTER TABLE ONLY public.rbac_sitepermissionlog
    ADD CONSTRAINT rbac_sitepermissionlog_site_id_adb536ab_fk_django_site_id FOREIGN KEY (site_id) REFERENCES public.django_site(id) DEFERRABLE INITIALLY DEFERRED;


--
-- Name: rbac_sitepermissionlog rbac_sitepermissionlog_user_id_d6661d99_fk_auth_user_id; Type: FK CONSTRAINT; Schema: public; Owner: dbadmin
--

ALTER TABLE ONLY public.rbac_sitepermissionlog
    ADD CONSTRAINT rbac_sitepermissionlog_user_id_d6661d99_fk_auth_user_id FOREIGN KEY (user_id) REFERENCES public.auth_user(id) DEFERRABLE INITIALLY DEFERRED;


--
-- Name: rbac_siterole rbac_siterole_site_id_70f87136_fk_django_site_id; Type: FK CONSTRAINT; Schema: public; Owner: dbadmin
--

ALTER TABLE ONLY public.rbac_siterole
    ADD CONSTRAINT rbac_siterole_site_id_70f87136_fk_django_site_id FOREIGN KEY (site_id) REFERENCES public.django_site(id) DEFERRABLE INITIALLY DEFERRED;


--
-- Name: rbac_siteuserprofile rbac_siteuserprofile_role_id_00ed4aec_fk_rbac_siterole_id; Type: FK CONSTRAINT; Schema: public; Owner: dbadmin
--

ALTER TABLE ONLY public.rbac_siteuserprofile
    ADD CONSTRAINT rbac_siteuserprofile_role_id_00ed4aec_fk_rbac_siterole_id FOREIGN KEY (role_id) REFERENCES public.rbac_siterole(id) DEFERRABLE INITIALLY DEFERRED;


--
-- Name: rbac_siteuserprofile rbac_siteuserprofile_site_id_b7e7d488_fk_django_site_id; Type: FK CONSTRAINT; Schema: public; Owner: dbadmin
--

ALTER TABLE ONLY public.rbac_siteuserprofile
    ADD CONSTRAINT rbac_siteuserprofile_site_id_b7e7d488_fk_django_site_id FOREIGN KEY (site_id) REFERENCES public.django_site(id) DEFERRABLE INITIALLY DEFERRED;


--
-- Name: rbac_siteuserprofile rbac_siteuserprofile_user_id_74364490_fk_auth_user_id; Type: FK CONSTRAINT; Schema: public; Owner: dbadmin
--

ALTER TABLE ONLY public.rbac_siteuserprofile
    ADD CONSTRAINT rbac_siteuserprofile_user_id_74364490_fk_auth_user_id FOREIGN KEY (user_id) REFERENCES public.auth_user(id) DEFERRABLE INITIALLY DEFERRED;


--
-- PostgreSQL database dump complete
--

